Month,Year,Area,ISO 3 Code,Source,Is aggregate source,Unit,Installed Capacity,Capacity additions (month-on-month),Capacity additions (year-to-date)
1.0,2016.0,Argentina,ARG,Solar,0,GWAC,0.01,0.0,0.0
2.0,2016.0,Argentina,ARG,Solar,0,GWAC,0.01,0.0,0.0
3.0,2016.0,Argentina,ARG,Solar,0,GWAC,0.01,0.0,0.0
4.0,2016.0,Argentina,ARG,Solar,0,GWAC,0.01,0.0,0.0
5.0,2016.0,Argentina,ARG,Solar,0,GWAC,0.01,0.0,0.0
6.0,2016.0,Argentina,ARG,Solar,0,GWAC,0.01,0.0,0.0
7.0,2016.0,Argentina,ARG,Solar,0,GWAC,0.01,0.0,0.0
8.0,2016.0,Argentina,ARG,Solar,0,GWAC,0.01,0.0,0.0
9.0,2016.0,Argentina,ARG,Solar,0,GWAC,0.01,0.0,0.0
10.0,2016.0,Argentina,ARG,Solar,0,GWAC,0.01,0.0,0.0
11.0,2016.0,Argentina,ARG,Solar,0,GWAC,0.01,0.0,0.0
12.0,2016.0,Argentina,ARG,Solar,0,GWAC,0.01,0.0,0.0
1.0,2017.0,Argentina,ARG,Solar,0,GWAC,0.01,0.0,0.0
2.0,2017.0,Argentina,ARG,Solar,0,GWAC,0.01,0.0,0.0
3.0,2017.0,Argentina,ARG,Solar,0,GWAC,0.01,0.0,0.0
4.0,2017.0,Argentina,ARG,Solar,0,GWAC,0.01,0.0,0.0
5.0,2017.0,Argentina,ARG,Solar,0,GWAC,0.01,0.0,0.0
6.0,2017.0,Argentina,ARG,Solar,0,GWAC,0.01,0.0,0.0
7.0,2017.0,Argentina,ARG,Solar,0,GWAC,0.01,0.0,0.0
8.0,2017.0,Argentina,ARG,Solar,0,GWAC,0.01,0.0,0.0
9.0,2017.0,Argentina,ARG,Solar,0,GWAC,0.01,0.0,0.0
10.0,2017.0,Argentina,ARG,Solar,0,GWAC,0.01,0.0,0.0
11.0,2017.0,Argentina,ARG,Solar,0,GWAC,0.01,0.0,0.0
12.0,2017.0,Argentina,ARG,Solar,0,GWAC,0.01,0.0,0.0
1.0,2018.0,Argentina,ARG,Solar,0,GWAC,0.01,0.0,0.0
2.0,2018.0,Argentina,ARG,Solar,0,GWAC,0.01,0.0,0.0
3.0,2018.0,Argentina,ARG,Solar,0,GWAC,0.01,0.0,0.0
4.0,2018.0,Argentina,ARG,Solar,0,GWAC,0.01,0.0,0.0
5.0,2018.0,Argentina,ARG,Solar,0,GWAC,0.01,0.0,0.0
6.0,2018.0,Argentina,ARG,Solar,0,GWAC,0.01,0.0,0.0
7.0,2018.0,Argentina,ARG,Solar,0,GWAC,0.03,0.02,0.02
8.0,2018.0,Argentina,ARG,Solar,0,GWAC,0.03,0.0,0.02
9.0,2018.0,Argentina,ARG,Solar,0,GWAC,0.03,0.0,0.02
10.0,2018.0,Argentina,ARG,Solar,0,GWAC,0.05,0.02,0.04
11.0,2018.0,Argentina,ARG,Solar,0,GWAC,0.05,0.0,0.04
12.0,2018.0,Argentina,ARG,Solar,0,GWAC,0.15,0.1,0.14
1.0,2019.0,Argentina,ARG,Solar,0,GWAC,0.15,0.0,0.0
2.0,2019.0,Argentina,ARG,Solar,0,GWAC,0.16,0.01,0.01
3.0,2019.0,Argentina,ARG,Solar,0,GWAC,0.22,0.06,0.07
4.0,2019.0,Argentina,ARG,Solar,0,GWAC,0.24,0.02,0.09
5.0,2019.0,Argentina,ARG,Solar,0,GWAC,0.24,0.0,0.09
6.0,2019.0,Argentina,ARG,Solar,0,GWAC,0.25,0.01,0.1
7.0,2019.0,Argentina,ARG,Solar,0,GWAC,0.32,0.07,0.17
8.0,2019.0,Argentina,ARG,Solar,0,GWAC,0.32,0.0,0.17
9.0,2019.0,Argentina,ARG,Solar,0,GWAC,0.33,0.01,0.18
10.0,2019.0,Argentina,ARG,Solar,0,GWAC,0.33,0.0,0.18
11.0,2019.0,Argentina,ARG,Solar,0,GWAC,0.33,0.0,0.18
12.0,2019.0,Argentina,ARG,Solar,0,GWAC,0.34,0.01,0.19
1.0,2020.0,Argentina,ARG,Solar,0,GWAC,0.35,0.01,0.01
2.0,2020.0,Argentina,ARG,Solar,0,GWAC,0.35,0.0,0.01
3.0,2020.0,Argentina,ARG,Solar,0,GWAC,0.35,0.0,0.01
4.0,2020.0,Argentina,ARG,Solar,0,GWAC,0.35,0.0,0.01
5.0,2020.0,Argentina,ARG,Solar,0,GWAC,0.35,0.0,0.01
6.0,2020.0,Argentina,ARG,Solar,0,GWAC,0.35,0.0,0.01
7.0,2020.0,Argentina,ARG,Solar,0,GWAC,0.35,0.0,0.01
8.0,2020.0,Argentina,ARG,Solar,0,GWAC,0.35,0.0,0.01
9.0,2020.0,Argentina,ARG,Solar,0,GWAC,0.58,0.23,0.24
10.0,2020.0,Argentina,ARG,Solar,0,GWAC,0.58,0.0,0.24
11.0,2020.0,Argentina,ARG,Solar,0,GWAC,0.58,0.0,0.24
12.0,2020.0,Argentina,ARG,Solar,0,GWAC,0.58,0.0,0.24
1.0,2021.0,Argentina,ARG,Solar,0,GWAC,0.58,0.0,0.0
2.0,2021.0,Argentina,ARG,Solar,0,GWAC,0.58,0.0,0.0
3.0,2021.0,Argentina,ARG,Solar,0,GWAC,0.58,0.0,0.0
4.0,2021.0,Argentina,ARG,Solar,0,GWAC,0.58,0.0,0.0
5.0,2021.0,Argentina,ARG,Solar,0,GWAC,0.58,0.0,0.0
6.0,2021.0,Argentina,ARG,Solar,0,GWAC,0.58,0.0,0.0
7.0,2021.0,Argentina,ARG,Solar,0,GWAC,0.66,0.08,0.08
8.0,2021.0,Argentina,ARG,Solar,0,GWAC,0.66,0.0,0.08
9.0,2021.0,Argentina,ARG,Solar,0,GWAC,0.66,0.0,0.08
10.0,2021.0,Argentina,ARG,Solar,0,GWAC,0.82,0.16,0.24
11.0,2021.0,Argentina,ARG,Solar,0,GWAC,0.82,0.0,0.24
12.0,2021.0,Argentina,ARG,Solar,0,GWAC,0.82,0.0,0.24
1.0,2022.0,Argentina,ARG,Solar,0,GWAC,0.82,0.0,0.0
2.0,2022.0,Argentina,ARG,Solar,0,GWAC,0.82,0.0,0.0
3.0,2022.0,Argentina,ARG,Solar,0,GWAC,0.82,0.0,0.0
4.0,2022.0,Argentina,ARG,Solar,0,GWAC,0.82,0.0,0.0
5.0,2022.0,Argentina,ARG,Solar,0,GWAC,0.83,0.01,0.01
6.0,2022.0,Argentina,ARG,Solar,0,GWAC,0.83,0.0,0.01
7.0,2022.0,Argentina,ARG,Solar,0,GWAC,0.83,0.0,0.01
8.0,2022.0,Argentina,ARG,Solar,0,GWAC,0.83,0.0,0.01
9.0,2022.0,Argentina,ARG,Solar,0,GWAC,0.83,0.0,0.01
10.0,2022.0,Argentina,ARG,Solar,0,GWAC,0.83,0.0,0.01
11.0,2022.0,Argentina,ARG,Solar,0,GWAC,0.84,0.01,0.02
12.0,2022.0,Argentina,ARG,Solar,0,GWAC,0.84,0.0,0.02
1.0,2023.0,Argentina,ARG,Solar,0,GWAC,0.85,0.01,0.01
2.0,2023.0,Argentina,ARG,Solar,0,GWAC,0.88,0.03,0.04
3.0,2023.0,Argentina,ARG,Solar,0,GWAC,0.9,0.02,0.06
4.0,2023.0,Argentina,ARG,Solar,0,GWAC,0.95,0.05,0.11
5.0,2023.0,Argentina,ARG,Solar,0,GWAC,0.99,0.04,0.15
6.0,2023.0,Argentina,ARG,Solar,0,GWAC,1.01,0.02,0.17
7.0,2023.0,Argentina,ARG,Solar,0,GWAC,1.01,0.0,0.17
8.0,2023.0,Argentina,ARG,Solar,0,GWAC,1.01,0.0,0.17
9.0,2023.0,Argentina,ARG,Solar,0,GWAC,1.01,0.0,0.17
10.0,2023.0,Argentina,ARG,Solar,0,GWAC,1.01,0.0,0.17
11.0,2023.0,Argentina,ARG,Solar,0,GWAC,1.01,0.0,0.17
12.0,2023.0,Argentina,ARG,Solar,0,GWAC,1.05,0.04,0.21
1.0,2024.0,Argentina,ARG,Solar,0,GWAC,1.08,0.03,0.03
2.0,2024.0,Argentina,ARG,Solar,0,GWAC,1.1,0.02,0.05
3.0,2024.0,Argentina,ARG,Solar,0,GWAC,1.12,0.02,0.07
4.0,2024.0,Argentina,ARG,Solar,0,GWAC,1.12,0.0,0.07
5.0,2024.0,Argentina,ARG,Solar,0,GWAC,1.13,0.01,0.08
6.0,2024.0,Argentina,ARG,Solar,0,GWAC,1.13,0.0,0.08
7.0,2024.0,Argentina,ARG,Solar,0,GWAC,1.13,0.0,0.08
8.0,2024.0,Argentina,ARG,Solar,0,GWAC,1.19,0.06,0.14
9.0,2024.0,Argentina,ARG,Solar,0,GWAC,1.22,0.03,0.17
10.0,2024.0,Argentina,ARG,Solar,0,GWAC,1.26,0.04,0.21
11.0,2024.0,Argentina,ARG,Solar,0,GWAC,1.28,0.02,0.23
12.0,2024.0,Argentina,ARG,Solar,0,GWAC,1.29,0.01,0.24
1.0,2025.0,Argentina,ARG,Solar,0,GWAC,1.37,0.08,0.08
2.0,2025.0,Argentina,ARG,Solar,0,GWAC,1.41,0.04,0.12
3.0,2025.0,Argentina,ARG,Solar,0,GWAC,1.44,0.03,0.15
4.0,2025.0,Argentina,ARG,Solar,0,GWAC,1.47,0.03,0.18
5.0,2025.0,Argentina,ARG,Solar,0,GWAC,1.49,0.02,0.2
6.0,2025.0,Argentina,ARG,Solar,0,GWAC,1.6,0.11,0.31
7.0,2025.0,Argentina,ARG,Solar,0,GWAC,1.62,0.02,0.33
1.0,2016.0,Argentina,ARG,Solar,0,GWDC,0.01,0.0,0.0
2.0,2016.0,Argentina,ARG,Solar,0,GWDC,0.01,0.0,0.0
3.0,2016.0,Argentina,ARG,Solar,0,GWDC,0.01,0.0,0.0
4.0,2016.0,Argentina,ARG,Solar,0,GWDC,0.01,0.0,0.0
5.0,2016.0,Argentina,ARG,Solar,0,GWDC,0.01,0.0,0.0
6.0,2016.0,Argentina,ARG,Solar,0,GWDC,0.01,0.0,0.0
7.0,2016.0,Argentina,ARG,Solar,0,GWDC,0.01,0.0,0.0
8.0,2016.0,Argentina,ARG,Solar,0,GWDC,0.01,0.0,0.0
9.0,2016.0,Argentina,ARG,Solar,0,GWDC,0.01,0.0,0.0
10.0,2016.0,Argentina,ARG,Solar,0,GWDC,0.01,0.0,0.0
11.0,2016.0,Argentina,ARG,Solar,0,GWDC,0.01,0.0,0.0
12.0,2016.0,Argentina,ARG,Solar,0,GWDC,0.01,0.0,0.0
1.0,2017.0,Argentina,ARG,Solar,0,GWDC,0.01,0.0,0.0
2.0,2017.0,Argentina,ARG,Solar,0,GWDC,0.01,0.0,0.0
3.0,2017.0,Argentina,ARG,Solar,0,GWDC,0.01,0.0,0.0
4.0,2017.0,Argentina,ARG,Solar,0,GWDC,0.01,0.0,0.0
5.0,2017.0,Argentina,ARG,Solar,0,GWDC,0.01,0.0,0.0
6.0,2017.0,Argentina,ARG,Solar,0,GWDC,0.01,0.0,0.0
7.0,2017.0,Argentina,ARG,Solar,0,GWDC,0.01,0.0,0.0
8.0,2017.0,Argentina,ARG,Solar,0,GWDC,0.01,0.0,0.0
9.0,2017.0,Argentina,ARG,Solar,0,GWDC,0.01,0.0,0.0
10.0,2017.0,Argentina,ARG,Solar,0,GWDC,0.01,0.0,0.0
11.0,2017.0,Argentina,ARG,Solar,0,GWDC,0.01,0.0,0.0
12.0,2017.0,Argentina,ARG,Solar,0,GWDC,0.01,0.0,0.0
1.0,2018.0,Argentina,ARG,Solar,0,GWDC,0.01,0.0,0.0
2.0,2018.0,Argentina,ARG,Solar,0,GWDC,0.01,0.0,0.0
3.0,2018.0,Argentina,ARG,Solar,0,GWDC,0.01,0.0,0.0
4.0,2018.0,Argentina,ARG,Solar,0,GWDC,0.01,0.0,0.0
5.0,2018.0,Argentina,ARG,Solar,0,GWDC,0.01,0.0,0.0
6.0,2018.0,Argentina,ARG,Solar,0,GWDC,0.01,0.0,0.0
7.0,2018.0,Argentina,ARG,Solar,0,GWDC,0.03,0.02,0.02
8.0,2018.0,Argentina,ARG,Solar,0,GWDC,0.03,0.0,0.02
9.0,2018.0,Argentina,ARG,Solar,0,GWDC,0.04,0.01,0.03
10.0,2018.0,Argentina,ARG,Solar,0,GWDC,0.06,0.02,0.05
11.0,2018.0,Argentina,ARG,Solar,0,GWDC,0.06,0.0,0.05
12.0,2018.0,Argentina,ARG,Solar,0,GWDC,0.19,0.13,0.18
1.0,2019.0,Argentina,ARG,Solar,0,GWDC,0.19,0.0,0.0
2.0,2019.0,Argentina,ARG,Solar,0,GWDC,0.21,0.02,0.02
3.0,2019.0,Argentina,ARG,Solar,0,GWDC,0.29,0.08,0.1
4.0,2019.0,Argentina,ARG,Solar,0,GWDC,0.32,0.03,0.13
5.0,2019.0,Argentina,ARG,Solar,0,GWDC,0.32,0.0,0.13
6.0,2019.0,Argentina,ARG,Solar,0,GWDC,0.33,0.01,0.14
7.0,2019.0,Argentina,ARG,Solar,0,GWDC,0.42,0.09,0.23
8.0,2019.0,Argentina,ARG,Solar,0,GWDC,0.42,0.0,0.23
9.0,2019.0,Argentina,ARG,Solar,0,GWDC,0.43,0.01,0.24
10.0,2019.0,Argentina,ARG,Solar,0,GWDC,0.43,0.0,0.24
11.0,2019.0,Argentina,ARG,Solar,0,GWDC,0.43,0.0,0.24
12.0,2019.0,Argentina,ARG,Solar,0,GWDC,0.44,0.01,0.25
1.0,2020.0,Argentina,ARG,Solar,0,GWDC,0.45,0.01,0.01
2.0,2020.0,Argentina,ARG,Solar,0,GWDC,0.45,0.0,0.01
3.0,2020.0,Argentina,ARG,Solar,0,GWDC,0.46,0.01,0.02
4.0,2020.0,Argentina,ARG,Solar,0,GWDC,0.46,0.0,0.02
5.0,2020.0,Argentina,ARG,Solar,0,GWDC,0.46,0.0,0.02
6.0,2020.0,Argentina,ARG,Solar,0,GWDC,0.46,0.0,0.02
7.0,2020.0,Argentina,ARG,Solar,0,GWDC,0.46,0.0,0.02
8.0,2020.0,Argentina,ARG,Solar,0,GWDC,0.46,0.0,0.02
9.0,2020.0,Argentina,ARG,Solar,0,GWDC,0.76,0.3,0.32
10.0,2020.0,Argentina,ARG,Solar,0,GWDC,0.76,0.0,0.32
11.0,2020.0,Argentina,ARG,Solar,0,GWDC,0.76,0.0,0.32
12.0,2020.0,Argentina,ARG,Solar,0,GWDC,0.76,0.0,0.32
1.0,2021.0,Argentina,ARG,Solar,0,GWDC,0.76,0.0,0.0
2.0,2021.0,Argentina,ARG,Solar,0,GWDC,0.76,0.0,0.0
3.0,2021.0,Argentina,ARG,Solar,0,GWDC,0.76,0.0,0.0
4.0,2021.0,Argentina,ARG,Solar,0,GWDC,0.76,0.0,0.0
5.0,2021.0,Argentina,ARG,Solar,0,GWDC,0.76,0.0,0.0
6.0,2021.0,Argentina,ARG,Solar,0,GWDC,0.76,0.0,0.0
7.0,2021.0,Argentina,ARG,Solar,0,GWDC,0.86,0.1,0.1
8.0,2021.0,Argentina,ARG,Solar,0,GWDC,0.86,0.0,0.1
9.0,2021.0,Argentina,ARG,Solar,0,GWDC,0.86,0.0,0.1
10.0,2021.0,Argentina,ARG,Solar,0,GWDC,1.06,0.2,0.3
11.0,2021.0,Argentina,ARG,Solar,0,GWDC,1.06,0.0,0.3
12.0,2021.0,Argentina,ARG,Solar,0,GWDC,1.06,0.0,0.3
1.0,2022.0,Argentina,ARG,Solar,0,GWDC,1.06,0.0,0.0
2.0,2022.0,Argentina,ARG,Solar,0,GWDC,1.06,0.0,0.0
3.0,2022.0,Argentina,ARG,Solar,0,GWDC,1.06,0.0,0.0
4.0,2022.0,Argentina,ARG,Solar,0,GWDC,1.06,0.0,0.0
5.0,2022.0,Argentina,ARG,Solar,0,GWDC,1.08,0.02,0.02
6.0,2022.0,Argentina,ARG,Solar,0,GWDC,1.08,0.0,0.02
7.0,2022.0,Argentina,ARG,Solar,0,GWDC,1.08,0.0,0.02
8.0,2022.0,Argentina,ARG,Solar,0,GWDC,1.08,0.0,0.02
9.0,2022.0,Argentina,ARG,Solar,0,GWDC,1.08,0.0,0.02
10.0,2022.0,Argentina,ARG,Solar,0,GWDC,1.08,0.0,0.02
11.0,2022.0,Argentina,ARG,Solar,0,GWDC,1.09,0.01,0.03
12.0,2022.0,Argentina,ARG,Solar,0,GWDC,1.09,0.0,0.03
1.0,2023.0,Argentina,ARG,Solar,0,GWDC,1.11,0.02,0.02
2.0,2023.0,Argentina,ARG,Solar,0,GWDC,1.14,0.03,0.05
3.0,2023.0,Argentina,ARG,Solar,0,GWDC,1.16,0.02,0.07
4.0,2023.0,Argentina,ARG,Solar,0,GWDC,1.24,0.08,0.15
5.0,2023.0,Argentina,ARG,Solar,0,GWDC,1.29,0.05,0.2
6.0,2023.0,Argentina,ARG,Solar,0,GWDC,1.31,0.02,0.22
7.0,2023.0,Argentina,ARG,Solar,0,GWDC,1.31,0.0,0.22
8.0,2023.0,Argentina,ARG,Solar,0,GWDC,1.31,0.0,0.22
9.0,2023.0,Argentina,ARG,Solar,0,GWDC,1.31,0.0,0.22
10.0,2023.0,Argentina,ARG,Solar,0,GWDC,1.31,0.0,0.22
11.0,2023.0,Argentina,ARG,Solar,0,GWDC,1.31,0.0,0.22
12.0,2023.0,Argentina,ARG,Solar,0,GWDC,1.37,0.06,0.28
1.0,2024.0,Argentina,ARG,Solar,0,GWDC,1.41,0.04,0.04
2.0,2024.0,Argentina,ARG,Solar,0,GWDC,1.43,0.02,0.06
3.0,2024.0,Argentina,ARG,Solar,0,GWDC,1.45,0.02,0.08
4.0,2024.0,Argentina,ARG,Solar,0,GWDC,1.46,0.01,0.09
5.0,2024.0,Argentina,ARG,Solar,0,GWDC,1.47,0.01,0.1
6.0,2024.0,Argentina,ARG,Solar,0,GWDC,1.47,0.0,0.1
7.0,2024.0,Argentina,ARG,Solar,0,GWDC,1.47,0.0,0.1
8.0,2024.0,Argentina,ARG,Solar,0,GWDC,1.54,0.07,0.17
9.0,2024.0,Argentina,ARG,Solar,0,GWDC,1.58,0.04,0.21
10.0,2024.0,Argentina,ARG,Solar,0,GWDC,1.63,0.05,0.26
11.0,2024.0,Argentina,ARG,Solar,0,GWDC,1.66,0.03,0.29
12.0,2024.0,Argentina,ARG,Solar,0,GWDC,1.67,0.01,0.3
1.0,2025.0,Argentina,ARG,Solar,0,GWDC,1.78,0.11,0.11
2.0,2025.0,Argentina,ARG,Solar,0,GWDC,1.83,0.05,0.16
3.0,2025.0,Argentina,ARG,Solar,0,GWDC,1.88,0.05,0.21
4.0,2025.0,Argentina,ARG,Solar,0,GWDC,1.91,0.03,0.24
5.0,2025.0,Argentina,ARG,Solar,0,GWDC,1.93,0.02,0.26
6.0,2025.0,Argentina,ARG,Solar,0,GWDC,2.08,0.15,0.41
7.0,2025.0,Argentina,ARG,Solar,0,GWDC,2.1,0.02,0.43
1.0,2016.0,Argentina,ARG,Wind onshore,0,GW,0.19,0.0,0.0
2.0,2016.0,Argentina,ARG,Wind onshore,0,GW,0.19,0.0,0.0
3.0,2016.0,Argentina,ARG,Wind onshore,0,GW,0.19,0.0,0.0
4.0,2016.0,Argentina,ARG,Wind onshore,0,GW,0.2,0.01,0.01
5.0,2016.0,Argentina,ARG,Wind onshore,0,GW,0.19,-0.01,0.0
6.0,2016.0,Argentina,ARG,Wind onshore,0,GW,0.19,0.0,0.0
7.0,2016.0,Argentina,ARG,Wind onshore,0,GW,0.19,0.0,0.0
8.0,2016.0,Argentina,ARG,Wind onshore,0,GW,0.19,0.0,0.0
9.0,2016.0,Argentina,ARG,Wind onshore,0,GW,0.19,0.0,0.0
10.0,2016.0,Argentina,ARG,Wind onshore,0,GW,0.19,0.0,0.0
11.0,2016.0,Argentina,ARG,Wind onshore,0,GW,0.19,0.0,0.0
12.0,2016.0,Argentina,ARG,Wind onshore,0,GW,0.19,0.0,0.0
1.0,2017.0,Argentina,ARG,Wind onshore,0,GW,0.19,0.0,0.0
2.0,2017.0,Argentina,ARG,Wind onshore,0,GW,0.2,0.01,0.01
3.0,2017.0,Argentina,ARG,Wind onshore,0,GW,0.2,0.0,0.01
4.0,2017.0,Argentina,ARG,Wind onshore,0,GW,0.2,0.0,0.01
5.0,2017.0,Argentina,ARG,Wind onshore,0,GW,0.2,0.0,0.01
6.0,2017.0,Argentina,ARG,Wind onshore,0,GW,0.2,0.0,0.01
7.0,2017.0,Argentina,ARG,Wind onshore,0,GW,0.2,0.0,0.01
8.0,2017.0,Argentina,ARG,Wind onshore,0,GW,0.2,0.0,0.01
9.0,2017.0,Argentina,ARG,Wind onshore,0,GW,0.2,0.0,0.01
10.0,2017.0,Argentina,ARG,Wind onshore,0,GW,0.2,0.0,0.01
11.0,2017.0,Argentina,ARG,Wind onshore,0,GW,0.2,0.0,0.01
12.0,2017.0,Argentina,ARG,Wind onshore,0,GW,0.23,0.03,0.04
1.0,2018.0,Argentina,ARG,Wind onshore,0,GW,0.23,0.0,0.0
2.0,2018.0,Argentina,ARG,Wind onshore,0,GW,0.23,0.0,0.0
3.0,2018.0,Argentina,ARG,Wind onshore,0,GW,0.23,0.0,0.0
4.0,2018.0,Argentina,ARG,Wind onshore,0,GW,0.23,0.0,0.0
5.0,2018.0,Argentina,ARG,Wind onshore,0,GW,0.23,0.0,0.0
6.0,2018.0,Argentina,ARG,Wind onshore,0,GW,0.33,0.1,0.1
7.0,2018.0,Argentina,ARG,Wind onshore,0,GW,0.38,0.05,0.15
8.0,2018.0,Argentina,ARG,Wind onshore,0,GW,0.48,0.1,0.25
9.0,2018.0,Argentina,ARG,Wind onshore,0,GW,0.52,0.04,0.29
10.0,2018.0,Argentina,ARG,Wind onshore,0,GW,0.57,0.05,0.34
11.0,2018.0,Argentina,ARG,Wind onshore,0,GW,0.64,0.07,0.41
12.0,2018.0,Argentina,ARG,Wind onshore,0,GW,0.75,0.11,0.52
1.0,2019.0,Argentina,ARG,Wind onshore,0,GW,0.75,0.0,0.0
2.0,2019.0,Argentina,ARG,Wind onshore,0,GW,0.8,0.05,0.05
3.0,2019.0,Argentina,ARG,Wind onshore,0,GW,0.9,0.1,0.15
4.0,2019.0,Argentina,ARG,Wind onshore,0,GW,0.97,0.07,0.22
5.0,2019.0,Argentina,ARG,Wind onshore,0,GW,1.06,0.09,0.31
6.0,2019.0,Argentina,ARG,Wind onshore,0,GW,1.07,0.01,0.32
7.0,2019.0,Argentina,ARG,Wind onshore,0,GW,1.19,0.12,0.44
8.0,2019.0,Argentina,ARG,Wind onshore,0,GW,1.2,0.01,0.45
9.0,2019.0,Argentina,ARG,Wind onshore,0,GW,1.42,0.22,0.67
10.0,2019.0,Argentina,ARG,Wind onshore,0,GW,1.44,0.02,0.69
11.0,2019.0,Argentina,ARG,Wind onshore,0,GW,1.5,0.06,0.75
12.0,2019.0,Argentina,ARG,Wind onshore,0,GW,1.61,0.11,0.86
1.0,2020.0,Argentina,ARG,Wind onshore,0,GW,1.72,0.11,0.11
2.0,2020.0,Argentina,ARG,Wind onshore,0,GW,1.9,0.18,0.29
3.0,2020.0,Argentina,ARG,Wind onshore,0,GW,2.01,0.11,0.4
4.0,2020.0,Argentina,ARG,Wind onshore,0,GW,2.01,0.0,0.4
5.0,2020.0,Argentina,ARG,Wind onshore,0,GW,2.05,0.04,0.44
6.0,2020.0,Argentina,ARG,Wind onshore,0,GW,2.1,0.05,0.49
7.0,2020.0,Argentina,ARG,Wind onshore,0,GW,2.14,0.04,0.53
8.0,2020.0,Argentina,ARG,Wind onshore,0,GW,2.2,0.06,0.59
9.0,2020.0,Argentina,ARG,Wind onshore,0,GW,2.38,0.18,0.77
10.0,2020.0,Argentina,ARG,Wind onshore,0,GW,2.42,0.04,0.81
11.0,2020.0,Argentina,ARG,Wind onshore,0,GW,2.62,0.2,1.01
12.0,2020.0,Argentina,ARG,Wind onshore,0,GW,2.64,0.02,1.03
1.0,2021.0,Argentina,ARG,Wind onshore,0,GW,2.72,0.08,0.08
2.0,2021.0,Argentina,ARG,Wind onshore,0,GW,2.96,0.24,0.32
3.0,2021.0,Argentina,ARG,Wind onshore,0,GW,2.99,0.03,0.35
4.0,2021.0,Argentina,ARG,Wind onshore,0,GW,3.09,0.1,0.45
5.0,2021.0,Argentina,ARG,Wind onshore,0,GW,3.15,0.06,0.51
6.0,2021.0,Argentina,ARG,Wind onshore,0,GW,3.17,0.02,0.53
7.0,2021.0,Argentina,ARG,Wind onshore,0,GW,3.17,0.0,0.53
8.0,2021.0,Argentina,ARG,Wind onshore,0,GW,3.17,0.0,0.53
9.0,2021.0,Argentina,ARG,Wind onshore,0,GW,3.17,0.0,0.53
10.0,2021.0,Argentina,ARG,Wind onshore,0,GW,3.17,0.0,0.53
11.0,2021.0,Argentina,ARG,Wind onshore,0,GW,3.17,0.0,0.53
12.0,2021.0,Argentina,ARG,Wind onshore,0,GW,3.29,0.12,0.65
1.0,2022.0,Argentina,ARG,Wind onshore,0,GW,3.29,0.0,0.0
2.0,2022.0,Argentina,ARG,Wind onshore,0,GW,3.29,0.0,0.0
3.0,2022.0,Argentina,ARG,Wind onshore,0,GW,3.29,0.0,0.0
4.0,2022.0,Argentina,ARG,Wind onshore,0,GW,3.29,0.0,0.0
5.0,2022.0,Argentina,ARG,Wind onshore,0,GW,3.29,0.0,0.0
6.0,2022.0,Argentina,ARG,Wind onshore,0,GW,3.29,0.0,0.0
7.0,2022.0,Argentina,ARG,Wind onshore,0,GW,3.29,0.0,0.0
8.0,2022.0,Argentina,ARG,Wind onshore,0,GW,3.29,0.0,0.0
9.0,2022.0,Argentina,ARG,Wind onshore,0,GW,3.29,0.0,0.0
10.0,2022.0,Argentina,ARG,Wind onshore,0,GW,3.29,0.0,0.0
11.0,2022.0,Argentina,ARG,Wind onshore,0,GW,3.29,0.0,0.0
12.0,2022.0,Argentina,ARG,Wind onshore,0,GW,3.31,0.02,0.02
1.0,2023.0,Argentina,ARG,Wind onshore,0,GW,3.31,0.0,0.0
2.0,2023.0,Argentina,ARG,Wind onshore,0,GW,3.33,0.02,0.02
3.0,2023.0,Argentina,ARG,Wind onshore,0,GW,3.33,0.0,0.02
4.0,2023.0,Argentina,ARG,Wind onshore,0,GW,3.34,0.01,0.03
5.0,2023.0,Argentina,ARG,Wind onshore,0,GW,3.36,0.02,0.05
6.0,2023.0,Argentina,ARG,Wind onshore,0,GW,3.39,0.03,0.08
7.0,2023.0,Argentina,ARG,Wind onshore,0,GW,3.4,0.01,0.09
8.0,2023.0,Argentina,ARG,Wind onshore,0,GW,3.4,0.0,0.09
9.0,2023.0,Argentina,ARG,Wind onshore,0,GW,3.47,0.07,0.16
10.0,2023.0,Argentina,ARG,Wind onshore,0,GW,3.59,0.12,0.28
11.0,2023.0,Argentina,ARG,Wind onshore,0,GW,3.67,0.08,0.36
12.0,2023.0,Argentina,ARG,Wind onshore,0,GW,3.7,0.03,0.39
1.0,2024.0,Argentina,ARG,Wind onshore,0,GW,3.71,0.01,0.01
2.0,2024.0,Argentina,ARG,Wind onshore,0,GW,3.71,0.0,0.01
3.0,2024.0,Argentina,ARG,Wind onshore,0,GW,3.71,0.0,0.01
4.0,2024.0,Argentina,ARG,Wind onshore,0,GW,3.71,0.0,0.01
5.0,2024.0,Argentina,ARG,Wind onshore,0,GW,3.71,0.0,0.01
6.0,2024.0,Argentina,ARG,Wind onshore,0,GW,3.75,0.04,0.05
7.0,2024.0,Argentina,ARG,Wind onshore,0,GW,3.94,0.19,0.24
8.0,2024.0,Argentina,ARG,Wind onshore,0,GW,4.03,0.09,0.33
9.0,2024.0,Argentina,ARG,Wind onshore,0,GW,4.1,0.07,0.4
10.0,2024.0,Argentina,ARG,Wind onshore,0,GW,4.12,0.02,0.42
11.0,2024.0,Argentina,ARG,Wind onshore,0,GW,4.19,0.07,0.49
12.0,2024.0,Argentina,ARG,Wind onshore,0,GW,4.32,0.13,0.62
1.0,2025.0,Argentina,ARG,Wind onshore,0,GW,4.34,0.02,0.02
2.0,2025.0,Argentina,ARG,Wind onshore,0,GW,4.34,0.0,0.02
3.0,2025.0,Argentina,ARG,Wind onshore,0,GW,4.34,0.0,0.02
4.0,2025.0,Argentina,ARG,Wind onshore,0,GW,4.34,0.0,0.02
5.0,2025.0,Argentina,ARG,Wind onshore,0,GW,4.34,0.0,0.02
6.0,2025.0,Argentina,ARG,Wind onshore,0,GW,4.35,0.01,0.03
7.0,2025.0,Argentina,ARG,Wind onshore,0,GW,4.35,0.0,0.03
1.0,2016.0,Argentina,ARG,Wind,1,GW,0.19,0.0,0.0
2.0,2016.0,Argentina,ARG,Wind,1,GW,0.19,0.0,0.0
3.0,2016.0,Argentina,ARG,Wind,1,GW,0.19,0.0,0.0
4.0,2016.0,Argentina,ARG,Wind,1,GW,0.2,0.01,0.01
5.0,2016.0,Argentina,ARG,Wind,1,GW,0.19,-0.01,0.0
6.0,2016.0,Argentina,ARG,Wind,1,GW,0.19,0.0,0.0
7.0,2016.0,Argentina,ARG,Wind,1,GW,0.19,0.0,0.0
8.0,2016.0,Argentina,ARG,Wind,1,GW,0.19,0.0,0.0
9.0,2016.0,Argentina,ARG,Wind,1,GW,0.19,0.0,0.0
10.0,2016.0,Argentina,ARG,Wind,1,GW,0.19,0.0,0.0
11.0,2016.0,Argentina,ARG,Wind,1,GW,0.19,0.0,0.0
12.0,2016.0,Argentina,ARG,Wind,1,GW,0.19,0.0,0.0
1.0,2017.0,Argentina,ARG,Wind,1,GW,0.19,0.0,0.0
2.0,2017.0,Argentina,ARG,Wind,1,GW,0.2,0.01,0.01
3.0,2017.0,Argentina,ARG,Wind,1,GW,0.2,0.0,0.01
4.0,2017.0,Argentina,ARG,Wind,1,GW,0.2,0.0,0.01
5.0,2017.0,Argentina,ARG,Wind,1,GW,0.2,0.0,0.01
6.0,2017.0,Argentina,ARG,Wind,1,GW,0.2,0.0,0.01
7.0,2017.0,Argentina,ARG,Wind,1,GW,0.2,0.0,0.01
8.0,2017.0,Argentina,ARG,Wind,1,GW,0.2,0.0,0.01
9.0,2017.0,Argentina,ARG,Wind,1,GW,0.2,0.0,0.01
10.0,2017.0,Argentina,ARG,Wind,1,GW,0.2,0.0,0.01
11.0,2017.0,Argentina,ARG,Wind,1,GW,0.2,0.0,0.01
12.0,2017.0,Argentina,ARG,Wind,1,GW,0.23,0.03,0.04
1.0,2018.0,Argentina,ARG,Wind,1,GW,0.23,0.0,0.0
2.0,2018.0,Argentina,ARG,Wind,1,GW,0.23,0.0,0.0
3.0,2018.0,Argentina,ARG,Wind,1,GW,0.23,0.0,0.0
4.0,2018.0,Argentina,ARG,Wind,1,GW,0.23,0.0,0.0
5.0,2018.0,Argentina,ARG,Wind,1,GW,0.23,0.0,0.0
6.0,2018.0,Argentina,ARG,Wind,1,GW,0.33,0.1,0.1
7.0,2018.0,Argentina,ARG,Wind,1,GW,0.38,0.05,0.15
8.0,2018.0,Argentina,ARG,Wind,1,GW,0.48,0.1,0.25
9.0,2018.0,Argentina,ARG,Wind,1,GW,0.52,0.04,0.29
10.0,2018.0,Argentina,ARG,Wind,1,GW,0.57,0.05,0.34
11.0,2018.0,Argentina,ARG,Wind,1,GW,0.64,0.07,0.41
12.0,2018.0,Argentina,ARG,Wind,1,GW,0.75,0.11,0.52
1.0,2019.0,Argentina,ARG,Wind,1,GW,0.75,0.0,0.0
2.0,2019.0,Argentina,ARG,Wind,1,GW,0.8,0.05,0.05
3.0,2019.0,Argentina,ARG,Wind,1,GW,0.9,0.1,0.15
4.0,2019.0,Argentina,ARG,Wind,1,GW,0.97,0.07,0.22
5.0,2019.0,Argentina,ARG,Wind,1,GW,1.06,0.09,0.31
6.0,2019.0,Argentina,ARG,Wind,1,GW,1.07,0.01,0.32
7.0,2019.0,Argentina,ARG,Wind,1,GW,1.19,0.12,0.44
8.0,2019.0,Argentina,ARG,Wind,1,GW,1.2,0.01,0.45
9.0,2019.0,Argentina,ARG,Wind,1,GW,1.42,0.22,0.67
10.0,2019.0,Argentina,ARG,Wind,1,GW,1.44,0.02,0.69
11.0,2019.0,Argentina,ARG,Wind,1,GW,1.5,0.06,0.75
12.0,2019.0,Argentina,ARG,Wind,1,GW,1.61,0.11,0.86
1.0,2020.0,Argentina,ARG,Wind,1,GW,1.72,0.11,0.11
2.0,2020.0,Argentina,ARG,Wind,1,GW,1.9,0.18,0.29
3.0,2020.0,Argentina,ARG,Wind,1,GW,2.01,0.11,0.4
4.0,2020.0,Argentina,ARG,Wind,1,GW,2.01,0.0,0.4
5.0,2020.0,Argentina,ARG,Wind,1,GW,2.05,0.04,0.44
6.0,2020.0,Argentina,ARG,Wind,1,GW,2.1,0.05,0.49
7.0,2020.0,Argentina,ARG,Wind,1,GW,2.14,0.04,0.53
8.0,2020.0,Argentina,ARG,Wind,1,GW,2.2,0.06,0.59
9.0,2020.0,Argentina,ARG,Wind,1,GW,2.38,0.18,0.77
10.0,2020.0,Argentina,ARG,Wind,1,GW,2.42,0.04,0.81
11.0,2020.0,Argentina,ARG,Wind,1,GW,2.62,0.2,1.01
12.0,2020.0,Argentina,ARG,Wind,1,GW,2.64,0.02,1.03
1.0,2021.0,Argentina,ARG,Wind,1,GW,2.72,0.08,0.08
2.0,2021.0,Argentina,ARG,Wind,1,GW,2.96,0.24,0.32
3.0,2021.0,Argentina,ARG,Wind,1,GW,2.99,0.03,0.35
4.0,2021.0,Argentina,ARG,Wind,1,GW,3.09,0.1,0.45
5.0,2021.0,Argentina,ARG,Wind,1,GW,3.15,0.06,0.51
6.0,2021.0,Argentina,ARG,Wind,1,GW,3.17,0.02,0.53
7.0,2021.0,Argentina,ARG,Wind,1,GW,3.17,0.0,0.53
8.0,2021.0,Argentina,ARG,Wind,1,GW,3.17,0.0,0.53
9.0,2021.0,Argentina,ARG,Wind,1,GW,3.17,0.0,0.53
10.0,2021.0,Argentina,ARG,Wind,1,GW,3.17,0.0,0.53
11.0,2021.0,Argentina,ARG,Wind,1,GW,3.17,0.0,0.53
12.0,2021.0,Argentina,ARG,Wind,1,GW,3.29,0.12,0.65
1.0,2022.0,Argentina,ARG,Wind,1,GW,3.29,0.0,0.0
2.0,2022.0,Argentina,ARG,Wind,1,GW,3.29,0.0,0.0
3.0,2022.0,Argentina,ARG,Wind,1,GW,3.29,0.0,0.0
4.0,2022.0,Argentina,ARG,Wind,1,GW,3.29,0.0,0.0
5.0,2022.0,Argentina,ARG,Wind,1,GW,3.29,0.0,0.0
6.0,2022.0,Argentina,ARG,Wind,1,GW,3.29,0.0,0.0
7.0,2022.0,Argentina,ARG,Wind,1,GW,3.29,0.0,0.0
8.0,2022.0,Argentina,ARG,Wind,1,GW,3.29,0.0,0.0
9.0,2022.0,Argentina,ARG,Wind,1,GW,3.29,0.0,0.0
10.0,2022.0,Argentina,ARG,Wind,1,GW,3.29,0.0,0.0
11.0,2022.0,Argentina,ARG,Wind,1,GW,3.29,0.0,0.0
12.0,2022.0,Argentina,ARG,Wind,1,GW,3.31,0.02,0.02
1.0,2023.0,Argentina,ARG,Wind,1,GW,3.31,0.0,0.0
2.0,2023.0,Argentina,ARG,Wind,1,GW,3.33,0.02,0.02
3.0,2023.0,Argentina,ARG,Wind,1,GW,3.33,0.0,0.02
4.0,2023.0,Argentina,ARG,Wind,1,GW,3.34,0.01,0.03
5.0,2023.0,Argentina,ARG,Wind,1,GW,3.36,0.02,0.05
6.0,2023.0,Argentina,ARG,Wind,1,GW,3.39,0.03,0.08
7.0,2023.0,Argentina,ARG,Wind,1,GW,3.4,0.01,0.09
8.0,2023.0,Argentina,ARG,Wind,1,GW,3.4,0.0,0.09
9.0,2023.0,Argentina,ARG,Wind,1,GW,3.47,0.07,0.16
10.0,2023.0,Argentina,ARG,Wind,1,GW,3.59,0.12,0.28
11.0,2023.0,Argentina,ARG,Wind,1,GW,3.67,0.08,0.36
12.0,2023.0,Argentina,ARG,Wind,1,GW,3.7,0.03,0.39
1.0,2024.0,Argentina,ARG,Wind,1,GW,3.71,0.01,0.01
2.0,2024.0,Argentina,ARG,Wind,1,GW,3.71,0.0,0.01
3.0,2024.0,Argentina,ARG,Wind,1,GW,3.71,0.0,0.01
4.0,2024.0,Argentina,ARG,Wind,1,GW,3.71,0.0,0.01
5.0,2024.0,Argentina,ARG,Wind,1,GW,3.71,0.0,0.01
6.0,2024.0,Argentina,ARG,Wind,1,GW,3.75,0.04,0.05
7.0,2024.0,Argentina,ARG,Wind,1,GW,3.94,0.19,0.24
8.0,2024.0,Argentina,ARG,Wind,1,GW,4.03,0.09,0.33
9.0,2024.0,Argentina,ARG,Wind,1,GW,4.1,0.07,0.4
10.0,2024.0,Argentina,ARG,Wind,1,GW,4.12,0.02,0.42
11.0,2024.0,Argentina,ARG,Wind,1,GW,4.19,0.07,0.49
12.0,2024.0,Argentina,ARG,Wind,1,GW,4.32,0.13,0.62
1.0,2025.0,Argentina,ARG,Wind,1,GW,4.34,0.02,0.02
2.0,2025.0,Argentina,ARG,Wind,1,GW,4.34,0.0,0.02
3.0,2025.0,Argentina,ARG,Wind,1,GW,4.34,0.0,0.02
4.0,2025.0,Argentina,ARG,Wind,1,GW,4.34,0.0,0.02
5.0,2025.0,Argentina,ARG,Wind,1,GW,4.34,0.0,0.02
6.0,2025.0,Argentina,ARG,Wind,1,GW,4.35,0.01,0.03
7.0,2025.0,Argentina,ARG,Wind,1,GW,4.35,0.0,0.03
1.0,2016.0,Argentina,ARG,Wind and solar,1,GW,0.2,0.0,0.0
2.0,2016.0,Argentina,ARG,Wind and solar,1,GW,0.2,0.0,0.0
3.0,2016.0,Argentina,ARG,Wind and solar,1,GW,0.2,0.0,0.0
4.0,2016.0,Argentina,ARG,Wind and solar,1,GW,0.2,0.0,0.0
5.0,2016.0,Argentina,ARG,Wind and solar,1,GW,0.2,0.0,0.0
6.0,2016.0,Argentina,ARG,Wind and solar,1,GW,0.2,0.0,0.0
7.0,2016.0,Argentina,ARG,Wind and solar,1,GW,0.2,0.0,0.0
8.0,2016.0,Argentina,ARG,Wind and solar,1,GW,0.2,0.0,0.0
9.0,2016.0,Argentina,ARG,Wind and solar,1,GW,0.2,0.0,0.0
10.0,2016.0,Argentina,ARG,Wind and solar,1,GW,0.2,0.0,0.0
11.0,2016.0,Argentina,ARG,Wind and solar,1,GW,0.2,0.0,0.0
12.0,2016.0,Argentina,ARG,Wind and solar,1,GW,0.2,0.0,0.0
1.0,2017.0,Argentina,ARG,Wind and solar,1,GW,0.2,0.0,0.0
2.0,2017.0,Argentina,ARG,Wind and solar,1,GW,0.2,0.0,0.0
3.0,2017.0,Argentina,ARG,Wind and solar,1,GW,0.2,0.0,0.0
4.0,2017.0,Argentina,ARG,Wind and solar,1,GW,0.2,0.0,0.0
5.0,2017.0,Argentina,ARG,Wind and solar,1,GW,0.2,0.0,0.0
6.0,2017.0,Argentina,ARG,Wind and solar,1,GW,0.2,0.0,0.0
7.0,2017.0,Argentina,ARG,Wind and solar,1,GW,0.2,0.0,0.0
8.0,2017.0,Argentina,ARG,Wind and solar,1,GW,0.2,0.0,0.0
9.0,2017.0,Argentina,ARG,Wind and solar,1,GW,0.2,0.0,0.0
10.0,2017.0,Argentina,ARG,Wind and solar,1,GW,0.2,0.0,0.0
11.0,2017.0,Argentina,ARG,Wind and solar,1,GW,0.2,0.0,0.0
12.0,2017.0,Argentina,ARG,Wind and solar,1,GW,0.24,0.04,0.04
1.0,2018.0,Argentina,ARG,Wind and solar,1,GW,0.24,0.0,0.0
2.0,2018.0,Argentina,ARG,Wind and solar,1,GW,0.24,0.0,0.0
3.0,2018.0,Argentina,ARG,Wind and solar,1,GW,0.24,0.0,0.0
4.0,2018.0,Argentina,ARG,Wind and solar,1,GW,0.24,0.0,0.0
5.0,2018.0,Argentina,ARG,Wind and solar,1,GW,0.24,0.0,0.0
6.0,2018.0,Argentina,ARG,Wind and solar,1,GW,0.34,0.1,0.1
7.0,2018.0,Argentina,ARG,Wind and solar,1,GW,0.41,0.07,0.17
8.0,2018.0,Argentina,ARG,Wind and solar,1,GW,0.51,0.1,0.27
9.0,2018.0,Argentina,ARG,Wind and solar,1,GW,0.56,0.05,0.32
10.0,2018.0,Argentina,ARG,Wind and solar,1,GW,0.63,0.07,0.39
11.0,2018.0,Argentina,ARG,Wind and solar,1,GW,0.7,0.07,0.46
12.0,2018.0,Argentina,ARG,Wind and solar,1,GW,0.94,0.24,0.7
1.0,2019.0,Argentina,ARG,Wind and solar,1,GW,0.94,0.0,0.0
2.0,2019.0,Argentina,ARG,Wind and solar,1,GW,1.01,0.07,0.07
3.0,2019.0,Argentina,ARG,Wind and solar,1,GW,1.19,0.18,0.25
4.0,2019.0,Argentina,ARG,Wind and solar,1,GW,1.29,0.1,0.35
5.0,2019.0,Argentina,ARG,Wind and solar,1,GW,1.38,0.09,0.44
6.0,2019.0,Argentina,ARG,Wind and solar,1,GW,1.4,0.02,0.46
7.0,2019.0,Argentina,ARG,Wind and solar,1,GW,1.6,0.2,0.66
8.0,2019.0,Argentina,ARG,Wind and solar,1,GW,1.62,0.02,0.68
9.0,2019.0,Argentina,ARG,Wind and solar,1,GW,1.85,0.23,0.91
10.0,2019.0,Argentina,ARG,Wind and solar,1,GW,1.87,0.02,0.93
11.0,2019.0,Argentina,ARG,Wind and solar,1,GW,1.93,0.06,0.99
12.0,2019.0,Argentina,ARG,Wind and solar,1,GW,2.05,0.12,1.11
1.0,2020.0,Argentina,ARG,Wind and solar,1,GW,2.17,0.12,0.12
2.0,2020.0,Argentina,ARG,Wind and solar,1,GW,2.36,0.19,0.31
3.0,2020.0,Argentina,ARG,Wind and solar,1,GW,2.47,0.11,0.42
4.0,2020.0,Argentina,ARG,Wind and solar,1,GW,2.47,0.0,0.42
5.0,2020.0,Argentina,ARG,Wind and solar,1,GW,2.51,0.04,0.46
6.0,2020.0,Argentina,ARG,Wind and solar,1,GW,2.56,0.05,0.51
7.0,2020.0,Argentina,ARG,Wind and solar,1,GW,2.6,0.04,0.55
8.0,2020.0,Argentina,ARG,Wind and solar,1,GW,2.66,0.06,0.61
9.0,2020.0,Argentina,ARG,Wind and solar,1,GW,3.14,0.48,1.09
10.0,2020.0,Argentina,ARG,Wind and solar,1,GW,3.18,0.04,1.13
11.0,2020.0,Argentina,ARG,Wind and solar,1,GW,3.38,0.2,1.33
12.0,2020.0,Argentina,ARG,Wind and solar,1,GW,3.4,0.02,1.35
1.0,2021.0,Argentina,ARG,Wind and solar,1,GW,3.48,0.08,0.08
2.0,2021.0,Argentina,ARG,Wind and solar,1,GW,3.72,0.24,0.32
3.0,2021.0,Argentina,ARG,Wind and solar,1,GW,3.75,0.03,0.35
4.0,2021.0,Argentina,ARG,Wind and solar,1,GW,3.85,0.1,0.45
5.0,2021.0,Argentina,ARG,Wind and solar,1,GW,3.91,0.06,0.51
6.0,2021.0,Argentina,ARG,Wind and solar,1,GW,3.93,0.02,0.53
7.0,2021.0,Argentina,ARG,Wind and solar,1,GW,4.03,0.1,0.63
8.0,2021.0,Argentina,ARG,Wind and solar,1,GW,4.03,0.0,0.63
9.0,2021.0,Argentina,ARG,Wind and solar,1,GW,4.03,0.0,0.63
10.0,2021.0,Argentina,ARG,Wind and solar,1,GW,4.23,0.2,0.83
11.0,2021.0,Argentina,ARG,Wind and solar,1,GW,4.23,0.0,0.83
12.0,2021.0,Argentina,ARG,Wind and solar,1,GW,4.35,0.12,0.95
1.0,2022.0,Argentina,ARG,Wind and solar,1,GW,4.35,0.0,0.0
2.0,2022.0,Argentina,ARG,Wind and solar,1,GW,4.35,0.0,0.0
3.0,2022.0,Argentina,ARG,Wind and solar,1,GW,4.36,0.01,0.01
4.0,2022.0,Argentina,ARG,Wind and solar,1,GW,4.36,0.0,0.01
5.0,2022.0,Argentina,ARG,Wind and solar,1,GW,4.37,0.01,0.02
6.0,2022.0,Argentina,ARG,Wind and solar,1,GW,4.37,0.0,0.02
7.0,2022.0,Argentina,ARG,Wind and solar,1,GW,4.37,0.0,0.02
8.0,2022.0,Argentina,ARG,Wind and solar,1,GW,4.37,0.0,0.02
9.0,2022.0,Argentina,ARG,Wind and solar,1,GW,4.37,0.0,0.02
10.0,2022.0,Argentina,ARG,Wind and solar,1,GW,4.37,0.0,0.02
11.0,2022.0,Argentina,ARG,Wind and solar,1,GW,4.38,0.01,0.03
12.0,2022.0,Argentina,ARG,Wind and solar,1,GW,4.4,0.02,0.05
1.0,2023.0,Argentina,ARG,Wind and solar,1,GW,4.42,0.02,0.02
2.0,2023.0,Argentina,ARG,Wind and solar,1,GW,4.47,0.05,0.07
3.0,2023.0,Argentina,ARG,Wind and solar,1,GW,4.49,0.02,0.09
4.0,2023.0,Argentina,ARG,Wind and solar,1,GW,4.58,0.09,0.18
5.0,2023.0,Argentina,ARG,Wind and solar,1,GW,4.65,0.07,0.25
6.0,2023.0,Argentina,ARG,Wind and solar,1,GW,4.7,0.05,0.3
7.0,2023.0,Argentina,ARG,Wind and solar,1,GW,4.72,0.02,0.32
8.0,2023.0,Argentina,ARG,Wind and solar,1,GW,4.72,0.0,0.32
9.0,2023.0,Argentina,ARG,Wind and solar,1,GW,4.79,0.07,0.39
10.0,2023.0,Argentina,ARG,Wind and solar,1,GW,4.9,0.11,0.5
11.0,2023.0,Argentina,ARG,Wind and solar,1,GW,4.99,0.09,0.59
12.0,2023.0,Argentina,ARG,Wind and solar,1,GW,5.07,0.08,0.67
1.0,2024.0,Argentina,ARG,Wind and solar,1,GW,5.12,0.05,0.05
2.0,2024.0,Argentina,ARG,Wind and solar,1,GW,5.14,0.02,0.07
3.0,2024.0,Argentina,ARG,Wind and solar,1,GW,5.16,0.02,0.09
4.0,2024.0,Argentina,ARG,Wind and solar,1,GW,5.17,0.01,0.1
5.0,2024.0,Argentina,ARG,Wind and solar,1,GW,5.17,0.0,0.1
6.0,2024.0,Argentina,ARG,Wind and solar,1,GW,5.22,0.05,0.15
7.0,2024.0,Argentina,ARG,Wind and solar,1,GW,5.41,0.19,0.34
8.0,2024.0,Argentina,ARG,Wind and solar,1,GW,5.57,0.16,0.5
9.0,2024.0,Argentina,ARG,Wind and solar,1,GW,5.68,0.11,0.61
10.0,2024.0,Argentina,ARG,Wind and solar,1,GW,5.76,0.08,0.69
11.0,2024.0,Argentina,ARG,Wind and solar,1,GW,5.85,0.09,0.78
12.0,2024.0,Argentina,ARG,Wind and solar,1,GW,5.99,0.14,0.92
1.0,2025.0,Argentina,ARG,Wind and solar,1,GW,6.12,0.13,0.13
2.0,2025.0,Argentina,ARG,Wind and solar,1,GW,6.17,0.05,0.18
3.0,2025.0,Argentina,ARG,Wind and solar,1,GW,6.22,0.05,0.23
4.0,2025.0,Argentina,ARG,Wind and solar,1,GW,6.25,0.03,0.26
5.0,2025.0,Argentina,ARG,Wind and solar,1,GW,6.28,0.03,0.29
6.0,2025.0,Argentina,ARG,Wind and solar,1,GW,6.43,0.15,0.44
7.0,2025.0,Argentina,ARG,Wind and solar,1,GW,6.45,0.02,0.46
1.0,2016.0,Australia,AUS,Solar,0,GWAC,3.81,0.03,0.03
2.0,2016.0,Australia,AUS,Solar,0,GWAC,3.9,0.09,0.12
3.0,2016.0,Australia,AUS,Solar,0,GWAC,3.94,0.04,0.16
4.0,2016.0,Australia,AUS,Solar,0,GWAC,4.0,0.06,0.22
5.0,2016.0,Australia,AUS,Solar,0,GWAC,4.04,0.04,0.26
6.0,2016.0,Australia,AUS,Solar,0,GWAC,4.09,0.05,0.31
7.0,2016.0,Australia,AUS,Solar,0,GWAC,4.14,0.05,0.36
8.0,2016.0,Australia,AUS,Solar,0,GWAC,4.19,0.05,0.41
9.0,2016.0,Australia,AUS,Solar,0,GWAC,4.24,0.05,0.46
10.0,2016.0,Australia,AUS,Solar,0,GWAC,4.29,0.05,0.51
11.0,2016.0,Australia,AUS,Solar,0,GWAC,4.35,0.06,0.57
12.0,2016.0,Australia,AUS,Solar,0,GWAC,4.45,0.1,0.67
1.0,2017.0,Australia,AUS,Solar,0,GWAC,4.49,0.04,0.04
2.0,2017.0,Australia,AUS,Solar,0,GWAC,4.55,0.06,0.1
3.0,2017.0,Australia,AUS,Solar,0,GWAC,4.63,0.08,0.18
4.0,2017.0,Australia,AUS,Solar,0,GWAC,4.68,0.05,0.23
5.0,2017.0,Australia,AUS,Solar,0,GWAC,4.76,0.08,0.31
6.0,2017.0,Australia,AUS,Solar,0,GWAC,4.83,0.07,0.38
7.0,2017.0,Australia,AUS,Solar,0,GWAC,4.92,0.09,0.47
8.0,2017.0,Australia,AUS,Solar,0,GWAC,5.0,0.08,0.55
9.0,2017.0,Australia,AUS,Solar,0,GWAC,5.07,0.07,0.62
10.0,2017.0,Australia,AUS,Solar,0,GWAC,5.16,0.09,0.71
11.0,2017.0,Australia,AUS,Solar,0,GWAC,5.28,0.12,0.83
12.0,2017.0,Australia,AUS,Solar,0,GWAC,5.5,0.22,1.05
1.0,2018.0,Australia,AUS,Solar,0,GWAC,5.61,0.11,0.11
2.0,2018.0,Australia,AUS,Solar,0,GWAC,5.7,0.09,0.2
3.0,2018.0,Australia,AUS,Solar,0,GWAC,6.08,0.38,0.58
4.0,2018.0,Australia,AUS,Solar,0,GWAC,6.18,0.1,0.68
5.0,2018.0,Australia,AUS,Solar,0,GWAC,6.47,0.29,0.97
6.0,2018.0,Australia,AUS,Solar,0,GWAC,6.58,0.11,1.08
7.0,2018.0,Australia,AUS,Solar,0,GWAC,6.98,0.4,1.48
8.0,2018.0,Australia,AUS,Solar,0,GWAC,7.26,0.28,1.76
9.0,2018.0,Australia,AUS,Solar,0,GWAC,7.89,0.63,2.39
10.0,2018.0,Australia,AUS,Solar,0,GWAC,8.13,0.24,2.63
11.0,2018.0,Australia,AUS,Solar,0,GWAC,8.43,0.3,2.93
12.0,2018.0,Australia,AUS,Solar,0,GWAC,8.65,0.22,3.15
1.0,2019.0,Australia,AUS,Solar,0,GWAC,8.86,0.21,0.21
2.0,2019.0,Australia,AUS,Solar,0,GWAC,9.2,0.34,0.55
3.0,2019.0,Australia,AUS,Solar,0,GWAC,9.34,0.14,0.69
4.0,2019.0,Australia,AUS,Solar,0,GWAC,9.61,0.27,0.96
5.0,2019.0,Australia,AUS,Solar,0,GWAC,9.95,0.34,1.3
6.0,2019.0,Australia,AUS,Solar,0,GWAC,10.15,0.2,1.5
7.0,2019.0,Australia,AUS,Solar,0,GWAC,10.31,0.16,1.66
8.0,2019.0,Australia,AUS,Solar,0,GWAC,10.65,0.34,2.0
9.0,2019.0,Australia,AUS,Solar,0,GWAC,10.8,0.15,2.15
10.0,2019.0,Australia,AUS,Solar,0,GWAC,11.18,0.38,2.53
11.0,2019.0,Australia,AUS,Solar,0,GWAC,11.63,0.45,2.98
12.0,2019.0,Australia,AUS,Solar,0,GWAC,12.34,0.71,3.69
1.0,2020.0,Australia,AUS,Solar,0,GWAC,12.49,0.15,0.15
2.0,2020.0,Australia,AUS,Solar,0,GWAC,12.67,0.18,0.33
3.0,2020.0,Australia,AUS,Solar,0,GWAC,12.96,0.29,0.62
4.0,2020.0,Australia,AUS,Solar,0,GWAC,13.22,0.26,0.88
5.0,2020.0,Australia,AUS,Solar,0,GWAC,13.4,0.18,1.06
6.0,2020.0,Australia,AUS,Solar,0,GWAC,13.79,0.39,1.45
7.0,2020.0,Australia,AUS,Solar,0,GWAC,14.04,0.25,1.7
8.0,2020.0,Australia,AUS,Solar,0,GWAC,14.22,0.18,1.88
9.0,2020.0,Australia,AUS,Solar,0,GWAC,14.63,0.41,2.29
10.0,2020.0,Australia,AUS,Solar,0,GWAC,14.87,0.24,2.53
11.0,2020.0,Australia,AUS,Solar,0,GWAC,15.36,0.49,3.02
12.0,2020.0,Australia,AUS,Solar,0,GWAC,15.96,0.6,3.62
1.0,2021.0,Australia,AUS,Solar,0,GWAC,16.14,0.18,0.18
2.0,2021.0,Australia,AUS,Solar,0,GWAC,16.47,0.33,0.51
3.0,2021.0,Australia,AUS,Solar,0,GWAC,16.75,0.28,0.79
4.0,2021.0,Australia,AUS,Solar,0,GWAC,16.97,0.22,1.01
5.0,2021.0,Australia,AUS,Solar,0,GWAC,17.24,0.27,1.28
6.0,2021.0,Australia,AUS,Solar,0,GWAC,17.57,0.33,1.61
7.0,2021.0,Australia,AUS,Solar,0,GWAC,17.83,0.26,1.87
8.0,2021.0,Australia,AUS,Solar,0,GWAC,18.2,0.37,2.24
9.0,2021.0,Australia,AUS,Solar,0,GWAC,18.42,0.22,2.46
10.0,2021.0,Australia,AUS,Solar,0,GWAC,18.71,0.29,2.75
11.0,2021.0,Australia,AUS,Solar,0,GWAC,19.41,0.7,3.45
12.0,2021.0,Australia,AUS,Solar,0,GWAC,19.83,0.42,3.87
1.0,2022.0,Australia,AUS,Solar,0,GWAC,19.94,0.11,0.11
2.0,2022.0,Australia,AUS,Solar,0,GWAC,20.11,0.17,0.28
3.0,2022.0,Australia,AUS,Solar,0,GWAC,20.4,0.29,0.57
4.0,2022.0,Australia,AUS,Solar,0,GWAC,20.96,0.56,1.13
5.0,2022.0,Australia,AUS,Solar,0,GWAC,21.12,0.16,1.29
6.0,2022.0,Australia,AUS,Solar,0,GWAC,21.32,0.2,1.49
7.0,2022.0,Australia,AUS,Solar,0,GWAC,21.5,0.18,1.67
8.0,2022.0,Australia,AUS,Solar,0,GWAC,21.71,0.21,1.88
9.0,2022.0,Australia,AUS,Solar,0,GWAC,22.39,0.68,2.56
10.0,2022.0,Australia,AUS,Solar,0,GWAC,22.69,0.3,2.86
11.0,2022.0,Australia,AUS,Solar,0,GWAC,22.93,0.24,3.1
12.0,2022.0,Australia,AUS,Solar,0,GWAC,23.39,0.46,3.56
1.0,2023.0,Australia,AUS,Solar,0,GWAC,23.53,0.14,0.14
2.0,2023.0,Australia,AUS,Solar,0,GWAC,23.97,0.44,0.58
3.0,2023.0,Australia,AUS,Solar,0,GWAC,24.18,0.21,0.79
4.0,2023.0,Australia,AUS,Solar,0,GWAC,24.34,0.16,0.95
5.0,2023.0,Australia,AUS,Solar,0,GWAC,24.75,0.41,1.36
6.0,2023.0,Australia,AUS,Solar,0,GWAC,24.97,0.22,1.58
7.0,2023.0,Australia,AUS,Solar,0,GWAC,25.29,0.32,1.9
8.0,2023.0,Australia,AUS,Solar,0,GWAC,25.57,0.28,2.18
9.0,2023.0,Australia,AUS,Solar,0,GWAC,25.8,0.23,2.41
10.0,2023.0,Australia,AUS,Solar,0,GWAC,26.05,0.25,2.66
11.0,2023.0,Australia,AUS,Solar,0,GWAC,26.38,0.33,2.99
12.0,2023.0,Australia,AUS,Solar,0,GWAC,26.76,0.38,3.37
1.0,2024.0,Australia,AUS,Solar,0,GWAC,26.93,0.17,0.17
2.0,2024.0,Australia,AUS,Solar,0,GWAC,27.16,0.23,0.4
3.0,2024.0,Australia,AUS,Solar,0,GWAC,27.68,0.52,0.92
4.0,2024.0,Australia,AUS,Solar,0,GWAC,27.98,0.3,1.22
5.0,2024.0,Australia,AUS,Solar,0,GWAC,28.29,0.31,1.53
6.0,2024.0,Australia,AUS,Solar,0,GWAC,28.56,0.27,1.8
7.0,2024.0,Australia,AUS,Solar,0,GWAC,28.79,0.23,2.03
8.0,2024.0,Australia,AUS,Solar,0,GWAC,29.11,0.32,2.35
9.0,2024.0,Australia,AUS,Solar,0,GWAC,29.43,0.32,2.67
10.0,2024.0,Australia,AUS,Solar,0,GWAC,29.98,0.55,3.22
11.0,2024.0,Australia,AUS,Solar,0,GWAC,30.23,0.25,3.47
12.0,2024.0,Australia,AUS,Solar,0,GWAC,30.87,0.64,4.11
1.0,2025.0,Australia,AUS,Solar,0,GWAC,31.31,0.44,0.44
2.0,2025.0,Australia,AUS,Solar,0,GWAC,31.55,0.24,0.68
3.0,2025.0,Australia,AUS,Solar,0,GWAC,31.74,0.19,0.87
4.0,2025.0,Australia,AUS,Solar,0,GWAC,31.91,0.17,1.04
5.0,2025.0,Australia,AUS,Solar,0,GWAC,32.06,0.15,1.19
6.0,2025.0,Australia,AUS,Solar,0,GWAC,32.14,0.08,1.27
1.0,2016.0,Australia,AUS,Solar,0,GWDC,4.96,0.05,0.05
2.0,2016.0,Australia,AUS,Solar,0,GWDC,5.07,0.11,0.16
3.0,2016.0,Australia,AUS,Solar,0,GWDC,5.13,0.06,0.22
4.0,2016.0,Australia,AUS,Solar,0,GWDC,5.19,0.06,0.28
5.0,2016.0,Australia,AUS,Solar,0,GWDC,5.25,0.06,0.34
6.0,2016.0,Australia,AUS,Solar,0,GWDC,5.32,0.07,0.41
7.0,2016.0,Australia,AUS,Solar,0,GWDC,5.38,0.06,0.47
8.0,2016.0,Australia,AUS,Solar,0,GWDC,5.44,0.06,0.53
9.0,2016.0,Australia,AUS,Solar,0,GWDC,5.51,0.07,0.6
10.0,2016.0,Australia,AUS,Solar,0,GWDC,5.58,0.07,0.67
11.0,2016.0,Australia,AUS,Solar,0,GWDC,5.66,0.08,0.75
12.0,2016.0,Australia,AUS,Solar,0,GWDC,5.78,0.12,0.87
1.0,2017.0,Australia,AUS,Solar,0,GWDC,5.84,0.06,0.06
2.0,2017.0,Australia,AUS,Solar,0,GWDC,5.91,0.07,0.13
3.0,2017.0,Australia,AUS,Solar,0,GWDC,6.02,0.11,0.24
4.0,2017.0,Australia,AUS,Solar,0,GWDC,6.09,0.07,0.31
5.0,2017.0,Australia,AUS,Solar,0,GWDC,6.19,0.1,0.41
6.0,2017.0,Australia,AUS,Solar,0,GWDC,6.28,0.09,0.5
7.0,2017.0,Australia,AUS,Solar,0,GWDC,6.39,0.11,0.61
8.0,2017.0,Australia,AUS,Solar,0,GWDC,6.5,0.11,0.72
9.0,2017.0,Australia,AUS,Solar,0,GWDC,6.6,0.1,0.82
10.0,2017.0,Australia,AUS,Solar,0,GWDC,6.71,0.11,0.93
11.0,2017.0,Australia,AUS,Solar,0,GWDC,6.86,0.15,1.08
12.0,2017.0,Australia,AUS,Solar,0,GWDC,7.15,0.29,1.37
1.0,2018.0,Australia,AUS,Solar,0,GWDC,7.29,0.14,0.14
2.0,2018.0,Australia,AUS,Solar,0,GWDC,7.42,0.13,0.27
3.0,2018.0,Australia,AUS,Solar,0,GWDC,7.9,0.48,0.75
4.0,2018.0,Australia,AUS,Solar,0,GWDC,8.04,0.14,0.89
5.0,2018.0,Australia,AUS,Solar,0,GWDC,8.41,0.37,1.26
6.0,2018.0,Australia,AUS,Solar,0,GWDC,8.55,0.14,1.4
7.0,2018.0,Australia,AUS,Solar,0,GWDC,9.07,0.52,1.92
8.0,2018.0,Australia,AUS,Solar,0,GWDC,9.43,0.36,2.28
9.0,2018.0,Australia,AUS,Solar,0,GWDC,10.26,0.83,3.11
10.0,2018.0,Australia,AUS,Solar,0,GWDC,10.56,0.3,3.41
11.0,2018.0,Australia,AUS,Solar,0,GWDC,10.96,0.4,3.81
12.0,2018.0,Australia,AUS,Solar,0,GWDC,11.25,0.29,4.1
1.0,2019.0,Australia,AUS,Solar,0,GWDC,11.52,0.27,0.27
2.0,2019.0,Australia,AUS,Solar,0,GWDC,11.96,0.44,0.71
3.0,2019.0,Australia,AUS,Solar,0,GWDC,12.15,0.19,0.9
4.0,2019.0,Australia,AUS,Solar,0,GWDC,12.49,0.34,1.24
5.0,2019.0,Australia,AUS,Solar,0,GWDC,12.94,0.45,1.69
6.0,2019.0,Australia,AUS,Solar,0,GWDC,13.2,0.26,1.95
7.0,2019.0,Australia,AUS,Solar,0,GWDC,13.4,0.2,2.15
8.0,2019.0,Australia,AUS,Solar,0,GWDC,13.85,0.45,2.6
9.0,2019.0,Australia,AUS,Solar,0,GWDC,14.05,0.2,2.8
10.0,2019.0,Australia,AUS,Solar,0,GWDC,14.53,0.48,3.28
11.0,2019.0,Australia,AUS,Solar,0,GWDC,15.12,0.59,3.87
12.0,2019.0,Australia,AUS,Solar,0,GWDC,16.04,0.92,4.79
1.0,2020.0,Australia,AUS,Solar,0,GWDC,16.24,0.2,0.2
2.0,2020.0,Australia,AUS,Solar,0,GWDC,16.47,0.23,0.43
3.0,2020.0,Australia,AUS,Solar,0,GWDC,16.85,0.38,0.81
4.0,2020.0,Australia,AUS,Solar,0,GWDC,17.19,0.34,1.15
5.0,2020.0,Australia,AUS,Solar,0,GWDC,17.42,0.23,1.38
6.0,2020.0,Australia,AUS,Solar,0,GWDC,17.92,0.5,1.88
7.0,2020.0,Australia,AUS,Solar,0,GWDC,18.25,0.33,2.21
8.0,2020.0,Australia,AUS,Solar,0,GWDC,18.49,0.24,2.45
9.0,2020.0,Australia,AUS,Solar,0,GWDC,19.02,0.53,2.98
10.0,2020.0,Australia,AUS,Solar,0,GWDC,19.33,0.31,3.29
11.0,2020.0,Australia,AUS,Solar,0,GWDC,19.96,0.63,3.92
12.0,2020.0,Australia,AUS,Solar,0,GWDC,20.74,0.78,4.7
1.0,2021.0,Australia,AUS,Solar,0,GWDC,20.98,0.24,0.24
2.0,2021.0,Australia,AUS,Solar,0,GWDC,21.42,0.44,0.68
3.0,2021.0,Australia,AUS,Solar,0,GWDC,21.77,0.35,1.03
4.0,2021.0,Australia,AUS,Solar,0,GWDC,22.06,0.29,1.32
5.0,2021.0,Australia,AUS,Solar,0,GWDC,22.41,0.35,1.67
6.0,2021.0,Australia,AUS,Solar,0,GWDC,22.85,0.44,2.11
7.0,2021.0,Australia,AUS,Solar,0,GWDC,23.18,0.33,2.44
8.0,2021.0,Australia,AUS,Solar,0,GWDC,23.66,0.48,2.92
9.0,2021.0,Australia,AUS,Solar,0,GWDC,23.94,0.28,3.2
10.0,2021.0,Australia,AUS,Solar,0,GWDC,24.33,0.39,3.59
11.0,2021.0,Australia,AUS,Solar,0,GWDC,25.24,0.91,4.5
12.0,2021.0,Australia,AUS,Solar,0,GWDC,25.78,0.54,5.04
1.0,2022.0,Australia,AUS,Solar,0,GWDC,25.92,0.14,0.14
2.0,2022.0,Australia,AUS,Solar,0,GWDC,26.14,0.22,0.36
3.0,2022.0,Australia,AUS,Solar,0,GWDC,26.52,0.38,0.74
4.0,2022.0,Australia,AUS,Solar,0,GWDC,27.25,0.73,1.47
5.0,2022.0,Australia,AUS,Solar,0,GWDC,27.46,0.21,1.68
6.0,2022.0,Australia,AUS,Solar,0,GWDC,27.72,0.26,1.94
7.0,2022.0,Australia,AUS,Solar,0,GWDC,27.95,0.23,2.17
8.0,2022.0,Australia,AUS,Solar,0,GWDC,28.22,0.27,2.44
9.0,2022.0,Australia,AUS,Solar,0,GWDC,29.11,0.89,3.33
10.0,2022.0,Australia,AUS,Solar,0,GWDC,29.49,0.38,3.71
11.0,2022.0,Australia,AUS,Solar,0,GWDC,29.81,0.32,4.03
12.0,2022.0,Australia,AUS,Solar,0,GWDC,30.41,0.6,4.63
1.0,2023.0,Australia,AUS,Solar,0,GWDC,30.59,0.18,0.18
2.0,2023.0,Australia,AUS,Solar,0,GWDC,31.16,0.57,0.75
3.0,2023.0,Australia,AUS,Solar,0,GWDC,31.43,0.27,1.02
4.0,2023.0,Australia,AUS,Solar,0,GWDC,31.64,0.21,1.23
5.0,2023.0,Australia,AUS,Solar,0,GWDC,32.18,0.54,1.77
6.0,2023.0,Australia,AUS,Solar,0,GWDC,32.47,0.29,2.06
7.0,2023.0,Australia,AUS,Solar,0,GWDC,32.88,0.41,2.47
8.0,2023.0,Australia,AUS,Solar,0,GWDC,33.24,0.36,2.83
9.0,2023.0,Australia,AUS,Solar,0,GWDC,33.54,0.3,3.13
10.0,2023.0,Australia,AUS,Solar,0,GWDC,33.86,0.32,3.45
11.0,2023.0,Australia,AUS,Solar,0,GWDC,34.29,0.43,3.88
12.0,2023.0,Australia,AUS,Solar,0,GWDC,34.79,0.5,4.38
1.0,2024.0,Australia,AUS,Solar,0,GWDC,35.01,0.22,0.22
2.0,2024.0,Australia,AUS,Solar,0,GWDC,35.31,0.3,0.52
3.0,2024.0,Australia,AUS,Solar,0,GWDC,35.99,0.68,1.2
4.0,2024.0,Australia,AUS,Solar,0,GWDC,36.37,0.38,1.58
5.0,2024.0,Australia,AUS,Solar,0,GWDC,36.77,0.4,1.98
6.0,2024.0,Australia,AUS,Solar,0,GWDC,37.12,0.35,2.33
7.0,2024.0,Australia,AUS,Solar,0,GWDC,37.43,0.31,2.64
8.0,2024.0,Australia,AUS,Solar,0,GWDC,37.84,0.41,3.05
9.0,2024.0,Australia,AUS,Solar,0,GWDC,38.26,0.42,3.47
10.0,2024.0,Australia,AUS,Solar,0,GWDC,38.97,0.71,4.18
11.0,2024.0,Australia,AUS,Solar,0,GWDC,39.3,0.33,4.51
12.0,2024.0,Australia,AUS,Solar,0,GWDC,40.13,0.83,5.34
1.0,2025.0,Australia,AUS,Solar,0,GWDC,40.71,0.58,0.58
2.0,2025.0,Australia,AUS,Solar,0,GWDC,41.01,0.3,0.88
3.0,2025.0,Australia,AUS,Solar,0,GWDC,41.26,0.25,1.13
4.0,2025.0,Australia,AUS,Solar,0,GWDC,41.48,0.22,1.35
5.0,2025.0,Australia,AUS,Solar,0,GWDC,41.68,0.2,1.55
6.0,2025.0,Australia,AUS,Solar,0,GWDC,41.78,0.1,1.65
1.0,2016.0,Australia,AUS,Wind onshore,0,GW,4.26,0.0,0.0
2.0,2016.0,Australia,AUS,Wind onshore,0,GW,4.26,0.0,0.0
3.0,2016.0,Australia,AUS,Wind onshore,0,GW,4.26,0.0,0.0
4.0,2016.0,Australia,AUS,Wind onshore,0,GW,4.26,0.0,0.0
5.0,2016.0,Australia,AUS,Wind onshore,0,GW,4.26,0.0,0.0
6.0,2016.0,Australia,AUS,Wind onshore,0,GW,4.36,0.1,0.1
7.0,2016.0,Australia,AUS,Wind onshore,0,GW,4.36,0.0,0.1
8.0,2016.0,Australia,AUS,Wind onshore,0,GW,4.6,0.24,0.34
9.0,2016.0,Australia,AUS,Wind onshore,0,GW,4.6,0.0,0.34
10.0,2016.0,Australia,AUS,Wind onshore,0,GW,4.6,0.0,0.34
11.0,2016.0,Australia,AUS,Wind onshore,0,GW,4.6,0.0,0.34
12.0,2016.0,Australia,AUS,Wind onshore,0,GW,4.6,0.0,0.34
1.0,2017.0,Australia,AUS,Wind onshore,0,GW,4.6,0.0,0.0
2.0,2017.0,Australia,AUS,Wind onshore,0,GW,4.7,0.1,0.1
3.0,2017.0,Australia,AUS,Wind onshore,0,GW,4.7,0.0,0.1
4.0,2017.0,Australia,AUS,Wind onshore,0,GW,4.7,0.0,0.1
5.0,2017.0,Australia,AUS,Wind onshore,0,GW,4.7,0.0,0.1
6.0,2017.0,Australia,AUS,Wind onshore,0,GW,4.7,0.0,0.1
7.0,2017.0,Australia,AUS,Wind onshore,0,GW,4.88,0.18,0.28
8.0,2017.0,Australia,AUS,Wind onshore,0,GW,4.99,0.11,0.39
9.0,2017.0,Australia,AUS,Wind onshore,0,GW,4.99,0.0,0.39
10.0,2017.0,Australia,AUS,Wind onshore,0,GW,4.99,0.0,0.39
11.0,2017.0,Australia,AUS,Wind onshore,0,GW,5.02,0.03,0.42
12.0,2017.0,Australia,AUS,Wind onshore,0,GW,5.05,0.03,0.45
1.0,2018.0,Australia,AUS,Wind onshore,0,GW,5.05,0.0,0.0
2.0,2018.0,Australia,AUS,Wind onshore,0,GW,5.32,0.27,0.27
3.0,2018.0,Australia,AUS,Wind onshore,0,GW,5.32,0.0,0.27
4.0,2018.0,Australia,AUS,Wind onshore,0,GW,5.32,0.0,0.27
5.0,2018.0,Australia,AUS,Wind onshore,0,GW,5.52,0.2,0.47
6.0,2018.0,Australia,AUS,Wind onshore,0,GW,5.71,0.19,0.66
7.0,2018.0,Australia,AUS,Wind onshore,0,GW,5.71,0.0,0.66
8.0,2018.0,Australia,AUS,Wind onshore,0,GW,6.22,0.51,1.17
9.0,2018.0,Australia,AUS,Wind onshore,0,GW,6.22,0.0,1.17
10.0,2018.0,Australia,AUS,Wind onshore,0,GW,6.22,0.0,1.17
11.0,2018.0,Australia,AUS,Wind onshore,0,GW,6.22,0.0,1.17
12.0,2018.0,Australia,AUS,Wind onshore,0,GW,6.3,0.08,1.25
1.0,2019.0,Australia,AUS,Wind onshore,0,GW,6.43,0.13,0.13
2.0,2019.0,Australia,AUS,Wind onshore,0,GW,6.43,0.0,0.13
3.0,2019.0,Australia,AUS,Wind onshore,0,GW,6.43,0.0,0.13
4.0,2019.0,Australia,AUS,Wind onshore,0,GW,6.66,0.23,0.36
5.0,2019.0,Australia,AUS,Wind onshore,0,GW,6.79,0.13,0.49
6.0,2019.0,Australia,AUS,Wind onshore,0,GW,7.38,0.59,1.08
7.0,2019.0,Australia,AUS,Wind onshore,0,GW,7.39,0.01,1.09
8.0,2019.0,Australia,AUS,Wind onshore,0,GW,7.39,0.0,1.09
9.0,2019.0,Australia,AUS,Wind onshore,0,GW,7.39,0.0,1.09
10.0,2019.0,Australia,AUS,Wind onshore,0,GW,7.39,0.0,1.09
11.0,2019.0,Australia,AUS,Wind onshore,0,GW,7.39,0.0,1.09
12.0,2019.0,Australia,AUS,Wind onshore,0,GW,7.39,0.0,1.09
1.0,2020.0,Australia,AUS,Wind onshore,0,GW,7.65,0.26,0.26
2.0,2020.0,Australia,AUS,Wind onshore,0,GW,7.65,0.0,0.26
3.0,2020.0,Australia,AUS,Wind onshore,0,GW,7.82,0.17,0.43
4.0,2020.0,Australia,AUS,Wind onshore,0,GW,8.07,0.25,0.68
5.0,2020.0,Australia,AUS,Wind onshore,0,GW,8.33,0.26,0.94
6.0,2020.0,Australia,AUS,Wind onshore,0,GW,8.44,0.11,1.05
7.0,2020.0,Australia,AUS,Wind onshore,0,GW,8.65,0.21,1.26
8.0,2020.0,Australia,AUS,Wind onshore,0,GW,8.83,0.18,1.44
9.0,2020.0,Australia,AUS,Wind onshore,0,GW,8.83,0.0,1.44
10.0,2020.0,Australia,AUS,Wind onshore,0,GW,8.83,0.0,1.44
11.0,2020.0,Australia,AUS,Wind onshore,0,GW,9.37,0.54,1.98
12.0,2020.0,Australia,AUS,Wind onshore,0,GW,9.51,0.14,2.12
1.0,2021.0,Australia,AUS,Wind onshore,0,GW,9.67,0.16,0.16
2.0,2021.0,Australia,AUS,Wind onshore,0,GW,9.85,0.18,0.34
3.0,2021.0,Australia,AUS,Wind onshore,0,GW,9.85,0.0,0.34
4.0,2021.0,Australia,AUS,Wind onshore,0,GW,9.85,0.0,0.34
5.0,2021.0,Australia,AUS,Wind onshore,0,GW,9.85,0.0,0.34
6.0,2021.0,Australia,AUS,Wind onshore,0,GW,9.94,0.09,0.43
7.0,2021.0,Australia,AUS,Wind onshore,0,GW,10.51,0.57,1.0
8.0,2021.0,Australia,AUS,Wind onshore,0,GW,10.51,0.0,1.0
9.0,2021.0,Australia,AUS,Wind onshore,0,GW,10.51,0.0,1.0
10.0,2021.0,Australia,AUS,Wind onshore,0,GW,10.51,0.0,1.0
11.0,2021.0,Australia,AUS,Wind onshore,0,GW,10.52,0.01,1.01
12.0,2021.0,Australia,AUS,Wind onshore,0,GW,10.61,0.09,1.1
1.0,2022.0,Australia,AUS,Wind onshore,0,GW,10.61,0.0,0.0
2.0,2022.0,Australia,AUS,Wind onshore,0,GW,10.81,0.2,0.2
3.0,2022.0,Australia,AUS,Wind onshore,0,GW,10.81,0.0,0.2
4.0,2022.0,Australia,AUS,Wind onshore,0,GW,11.02,0.21,0.41
5.0,2022.0,Australia,AUS,Wind onshore,0,GW,11.02,0.0,0.41
6.0,2022.0,Australia,AUS,Wind onshore,0,GW,11.02,0.0,0.41
7.0,2022.0,Australia,AUS,Wind onshore,0,GW,11.02,0.0,0.41
8.0,2022.0,Australia,AUS,Wind onshore,0,GW,11.02,0.0,0.41
9.0,2022.0,Australia,AUS,Wind onshore,0,GW,11.18,0.16,0.57
10.0,2022.0,Australia,AUS,Wind onshore,0,GW,11.34,0.16,0.73
11.0,2022.0,Australia,AUS,Wind onshore,0,GW,11.45,0.11,0.84
12.0,2022.0,Australia,AUS,Wind onshore,0,GW,11.45,0.0,0.84
1.0,2023.0,Australia,AUS,Wind onshore,0,GW,11.45,0.0,0.0
2.0,2023.0,Australia,AUS,Wind onshore,0,GW,11.45,0.0,0.0
3.0,2023.0,Australia,AUS,Wind onshore,0,GW,11.45,0.0,0.0
4.0,2023.0,Australia,AUS,Wind onshore,0,GW,11.63,0.18,0.18
5.0,2023.0,Australia,AUS,Wind onshore,0,GW,11.63,0.0,0.18
6.0,2023.0,Australia,AUS,Wind onshore,0,GW,11.63,0.0,0.18
7.0,2023.0,Australia,AUS,Wind onshore,0,GW,11.63,0.0,0.18
8.0,2023.0,Australia,AUS,Wind onshore,0,GW,12.02,0.39,0.57
9.0,2023.0,Australia,AUS,Wind onshore,0,GW,12.17,0.15,0.72
10.0,2023.0,Australia,AUS,Wind onshore,0,GW,12.17,0.0,0.72
11.0,2023.0,Australia,AUS,Wind onshore,0,GW,12.24,0.07,0.79
12.0,2023.0,Australia,AUS,Wind onshore,0,GW,12.24,0.0,0.79
1.0,2024.0,Australia,AUS,Wind onshore,0,GW,12.24,0.0,0.0
2.0,2024.0,Australia,AUS,Wind onshore,0,GW,12.24,0.0,0.0
3.0,2024.0,Australia,AUS,Wind onshore,0,GW,12.24,0.0,0.0
4.0,2024.0,Australia,AUS,Wind onshore,0,GW,12.45,0.21,0.21
5.0,2024.0,Australia,AUS,Wind onshore,0,GW,12.51,0.06,0.27
6.0,2024.0,Australia,AUS,Wind onshore,0,GW,12.6,0.09,0.36
7.0,2024.0,Australia,AUS,Wind onshore,0,GW,12.82,0.22,0.58
8.0,2024.0,Australia,AUS,Wind onshore,0,GW,14.01,1.19,1.77
9.0,2024.0,Australia,AUS,Wind onshore,0,GW,14.25,0.24,2.01
10.0,2024.0,Australia,AUS,Wind onshore,0,GW,14.6,0.35,2.36
11.0,2024.0,Australia,AUS,Wind onshore,0,GW,14.8,0.2,2.56
12.0,2024.0,Australia,AUS,Wind onshore,0,GW,14.8,0.0,2.56
1.0,2025.0,Australia,AUS,Wind onshore,0,GW,14.8,0.0,0.0
2.0,2025.0,Australia,AUS,Wind onshore,0,GW,14.8,0.0,0.0
3.0,2025.0,Australia,AUS,Wind onshore,0,GW,14.8,0.0,0.0
4.0,2025.0,Australia,AUS,Wind onshore,0,GW,14.91,0.11,0.11
5.0,2025.0,Australia,AUS,Wind onshore,0,GW,15.16,0.25,0.36
6.0,2025.0,Australia,AUS,Wind onshore,0,GW,15.41,0.25,0.61
1.0,2016.0,Australia,AUS,Wind,1,GW,4.26,0.0,0.0
2.0,2016.0,Australia,AUS,Wind,1,GW,4.26,0.0,0.0
3.0,2016.0,Australia,AUS,Wind,1,GW,4.26,0.0,0.0
4.0,2016.0,Australia,AUS,Wind,1,GW,4.26,0.0,0.0
5.0,2016.0,Australia,AUS,Wind,1,GW,4.26,0.0,0.0
6.0,2016.0,Australia,AUS,Wind,1,GW,4.36,0.1,0.1
7.0,2016.0,Australia,AUS,Wind,1,GW,4.36,0.0,0.1
8.0,2016.0,Australia,AUS,Wind,1,GW,4.6,0.24,0.34
9.0,2016.0,Australia,AUS,Wind,1,GW,4.6,0.0,0.34
10.0,2016.0,Australia,AUS,Wind,1,GW,4.6,0.0,0.34
11.0,2016.0,Australia,AUS,Wind,1,GW,4.6,0.0,0.34
12.0,2016.0,Australia,AUS,Wind,1,GW,4.6,0.0,0.34
1.0,2017.0,Australia,AUS,Wind,1,GW,4.6,0.0,0.0
2.0,2017.0,Australia,AUS,Wind,1,GW,4.7,0.1,0.1
3.0,2017.0,Australia,AUS,Wind,1,GW,4.7,0.0,0.1
4.0,2017.0,Australia,AUS,Wind,1,GW,4.7,0.0,0.1
5.0,2017.0,Australia,AUS,Wind,1,GW,4.7,0.0,0.1
6.0,2017.0,Australia,AUS,Wind,1,GW,4.7,0.0,0.1
7.0,2017.0,Australia,AUS,Wind,1,GW,4.88,0.18,0.28
8.0,2017.0,Australia,AUS,Wind,1,GW,4.99,0.11,0.39
9.0,2017.0,Australia,AUS,Wind,1,GW,4.99,0.0,0.39
10.0,2017.0,Australia,AUS,Wind,1,GW,4.99,0.0,0.39
11.0,2017.0,Australia,AUS,Wind,1,GW,5.02,0.03,0.42
12.0,2017.0,Australia,AUS,Wind,1,GW,5.05,0.03,0.45
1.0,2018.0,Australia,AUS,Wind,1,GW,5.05,0.0,0.0
2.0,2018.0,Australia,AUS,Wind,1,GW,5.32,0.27,0.27
3.0,2018.0,Australia,AUS,Wind,1,GW,5.32,0.0,0.27
4.0,2018.0,Australia,AUS,Wind,1,GW,5.32,0.0,0.27
5.0,2018.0,Australia,AUS,Wind,1,GW,5.52,0.2,0.47
6.0,2018.0,Australia,AUS,Wind,1,GW,5.71,0.19,0.66
7.0,2018.0,Australia,AUS,Wind,1,GW,5.71,0.0,0.66
8.0,2018.0,Australia,AUS,Wind,1,GW,6.22,0.51,1.17
9.0,2018.0,Australia,AUS,Wind,1,GW,6.22,0.0,1.17
10.0,2018.0,Australia,AUS,Wind,1,GW,6.22,0.0,1.17
11.0,2018.0,Australia,AUS,Wind,1,GW,6.22,0.0,1.17
12.0,2018.0,Australia,AUS,Wind,1,GW,6.3,0.08,1.25
1.0,2019.0,Australia,AUS,Wind,1,GW,6.43,0.13,0.13
2.0,2019.0,Australia,AUS,Wind,1,GW,6.43,0.0,0.13
3.0,2019.0,Australia,AUS,Wind,1,GW,6.43,0.0,0.13
4.0,2019.0,Australia,AUS,Wind,1,GW,6.66,0.23,0.36
5.0,2019.0,Australia,AUS,Wind,1,GW,6.79,0.13,0.49
6.0,2019.0,Australia,AUS,Wind,1,GW,7.38,0.59,1.08
7.0,2019.0,Australia,AUS,Wind,1,GW,7.39,0.01,1.09
8.0,2019.0,Australia,AUS,Wind,1,GW,7.39,0.0,1.09
9.0,2019.0,Australia,AUS,Wind,1,GW,7.39,0.0,1.09
10.0,2019.0,Australia,AUS,Wind,1,GW,7.39,0.0,1.09
11.0,2019.0,Australia,AUS,Wind,1,GW,7.39,0.0,1.09
12.0,2019.0,Australia,AUS,Wind,1,GW,7.39,0.0,1.09
1.0,2020.0,Australia,AUS,Wind,1,GW,7.65,0.26,0.26
2.0,2020.0,Australia,AUS,Wind,1,GW,7.65,0.0,0.26
3.0,2020.0,Australia,AUS,Wind,1,GW,7.82,0.17,0.43
4.0,2020.0,Australia,AUS,Wind,1,GW,8.07,0.25,0.68
5.0,2020.0,Australia,AUS,Wind,1,GW,8.33,0.26,0.94
6.0,2020.0,Australia,AUS,Wind,1,GW,8.44,0.11,1.05
7.0,2020.0,Australia,AUS,Wind,1,GW,8.65,0.21,1.26
8.0,2020.0,Australia,AUS,Wind,1,GW,8.83,0.18,1.44
9.0,2020.0,Australia,AUS,Wind,1,GW,8.83,0.0,1.44
10.0,2020.0,Australia,AUS,Wind,1,GW,8.83,0.0,1.44
11.0,2020.0,Australia,AUS,Wind,1,GW,9.37,0.54,1.98
12.0,2020.0,Australia,AUS,Wind,1,GW,9.51,0.14,2.12
1.0,2021.0,Australia,AUS,Wind,1,GW,9.67,0.16,0.16
2.0,2021.0,Australia,AUS,Wind,1,GW,9.85,0.18,0.34
3.0,2021.0,Australia,AUS,Wind,1,GW,9.85,0.0,0.34
4.0,2021.0,Australia,AUS,Wind,1,GW,9.85,0.0,0.34
5.0,2021.0,Australia,AUS,Wind,1,GW,9.85,0.0,0.34
6.0,2021.0,Australia,AUS,Wind,1,GW,9.94,0.09,0.43
7.0,2021.0,Australia,AUS,Wind,1,GW,10.51,0.57,1.0
8.0,2021.0,Australia,AUS,Wind,1,GW,10.51,0.0,1.0
9.0,2021.0,Australia,AUS,Wind,1,GW,10.51,0.0,1.0
10.0,2021.0,Australia,AUS,Wind,1,GW,10.51,0.0,1.0
11.0,2021.0,Australia,AUS,Wind,1,GW,10.52,0.01,1.01
12.0,2021.0,Australia,AUS,Wind,1,GW,10.61,0.09,1.1
1.0,2022.0,Australia,AUS,Wind,1,GW,10.61,0.0,0.0
2.0,2022.0,Australia,AUS,Wind,1,GW,10.81,0.2,0.2
3.0,2022.0,Australia,AUS,Wind,1,GW,10.81,0.0,0.2
4.0,2022.0,Australia,AUS,Wind,1,GW,11.02,0.21,0.41
5.0,2022.0,Australia,AUS,Wind,1,GW,11.02,0.0,0.41
6.0,2022.0,Australia,AUS,Wind,1,GW,11.02,0.0,0.41
7.0,2022.0,Australia,AUS,Wind,1,GW,11.02,0.0,0.41
8.0,2022.0,Australia,AUS,Wind,1,GW,11.02,0.0,0.41
9.0,2022.0,Australia,AUS,Wind,1,GW,11.18,0.16,0.57
10.0,2022.0,Australia,AUS,Wind,1,GW,11.34,0.16,0.73
11.0,2022.0,Australia,AUS,Wind,1,GW,11.45,0.11,0.84
12.0,2022.0,Australia,AUS,Wind,1,GW,11.45,0.0,0.84
1.0,2023.0,Australia,AUS,Wind,1,GW,11.45,0.0,0.0
2.0,2023.0,Australia,AUS,Wind,1,GW,11.45,0.0,0.0
3.0,2023.0,Australia,AUS,Wind,1,GW,11.45,0.0,0.0
4.0,2023.0,Australia,AUS,Wind,1,GW,11.63,0.18,0.18
5.0,2023.0,Australia,AUS,Wind,1,GW,11.63,0.0,0.18
6.0,2023.0,Australia,AUS,Wind,1,GW,11.63,0.0,0.18
7.0,2023.0,Australia,AUS,Wind,1,GW,11.63,0.0,0.18
8.0,2023.0,Australia,AUS,Wind,1,GW,12.02,0.39,0.57
9.0,2023.0,Australia,AUS,Wind,1,GW,12.17,0.15,0.72
10.0,2023.0,Australia,AUS,Wind,1,GW,12.17,0.0,0.72
11.0,2023.0,Australia,AUS,Wind,1,GW,12.24,0.07,0.79
12.0,2023.0,Australia,AUS,Wind,1,GW,12.24,0.0,0.79
1.0,2024.0,Australia,AUS,Wind,1,GW,12.24,0.0,0.0
2.0,2024.0,Australia,AUS,Wind,1,GW,12.24,0.0,0.0
3.0,2024.0,Australia,AUS,Wind,1,GW,12.24,0.0,0.0
4.0,2024.0,Australia,AUS,Wind,1,GW,12.45,0.21,0.21
5.0,2024.0,Australia,AUS,Wind,1,GW,12.51,0.06,0.27
6.0,2024.0,Australia,AUS,Wind,1,GW,12.6,0.09,0.36
7.0,2024.0,Australia,AUS,Wind,1,GW,12.82,0.22,0.58
8.0,2024.0,Australia,AUS,Wind,1,GW,14.01,1.19,1.77
9.0,2024.0,Australia,AUS,Wind,1,GW,14.25,0.24,2.01
10.0,2024.0,Australia,AUS,Wind,1,GW,14.6,0.35,2.36
11.0,2024.0,Australia,AUS,Wind,1,GW,14.8,0.2,2.56
12.0,2024.0,Australia,AUS,Wind,1,GW,14.8,0.0,2.56
1.0,2025.0,Australia,AUS,Wind,1,GW,14.8,0.0,0.0
2.0,2025.0,Australia,AUS,Wind,1,GW,14.8,0.0,0.0
3.0,2025.0,Australia,AUS,Wind,1,GW,14.8,0.0,0.0
4.0,2025.0,Australia,AUS,Wind,1,GW,14.91,0.11,0.11
5.0,2025.0,Australia,AUS,Wind,1,GW,15.16,0.25,0.36
6.0,2025.0,Australia,AUS,Wind,1,GW,15.41,0.25,0.61
1.0,2016.0,Australia,AUS,Wind and solar,1,GW,9.21,0.04,0.04
2.0,2016.0,Australia,AUS,Wind and solar,1,GW,9.33,0.12,0.16
3.0,2016.0,Australia,AUS,Wind and solar,1,GW,9.38,0.05,0.21
4.0,2016.0,Australia,AUS,Wind and solar,1,GW,9.45,0.07,0.28
5.0,2016.0,Australia,AUS,Wind and solar,1,GW,9.51,0.06,0.34
6.0,2016.0,Australia,AUS,Wind and solar,1,GW,9.68,0.17,0.51
7.0,2016.0,Australia,AUS,Wind and solar,1,GW,9.73,0.05,0.56
8.0,2016.0,Australia,AUS,Wind and solar,1,GW,10.04,0.31,0.87
9.0,2016.0,Australia,AUS,Wind and solar,1,GW,10.11,0.07,0.94
10.0,2016.0,Australia,AUS,Wind and solar,1,GW,10.18,0.07,1.01
11.0,2016.0,Australia,AUS,Wind and solar,1,GW,10.26,0.08,1.09
12.0,2016.0,Australia,AUS,Wind and solar,1,GW,10.38,0.12,1.21
1.0,2017.0,Australia,AUS,Wind and solar,1,GW,10.44,0.06,0.06
2.0,2017.0,Australia,AUS,Wind and solar,1,GW,10.61,0.17,0.23
3.0,2017.0,Australia,AUS,Wind and solar,1,GW,10.72,0.11,0.34
4.0,2017.0,Australia,AUS,Wind and solar,1,GW,10.79,0.07,0.41
5.0,2017.0,Australia,AUS,Wind and solar,1,GW,10.89,0.1,0.51
6.0,2017.0,Australia,AUS,Wind and solar,1,GW,10.99,0.1,0.61
7.0,2017.0,Australia,AUS,Wind and solar,1,GW,11.27,0.28,0.89
8.0,2017.0,Australia,AUS,Wind and solar,1,GW,11.49,0.22,1.11
9.0,2017.0,Australia,AUS,Wind and solar,1,GW,11.59,0.1,1.21
10.0,2017.0,Australia,AUS,Wind and solar,1,GW,11.7,0.11,1.32
11.0,2017.0,Australia,AUS,Wind and solar,1,GW,11.88,0.18,1.5
12.0,2017.0,Australia,AUS,Wind and solar,1,GW,12.19,0.31,1.81
1.0,2018.0,Australia,AUS,Wind and solar,1,GW,12.34,0.15,0.15
2.0,2018.0,Australia,AUS,Wind and solar,1,GW,12.74,0.4,0.55
3.0,2018.0,Australia,AUS,Wind and solar,1,GW,13.22,0.48,1.03
4.0,2018.0,Australia,AUS,Wind and solar,1,GW,13.35,0.13,1.16
5.0,2018.0,Australia,AUS,Wind and solar,1,GW,13.93,0.58,1.74
6.0,2018.0,Australia,AUS,Wind and solar,1,GW,14.26,0.33,2.07
7.0,2018.0,Australia,AUS,Wind and solar,1,GW,14.78,0.52,2.59
8.0,2018.0,Australia,AUS,Wind and solar,1,GW,15.65,0.87,3.46
9.0,2018.0,Australia,AUS,Wind and solar,1,GW,16.48,0.83,4.29
10.0,2018.0,Australia,AUS,Wind and solar,1,GW,16.78,0.3,4.59
11.0,2018.0,Australia,AUS,Wind and solar,1,GW,17.18,0.4,4.99
12.0,2018.0,Australia,AUS,Wind and solar,1,GW,17.54,0.36,5.35
1.0,2019.0,Australia,AUS,Wind and solar,1,GW,17.95,0.41,0.41
2.0,2019.0,Australia,AUS,Wind and solar,1,GW,18.39,0.44,0.85
3.0,2019.0,Australia,AUS,Wind and solar,1,GW,18.57,0.18,1.03
4.0,2019.0,Australia,AUS,Wind and solar,1,GW,19.15,0.58,1.61
5.0,2019.0,Australia,AUS,Wind and solar,1,GW,19.72,0.57,2.18
6.0,2019.0,Australia,AUS,Wind and solar,1,GW,20.58,0.86,3.04
7.0,2019.0,Australia,AUS,Wind and solar,1,GW,20.79,0.21,3.25
8.0,2019.0,Australia,AUS,Wind and solar,1,GW,21.24,0.45,3.7
9.0,2019.0,Australia,AUS,Wind and solar,1,GW,21.44,0.2,3.9
10.0,2019.0,Australia,AUS,Wind and solar,1,GW,21.92,0.48,4.38
11.0,2019.0,Australia,AUS,Wind and solar,1,GW,22.51,0.59,4.97
12.0,2019.0,Australia,AUS,Wind and solar,1,GW,23.43,0.92,5.89
1.0,2020.0,Australia,AUS,Wind and solar,1,GW,23.89,0.46,0.46
2.0,2020.0,Australia,AUS,Wind and solar,1,GW,24.12,0.23,0.69
3.0,2020.0,Australia,AUS,Wind and solar,1,GW,24.67,0.55,1.24
4.0,2020.0,Australia,AUS,Wind and solar,1,GW,25.26,0.59,1.83
5.0,2020.0,Australia,AUS,Wind and solar,1,GW,25.75,0.49,2.32
6.0,2020.0,Australia,AUS,Wind and solar,1,GW,26.36,0.61,2.93
7.0,2020.0,Australia,AUS,Wind and solar,1,GW,26.9,0.54,3.47
8.0,2020.0,Australia,AUS,Wind and solar,1,GW,27.32,0.42,3.89
9.0,2020.0,Australia,AUS,Wind and solar,1,GW,27.85,0.53,4.42
10.0,2020.0,Australia,AUS,Wind and solar,1,GW,28.17,0.32,4.74
11.0,2020.0,Australia,AUS,Wind and solar,1,GW,29.34,1.17,5.91
12.0,2020.0,Australia,AUS,Wind and solar,1,GW,30.26,0.92,6.83
1.0,2021.0,Australia,AUS,Wind and solar,1,GW,30.66,0.4,0.4
2.0,2021.0,Australia,AUS,Wind and solar,1,GW,31.27,0.61,1.01
3.0,2021.0,Australia,AUS,Wind and solar,1,GW,31.62,0.35,1.36
4.0,2021.0,Australia,AUS,Wind and solar,1,GW,31.91,0.29,1.65
5.0,2021.0,Australia,AUS,Wind and solar,1,GW,32.27,0.36,2.01
6.0,2021.0,Australia,AUS,Wind and solar,1,GW,32.78,0.51,2.52
7.0,2021.0,Australia,AUS,Wind and solar,1,GW,33.69,0.91,3.43
8.0,2021.0,Australia,AUS,Wind and solar,1,GW,34.17,0.48,3.91
9.0,2021.0,Australia,AUS,Wind and solar,1,GW,34.45,0.28,4.19
10.0,2021.0,Australia,AUS,Wind and solar,1,GW,34.84,0.39,4.58
11.0,2021.0,Australia,AUS,Wind and solar,1,GW,35.76,0.92,5.5
12.0,2021.0,Australia,AUS,Wind and solar,1,GW,36.39,0.63,6.13
1.0,2022.0,Australia,AUS,Wind and solar,1,GW,36.53,0.14,0.14
2.0,2022.0,Australia,AUS,Wind and solar,1,GW,36.95,0.42,0.56
3.0,2022.0,Australia,AUS,Wind and solar,1,GW,37.34,0.39,0.95
4.0,2022.0,Australia,AUS,Wind and solar,1,GW,38.27,0.93,1.88
5.0,2022.0,Australia,AUS,Wind and solar,1,GW,38.48,0.21,2.09
6.0,2022.0,Australia,AUS,Wind and solar,1,GW,38.74,0.26,2.35
7.0,2022.0,Australia,AUS,Wind and solar,1,GW,38.97,0.23,2.58
8.0,2022.0,Australia,AUS,Wind and solar,1,GW,39.24,0.27,2.85
9.0,2022.0,Australia,AUS,Wind and solar,1,GW,40.29,1.05,3.9
10.0,2022.0,Australia,AUS,Wind and solar,1,GW,40.83,0.54,4.44
11.0,2022.0,Australia,AUS,Wind and solar,1,GW,41.26,0.43,4.87
12.0,2022.0,Australia,AUS,Wind and solar,1,GW,41.86,0.6,5.47
1.0,2023.0,Australia,AUS,Wind and solar,1,GW,42.03,0.17,0.17
2.0,2023.0,Australia,AUS,Wind and solar,1,GW,42.61,0.58,0.75
3.0,2023.0,Australia,AUS,Wind and solar,1,GW,42.88,0.27,1.02
4.0,2023.0,Australia,AUS,Wind and solar,1,GW,43.27,0.39,1.41
5.0,2023.0,Australia,AUS,Wind and solar,1,GW,43.81,0.54,1.95
6.0,2023.0,Australia,AUS,Wind and solar,1,GW,44.09,0.28,2.23
7.0,2023.0,Australia,AUS,Wind and solar,1,GW,44.5,0.41,2.64
8.0,2023.0,Australia,AUS,Wind and solar,1,GW,45.26,0.76,3.4
9.0,2023.0,Australia,AUS,Wind and solar,1,GW,45.71,0.45,3.85
10.0,2023.0,Australia,AUS,Wind and solar,1,GW,46.03,0.32,4.17
11.0,2023.0,Australia,AUS,Wind and solar,1,GW,46.53,0.5,4.67
12.0,2023.0,Australia,AUS,Wind and solar,1,GW,47.04,0.51,5.18
1.0,2024.0,Australia,AUS,Wind and solar,1,GW,47.26,0.22,0.22
2.0,2024.0,Australia,AUS,Wind and solar,1,GW,47.55,0.29,0.51
3.0,2024.0,Australia,AUS,Wind and solar,1,GW,48.23,0.68,1.19
4.0,2024.0,Australia,AUS,Wind and solar,1,GW,48.83,0.6,1.79
5.0,2024.0,Australia,AUS,Wind and solar,1,GW,49.28,0.45,2.24
6.0,2024.0,Australia,AUS,Wind and solar,1,GW,49.73,0.45,2.69
7.0,2024.0,Australia,AUS,Wind and solar,1,GW,50.25,0.52,3.21
8.0,2024.0,Australia,AUS,Wind and solar,1,GW,51.84,1.59,4.8
9.0,2024.0,Australia,AUS,Wind and solar,1,GW,52.52,0.68,5.48
10.0,2024.0,Australia,AUS,Wind and solar,1,GW,53.57,1.05,6.53
11.0,2024.0,Australia,AUS,Wind and solar,1,GW,54.1,0.53,7.06
12.0,2024.0,Australia,AUS,Wind and solar,1,GW,54.93,0.83,7.89
1.0,2025.0,Australia,AUS,Wind and solar,1,GW,55.51,0.58,0.58
2.0,2025.0,Australia,AUS,Wind and solar,1,GW,55.81,0.3,0.88
3.0,2025.0,Australia,AUS,Wind and solar,1,GW,56.07,0.26,1.14
4.0,2025.0,Australia,AUS,Wind and solar,1,GW,56.39,0.32,1.46
5.0,2025.0,Australia,AUS,Wind and solar,1,GW,56.83,0.44,1.9
6.0,2025.0,Australia,AUS,Wind and solar,1,GW,57.18,0.35,2.25
6.0,2019.0,Belgium,BEL,Solar,0,GWAC,2.59,,
7.0,2019.0,Belgium,BEL,Solar,0,GWAC,2.59,0.0,
8.0,2019.0,Belgium,BEL,Solar,0,GWAC,2.99,0.4,
9.0,2019.0,Belgium,BEL,Solar,0,GWAC,2.99,0.0,
10.0,2019.0,Belgium,BEL,Solar,0,GWAC,2.99,0.0,
11.0,2019.0,Belgium,BEL,Solar,0,GWAC,2.99,0.0,
12.0,2019.0,Belgium,BEL,Solar,0,GWAC,2.99,0.0,
1.0,2020.0,Belgium,BEL,Solar,0,GWAC,2.99,0.0,0.0
2.0,2020.0,Belgium,BEL,Solar,0,GWAC,3.11,0.12,0.12
3.0,2020.0,Belgium,BEL,Solar,0,GWAC,3.11,0.0,0.12
4.0,2020.0,Belgium,BEL,Solar,0,GWAC,3.11,0.0,0.12
5.0,2020.0,Belgium,BEL,Solar,0,GWAC,3.11,0.0,0.12
6.0,2020.0,Belgium,BEL,Solar,0,GWAC,3.11,0.0,0.12
7.0,2020.0,Belgium,BEL,Solar,0,GWAC,3.11,0.0,0.12
8.0,2020.0,Belgium,BEL,Solar,0,GWAC,3.11,0.0,0.12
9.0,2020.0,Belgium,BEL,Solar,0,GWAC,3.11,0.0,0.12
10.0,2020.0,Belgium,BEL,Solar,0,GWAC,3.11,0.0,0.12
11.0,2020.0,Belgium,BEL,Solar,0,GWAC,3.11,0.0,0.12
12.0,2020.0,Belgium,BEL,Solar,0,GWAC,3.68,0.57,0.69
1.0,2021.0,Belgium,BEL,Solar,0,GWAC,3.68,0.0,0.0
2.0,2021.0,Belgium,BEL,Solar,0,GWAC,3.68,0.0,0.0
3.0,2021.0,Belgium,BEL,Solar,0,GWAC,3.68,0.0,0.0
4.0,2021.0,Belgium,BEL,Solar,0,GWAC,3.68,0.0,0.0
5.0,2021.0,Belgium,BEL,Solar,0,GWAC,3.68,0.0,0.0
6.0,2021.0,Belgium,BEL,Solar,0,GWAC,3.68,0.0,0.0
7.0,2021.0,Belgium,BEL,Solar,0,GWAC,3.68,0.0,0.0
8.0,2021.0,Belgium,BEL,Solar,0,GWAC,3.68,0.0,0.0
9.0,2021.0,Belgium,BEL,Solar,0,GWAC,3.68,0.0,0.0
10.0,2021.0,Belgium,BEL,Solar,0,GWAC,3.68,0.0,0.0
11.0,2021.0,Belgium,BEL,Solar,0,GWAC,3.68,0.0,0.0
12.0,2021.0,Belgium,BEL,Solar,0,GWAC,3.68,0.0,0.0
1.0,2022.0,Belgium,BEL,Solar,0,GWAC,3.68,0.0,0.0
2.0,2022.0,Belgium,BEL,Solar,0,GWAC,3.68,0.0,0.0
3.0,2022.0,Belgium,BEL,Solar,0,GWAC,4.54,0.86,0.86
4.0,2022.0,Belgium,BEL,Solar,0,GWAC,4.54,0.0,0.86
5.0,2022.0,Belgium,BEL,Solar,0,GWAC,4.58,0.04,0.9
6.0,2022.0,Belgium,BEL,Solar,0,GWAC,4.62,0.04,0.94
7.0,2022.0,Belgium,BEL,Solar,0,GWAC,4.66,0.04,0.98
8.0,2022.0,Belgium,BEL,Solar,0,GWAC,4.7,0.04,1.02
9.0,2022.0,Belgium,BEL,Solar,0,GWAC,4.75,0.05,1.07
10.0,2022.0,Belgium,BEL,Solar,0,GWAC,4.79,0.04,1.11
11.0,2022.0,Belgium,BEL,Solar,0,GWAC,4.83,0.04,1.15
12.0,2022.0,Belgium,BEL,Solar,0,GWAC,4.95,0.12,1.27
1.0,2023.0,Belgium,BEL,Solar,0,GWAC,4.98,0.03,0.03
2.0,2023.0,Belgium,BEL,Solar,0,GWAC,5.59,0.61,0.64
3.0,2023.0,Belgium,BEL,Solar,0,GWAC,5.65,0.06,0.7
4.0,2023.0,Belgium,BEL,Solar,0,GWAC,5.71,0.06,0.76
5.0,2023.0,Belgium,BEL,Solar,0,GWAC,5.78,0.07,0.83
6.0,2023.0,Belgium,BEL,Solar,0,GWAC,5.84,0.06,0.89
7.0,2023.0,Belgium,BEL,Solar,0,GWAC,5.91,0.07,0.96
8.0,2023.0,Belgium,BEL,Solar,0,GWAC,5.97,0.06,1.02
9.0,2023.0,Belgium,BEL,Solar,0,GWAC,6.04,0.07,1.09
10.0,2023.0,Belgium,BEL,Solar,0,GWAC,6.1,0.06,1.15
11.0,2023.0,Belgium,BEL,Solar,0,GWAC,6.61,0.51,1.66
12.0,2023.0,Belgium,BEL,Solar,0,GWAC,6.69,0.08,1.74
1.0,2024.0,Belgium,BEL,Solar,0,GWAC,6.76,0.07,0.07
2.0,2024.0,Belgium,BEL,Solar,0,GWAC,6.84,0.08,0.15
3.0,2024.0,Belgium,BEL,Solar,0,GWAC,6.91,0.07,0.22
4.0,2024.0,Belgium,BEL,Solar,0,GWAC,6.99,0.08,0.3
5.0,2024.0,Belgium,BEL,Solar,0,GWAC,7.68,0.69,0.99
6.0,2024.0,Belgium,BEL,Solar,0,GWAC,7.77,0.09,1.08
7.0,2024.0,Belgium,BEL,Solar,0,GWAC,7.77,0.0,1.08
8.0,2024.0,Belgium,BEL,Solar,0,GWAC,7.85,0.08,1.16
9.0,2024.0,Belgium,BEL,Solar,0,GWAC,7.92,0.07,1.23
10.0,2024.0,Belgium,BEL,Solar,0,GWAC,8.0,0.08,1.31
11.0,2024.0,Belgium,BEL,Solar,0,GWAC,8.07,0.07,1.38
12.0,2024.0,Belgium,BEL,Solar,0,GWAC,8.15,0.08,1.46
1.0,2025.0,Belgium,BEL,Solar,0,GWAC,8.23,0.08,0.08
2.0,2025.0,Belgium,BEL,Solar,0,GWAC,8.31,0.08,0.16
3.0,2025.0,Belgium,BEL,Solar,0,GWAC,8.39,0.08,0.24
4.0,2025.0,Belgium,BEL,Solar,0,GWAC,8.51,0.12,0.36
5.0,2025.0,Belgium,BEL,Solar,0,GWAC,8.57,0.06,0.42
6.0,2025.0,Belgium,BEL,Solar,0,GWAC,8.63,0.06,0.48
7.0,2025.0,Belgium,BEL,Solar,0,GWAC,8.69,0.06,0.54
8.0,2025.0,Belgium,BEL,Solar,0,GWAC,8.75,0.06,0.6
6.0,2019.0,Belgium,BEL,Solar,0,GWDC,3.37,,
7.0,2019.0,Belgium,BEL,Solar,0,GWDC,3.37,0.0,
8.0,2019.0,Belgium,BEL,Solar,0,GWDC,3.89,0.52,
9.0,2019.0,Belgium,BEL,Solar,0,GWDC,3.89,0.0,
10.0,2019.0,Belgium,BEL,Solar,0,GWDC,3.89,0.0,
11.0,2019.0,Belgium,BEL,Solar,0,GWDC,3.89,0.0,
12.0,2019.0,Belgium,BEL,Solar,0,GWDC,3.89,0.0,
1.0,2020.0,Belgium,BEL,Solar,0,GWDC,3.89,0.0,0.0
2.0,2020.0,Belgium,BEL,Solar,0,GWDC,4.04,0.15,0.15
3.0,2020.0,Belgium,BEL,Solar,0,GWDC,4.04,0.0,0.15
4.0,2020.0,Belgium,BEL,Solar,0,GWDC,4.04,0.0,0.15
5.0,2020.0,Belgium,BEL,Solar,0,GWDC,4.04,0.0,0.15
6.0,2020.0,Belgium,BEL,Solar,0,GWDC,4.04,0.0,0.15
7.0,2020.0,Belgium,BEL,Solar,0,GWDC,4.04,0.0,0.15
8.0,2020.0,Belgium,BEL,Solar,0,GWDC,4.04,0.0,0.15
9.0,2020.0,Belgium,BEL,Solar,0,GWDC,4.04,0.0,0.15
10.0,2020.0,Belgium,BEL,Solar,0,GWDC,4.04,0.0,0.15
11.0,2020.0,Belgium,BEL,Solar,0,GWDC,4.04,0.0,0.15
12.0,2020.0,Belgium,BEL,Solar,0,GWDC,4.79,0.75,0.9
1.0,2021.0,Belgium,BEL,Solar,0,GWDC,4.79,0.0,0.0
2.0,2021.0,Belgium,BEL,Solar,0,GWDC,4.79,0.0,0.0
3.0,2021.0,Belgium,BEL,Solar,0,GWDC,4.79,0.0,0.0
4.0,2021.0,Belgium,BEL,Solar,0,GWDC,4.79,0.0,0.0
5.0,2021.0,Belgium,BEL,Solar,0,GWDC,4.79,0.0,0.0
6.0,2021.0,Belgium,BEL,Solar,0,GWDC,4.79,0.0,0.0
7.0,2021.0,Belgium,BEL,Solar,0,GWDC,4.79,0.0,0.0
8.0,2021.0,Belgium,BEL,Solar,0,GWDC,4.79,0.0,0.0
9.0,2021.0,Belgium,BEL,Solar,0,GWDC,4.79,0.0,0.0
10.0,2021.0,Belgium,BEL,Solar,0,GWDC,4.79,0.0,0.0
11.0,2021.0,Belgium,BEL,Solar,0,GWDC,4.79,0.0,0.0
12.0,2021.0,Belgium,BEL,Solar,0,GWDC,4.79,0.0,0.0
1.0,2022.0,Belgium,BEL,Solar,0,GWDC,4.79,0.0,0.0
2.0,2022.0,Belgium,BEL,Solar,0,GWDC,4.79,0.0,0.0
3.0,2022.0,Belgium,BEL,Solar,0,GWDC,5.9,1.11,1.11
4.0,2022.0,Belgium,BEL,Solar,0,GWDC,5.9,0.0,1.11
5.0,2022.0,Belgium,BEL,Solar,0,GWDC,5.95,0.05,1.16
6.0,2022.0,Belgium,BEL,Solar,0,GWDC,6.0,0.05,1.21
7.0,2022.0,Belgium,BEL,Solar,0,GWDC,6.06,0.06,1.27
8.0,2022.0,Belgium,BEL,Solar,0,GWDC,6.11,0.05,1.32
9.0,2022.0,Belgium,BEL,Solar,0,GWDC,6.17,0.06,1.38
10.0,2022.0,Belgium,BEL,Solar,0,GWDC,6.23,0.06,1.44
11.0,2022.0,Belgium,BEL,Solar,0,GWDC,6.28,0.05,1.49
12.0,2022.0,Belgium,BEL,Solar,0,GWDC,6.43,0.15,1.64
1.0,2023.0,Belgium,BEL,Solar,0,GWDC,6.47,0.04,0.04
2.0,2023.0,Belgium,BEL,Solar,0,GWDC,7.27,0.8,0.84
3.0,2023.0,Belgium,BEL,Solar,0,GWDC,7.35,0.08,0.92
4.0,2023.0,Belgium,BEL,Solar,0,GWDC,7.43,0.08,1.0
5.0,2023.0,Belgium,BEL,Solar,0,GWDC,7.51,0.08,1.08
6.0,2023.0,Belgium,BEL,Solar,0,GWDC,7.59,0.08,1.16
7.0,2023.0,Belgium,BEL,Solar,0,GWDC,7.68,0.09,1.25
8.0,2023.0,Belgium,BEL,Solar,0,GWDC,7.76,0.08,1.33
9.0,2023.0,Belgium,BEL,Solar,0,GWDC,7.85,0.09,1.42
10.0,2023.0,Belgium,BEL,Solar,0,GWDC,7.94,0.09,1.51
11.0,2023.0,Belgium,BEL,Solar,0,GWDC,8.59,0.65,2.16
12.0,2023.0,Belgium,BEL,Solar,0,GWDC,8.69,0.1,2.26
1.0,2024.0,Belgium,BEL,Solar,0,GWDC,8.79,0.1,0.1
2.0,2024.0,Belgium,BEL,Solar,0,GWDC,8.89,0.1,0.2
3.0,2024.0,Belgium,BEL,Solar,0,GWDC,8.99,0.1,0.3
4.0,2024.0,Belgium,BEL,Solar,0,GWDC,9.09,0.1,0.4
5.0,2024.0,Belgium,BEL,Solar,0,GWDC,9.99,0.9,1.3
6.0,2024.0,Belgium,BEL,Solar,0,GWDC,10.1,0.11,1.41
7.0,2024.0,Belgium,BEL,Solar,0,GWDC,10.1,0.0,1.41
8.0,2024.0,Belgium,BEL,Solar,0,GWDC,10.2,0.1,1.51
9.0,2024.0,Belgium,BEL,Solar,0,GWDC,10.3,0.1,1.61
10.0,2024.0,Belgium,BEL,Solar,0,GWDC,10.4,0.1,1.71
11.0,2024.0,Belgium,BEL,Solar,0,GWDC,10.49,0.09,1.8
12.0,2024.0,Belgium,BEL,Solar,0,GWDC,10.6,0.11,1.91
1.0,2025.0,Belgium,BEL,Solar,0,GWDC,10.7,0.1,0.1
2.0,2025.0,Belgium,BEL,Solar,0,GWDC,10.8,0.1,0.2
3.0,2025.0,Belgium,BEL,Solar,0,GWDC,10.9,0.1,0.3
4.0,2025.0,Belgium,BEL,Solar,0,GWDC,11.07,0.17,0.47
5.0,2025.0,Belgium,BEL,Solar,0,GWDC,11.14,0.07,0.54
6.0,2025.0,Belgium,BEL,Solar,0,GWDC,11.22,0.08,0.62
7.0,2025.0,Belgium,BEL,Solar,0,GWDC,11.29,0.07,0.69
8.0,2025.0,Belgium,BEL,Solar,0,GWDC,11.37,0.08,0.77
1.0,2016.0,Belgium,BEL,Wind offshore,0,GW,0.71,0.0,0.0
2.0,2016.0,Belgium,BEL,Wind offshore,0,GW,0.71,0.0,0.0
3.0,2016.0,Belgium,BEL,Wind offshore,0,GW,0.71,0.0,0.0
4.0,2016.0,Belgium,BEL,Wind offshore,0,GW,0.71,0.0,0.0
5.0,2016.0,Belgium,BEL,Wind offshore,0,GW,0.71,0.0,0.0
6.0,2016.0,Belgium,BEL,Wind offshore,0,GW,0.71,0.0,0.0
7.0,2016.0,Belgium,BEL,Wind offshore,0,GW,0.71,0.0,0.0
8.0,2016.0,Belgium,BEL,Wind offshore,0,GW,0.71,0.0,0.0
9.0,2016.0,Belgium,BEL,Wind offshore,0,GW,0.71,0.0,0.0
10.0,2016.0,Belgium,BEL,Wind offshore,0,GW,0.71,0.0,0.0
11.0,2016.0,Belgium,BEL,Wind offshore,0,GW,0.71,0.0,0.0
12.0,2016.0,Belgium,BEL,Wind offshore,0,GW,0.71,0.0,0.0
1.0,2017.0,Belgium,BEL,Wind offshore,0,GW,0.71,0.0,0.0
2.0,2017.0,Belgium,BEL,Wind offshore,0,GW,0.75,0.04,0.04
3.0,2017.0,Belgium,BEL,Wind offshore,0,GW,0.78,0.03,0.07
4.0,2017.0,Belgium,BEL,Wind offshore,0,GW,0.81,0.03,0.1
5.0,2017.0,Belgium,BEL,Wind offshore,0,GW,0.84,0.03,0.13
6.0,2017.0,Belgium,BEL,Wind offshore,0,GW,0.88,0.04,0.17
7.0,2017.0,Belgium,BEL,Wind offshore,0,GW,0.88,0.0,0.17
8.0,2017.0,Belgium,BEL,Wind offshore,0,GW,0.88,0.0,0.17
9.0,2017.0,Belgium,BEL,Wind offshore,0,GW,0.88,0.0,0.17
10.0,2017.0,Belgium,BEL,Wind offshore,0,GW,0.88,0.0,0.17
11.0,2017.0,Belgium,BEL,Wind offshore,0,GW,0.88,0.0,0.17
12.0,2017.0,Belgium,BEL,Wind offshore,0,GW,0.88,0.0,0.17
1.0,2018.0,Belgium,BEL,Wind offshore,0,GW,0.88,0.0,0.0
2.0,2018.0,Belgium,BEL,Wind offshore,0,GW,0.88,0.0,0.0
3.0,2018.0,Belgium,BEL,Wind offshore,0,GW,0.88,0.0,0.0
4.0,2018.0,Belgium,BEL,Wind offshore,0,GW,0.88,0.0,0.0
5.0,2018.0,Belgium,BEL,Wind offshore,0,GW,0.88,0.0,0.0
6.0,2018.0,Belgium,BEL,Wind offshore,0,GW,0.98,0.1,0.1
7.0,2018.0,Belgium,BEL,Wind offshore,0,GW,1.02,0.04,0.14
8.0,2018.0,Belgium,BEL,Wind offshore,0,GW,1.18,0.16,0.3
9.0,2018.0,Belgium,BEL,Wind offshore,0,GW,1.18,0.0,0.3
10.0,2018.0,Belgium,BEL,Wind offshore,0,GW,1.18,0.0,0.3
11.0,2018.0,Belgium,BEL,Wind offshore,0,GW,1.18,0.0,0.3
12.0,2018.0,Belgium,BEL,Wind offshore,0,GW,1.18,0.0,0.3
1.0,2019.0,Belgium,BEL,Wind offshore,0,GW,1.18,0.0,0.0
2.0,2019.0,Belgium,BEL,Wind offshore,0,GW,1.18,0.0,0.0
3.0,2019.0,Belgium,BEL,Wind offshore,0,GW,1.18,0.0,0.0
4.0,2019.0,Belgium,BEL,Wind offshore,0,GW,1.18,0.0,0.0
5.0,2019.0,Belgium,BEL,Wind offshore,0,GW,1.45,0.27,0.27
6.0,2019.0,Belgium,BEL,Wind offshore,0,GW,1.55,0.1,0.37
7.0,2019.0,Belgium,BEL,Wind offshore,0,GW,1.55,0.0,0.37
8.0,2019.0,Belgium,BEL,Wind offshore,0,GW,1.55,0.0,0.37
9.0,2019.0,Belgium,BEL,Wind offshore,0,GW,1.55,0.0,0.37
10.0,2019.0,Belgium,BEL,Wind offshore,0,GW,1.55,0.0,0.37
11.0,2019.0,Belgium,BEL,Wind offshore,0,GW,1.55,0.0,0.37
12.0,2019.0,Belgium,BEL,Wind offshore,0,GW,1.55,0.0,0.37
1.0,2020.0,Belgium,BEL,Wind offshore,0,GW,1.55,0.0,0.0
2.0,2020.0,Belgium,BEL,Wind offshore,0,GW,1.61,0.06,0.06
3.0,2020.0,Belgium,BEL,Wind offshore,0,GW,1.61,0.0,0.06
4.0,2020.0,Belgium,BEL,Wind offshore,0,GW,1.67,0.06,0.12
5.0,2020.0,Belgium,BEL,Wind offshore,0,GW,1.67,0.0,0.12
6.0,2020.0,Belgium,BEL,Wind offshore,0,GW,1.67,0.0,0.12
7.0,2020.0,Belgium,BEL,Wind offshore,0,GW,1.67,0.0,0.12
8.0,2020.0,Belgium,BEL,Wind offshore,0,GW,1.89,0.22,0.34
9.0,2020.0,Belgium,BEL,Wind offshore,0,GW,1.89,0.0,0.34
10.0,2020.0,Belgium,BEL,Wind offshore,0,GW,2.04,0.15,0.49
11.0,2020.0,Belgium,BEL,Wind offshore,0,GW,2.13,0.09,0.58
12.0,2020.0,Belgium,BEL,Wind offshore,0,GW,2.25,0.12,0.7
1.0,2021.0,Belgium,BEL,Wind offshore,0,GW,2.25,0.0,0.0
2.0,2021.0,Belgium,BEL,Wind offshore,0,GW,2.25,0.0,0.0
3.0,2021.0,Belgium,BEL,Wind offshore,0,GW,2.25,0.0,0.0
4.0,2021.0,Belgium,BEL,Wind offshore,0,GW,2.25,0.0,0.0
5.0,2021.0,Belgium,BEL,Wind offshore,0,GW,2.25,0.0,0.0
6.0,2021.0,Belgium,BEL,Wind offshore,0,GW,2.25,0.0,0.0
7.0,2021.0,Belgium,BEL,Wind offshore,0,GW,2.25,0.0,0.0
8.0,2021.0,Belgium,BEL,Wind offshore,0,GW,2.25,0.0,0.0
9.0,2021.0,Belgium,BEL,Wind offshore,0,GW,2.25,0.0,0.0
10.0,2021.0,Belgium,BEL,Wind offshore,0,GW,2.25,0.0,0.0
11.0,2021.0,Belgium,BEL,Wind offshore,0,GW,2.25,0.0,0.0
12.0,2021.0,Belgium,BEL,Wind offshore,0,GW,2.25,0.0,0.0
1.0,2022.0,Belgium,BEL,Wind offshore,0,GW,2.25,0.0,0.0
2.0,2022.0,Belgium,BEL,Wind offshore,0,GW,2.25,0.0,0.0
3.0,2022.0,Belgium,BEL,Wind offshore,0,GW,2.25,0.0,0.0
4.0,2022.0,Belgium,BEL,Wind offshore,0,GW,2.25,0.0,0.0
5.0,2022.0,Belgium,BEL,Wind offshore,0,GW,2.25,0.0,0.0
6.0,2022.0,Belgium,BEL,Wind offshore,0,GW,2.25,0.0,0.0
7.0,2022.0,Belgium,BEL,Wind offshore,0,GW,2.25,0.0,0.0
8.0,2022.0,Belgium,BEL,Wind offshore,0,GW,2.25,0.0,0.0
9.0,2022.0,Belgium,BEL,Wind offshore,0,GW,2.25,0.0,0.0
10.0,2022.0,Belgium,BEL,Wind offshore,0,GW,2.25,0.0,0.0
11.0,2022.0,Belgium,BEL,Wind offshore,0,GW,2.25,0.0,0.0
12.0,2022.0,Belgium,BEL,Wind offshore,0,GW,2.25,0.0,0.0
1.0,2023.0,Belgium,BEL,Wind offshore,0,GW,2.25,0.0,0.0
2.0,2023.0,Belgium,BEL,Wind offshore,0,GW,2.25,0.0,0.0
3.0,2023.0,Belgium,BEL,Wind offshore,0,GW,2.25,0.0,0.0
4.0,2023.0,Belgium,BEL,Wind offshore,0,GW,2.25,0.0,0.0
5.0,2023.0,Belgium,BEL,Wind offshore,0,GW,2.25,0.0,0.0
6.0,2023.0,Belgium,BEL,Wind offshore,0,GW,2.26,0.01,0.01
7.0,2023.0,Belgium,BEL,Wind offshore,0,GW,2.26,0.0,0.01
8.0,2023.0,Belgium,BEL,Wind offshore,0,GW,2.26,0.0,0.01
9.0,2023.0,Belgium,BEL,Wind offshore,0,GW,2.26,0.0,0.01
10.0,2023.0,Belgium,BEL,Wind offshore,0,GW,2.26,0.0,0.01
11.0,2023.0,Belgium,BEL,Wind offshore,0,GW,2.26,0.0,0.01
12.0,2023.0,Belgium,BEL,Wind offshore,0,GW,2.26,0.0,0.01
1.0,2024.0,Belgium,BEL,Wind offshore,0,GW,2.26,0.0,0.0
2.0,2024.0,Belgium,BEL,Wind offshore,0,GW,2.26,0.0,0.0
3.0,2024.0,Belgium,BEL,Wind offshore,0,GW,2.26,0.0,0.0
4.0,2024.0,Belgium,BEL,Wind offshore,0,GW,2.26,0.0,0.0
5.0,2024.0,Belgium,BEL,Wind offshore,0,GW,2.26,0.0,0.0
6.0,2024.0,Belgium,BEL,Wind offshore,0,GW,2.26,0.0,0.0
7.0,2024.0,Belgium,BEL,Wind offshore,0,GW,2.26,0.0,0.0
8.0,2024.0,Belgium,BEL,Wind offshore,0,GW,2.26,0.0,0.0
9.0,2024.0,Belgium,BEL,Wind offshore,0,GW,2.26,0.0,0.0
10.0,2024.0,Belgium,BEL,Wind offshore,0,GW,2.26,0.0,0.0
11.0,2024.0,Belgium,BEL,Wind offshore,0,GW,2.26,0.0,0.0
12.0,2024.0,Belgium,BEL,Wind offshore,0,GW,2.26,0.0,0.0
1.0,2025.0,Belgium,BEL,Wind offshore,0,GW,2.26,0.0,0.0
2.0,2025.0,Belgium,BEL,Wind offshore,0,GW,2.26,0.0,0.0
3.0,2025.0,Belgium,BEL,Wind offshore,0,GW,2.26,0.0,0.0
4.0,2025.0,Belgium,BEL,Wind offshore,0,GW,2.26,0.0,0.0
5.0,2025.0,Belgium,BEL,Wind offshore,0,GW,2.26,0.0,0.0
6.0,2025.0,Belgium,BEL,Wind offshore,0,GW,2.26,0.0,0.0
7.0,2025.0,Belgium,BEL,Wind offshore,0,GW,2.26,0.0,0.0
8.0,2025.0,Belgium,BEL,Wind offshore,0,GW,2.26,0.0,0.0
1.0,2016.0,Belgium,BEL,Wind onshore,0,GW,1.25,0.0,0.0
2.0,2016.0,Belgium,BEL,Wind onshore,0,GW,1.25,0.0,0.0
3.0,2016.0,Belgium,BEL,Wind onshore,0,GW,1.25,0.0,0.0
4.0,2016.0,Belgium,BEL,Wind onshore,0,GW,1.25,0.0,0.0
5.0,2016.0,Belgium,BEL,Wind onshore,0,GW,1.25,0.0,0.0
6.0,2016.0,Belgium,BEL,Wind onshore,0,GW,1.25,0.0,0.0
7.0,2016.0,Belgium,BEL,Wind onshore,0,GW,1.25,0.0,0.0
8.0,2016.0,Belgium,BEL,Wind onshore,0,GW,1.25,0.0,0.0
9.0,2016.0,Belgium,BEL,Wind onshore,0,GW,1.25,0.0,0.0
10.0,2016.0,Belgium,BEL,Wind onshore,0,GW,1.25,0.0,0.0
11.0,2016.0,Belgium,BEL,Wind onshore,0,GW,1.25,0.0,0.0
12.0,2016.0,Belgium,BEL,Wind onshore,0,GW,1.25,0.0,0.0
1.0,2017.0,Belgium,BEL,Wind onshore,0,GW,1.25,0.0,0.0
2.0,2017.0,Belgium,BEL,Wind onshore,0,GW,1.57,0.32,0.32
3.0,2017.0,Belgium,BEL,Wind onshore,0,GW,1.56,-0.01,0.31
4.0,2017.0,Belgium,BEL,Wind onshore,0,GW,1.56,0.0,0.31
5.0,2017.0,Belgium,BEL,Wind onshore,0,GW,1.56,0.0,0.31
6.0,2017.0,Belgium,BEL,Wind onshore,0,GW,1.56,0.0,0.31
7.0,2017.0,Belgium,BEL,Wind onshore,0,GW,1.75,0.19,0.5
8.0,2017.0,Belgium,BEL,Wind onshore,0,GW,1.74,-0.01,0.49
9.0,2017.0,Belgium,BEL,Wind onshore,0,GW,1.74,0.0,0.49
10.0,2017.0,Belgium,BEL,Wind onshore,0,GW,1.74,0.0,0.49
11.0,2017.0,Belgium,BEL,Wind onshore,0,GW,1.74,0.0,0.49
12.0,2017.0,Belgium,BEL,Wind onshore,0,GW,1.74,0.0,0.49
1.0,2018.0,Belgium,BEL,Wind onshore,0,GW,1.74,0.0,0.0
2.0,2018.0,Belgium,BEL,Wind onshore,0,GW,1.74,0.0,0.0
3.0,2018.0,Belgium,BEL,Wind onshore,0,GW,1.94,0.2,0.2
4.0,2018.0,Belgium,BEL,Wind onshore,0,GW,1.89,-0.05,0.15
5.0,2018.0,Belgium,BEL,Wind onshore,0,GW,1.89,0.0,0.15
6.0,2018.0,Belgium,BEL,Wind onshore,0,GW,1.98,0.09,0.24
7.0,2018.0,Belgium,BEL,Wind onshore,0,GW,1.98,0.0,0.24
8.0,2018.0,Belgium,BEL,Wind onshore,0,GW,1.98,0.0,0.24
9.0,2018.0,Belgium,BEL,Wind onshore,0,GW,1.98,0.0,0.24
10.0,2018.0,Belgium,BEL,Wind onshore,0,GW,1.98,0.0,0.24
11.0,2018.0,Belgium,BEL,Wind onshore,0,GW,1.98,0.0,0.24
12.0,2018.0,Belgium,BEL,Wind onshore,0,GW,1.98,0.0,0.24
1.0,2019.0,Belgium,BEL,Wind onshore,0,GW,1.98,0.0,0.0
2.0,2019.0,Belgium,BEL,Wind onshore,0,GW,1.98,0.0,0.0
3.0,2019.0,Belgium,BEL,Wind onshore,0,GW,1.98,0.0,0.0
4.0,2019.0,Belgium,BEL,Wind onshore,0,GW,1.98,0.0,0.0
5.0,2019.0,Belgium,BEL,Wind onshore,0,GW,2.12,0.14,0.14
6.0,2019.0,Belgium,BEL,Wind onshore,0,GW,2.12,0.0,0.14
7.0,2019.0,Belgium,BEL,Wind onshore,0,GW,2.12,0.0,0.14
8.0,2019.0,Belgium,BEL,Wind onshore,0,GW,2.12,0.0,0.14
9.0,2019.0,Belgium,BEL,Wind onshore,0,GW,2.12,0.0,0.14
10.0,2019.0,Belgium,BEL,Wind onshore,0,GW,2.25,0.13,0.27
11.0,2019.0,Belgium,BEL,Wind onshore,0,GW,2.25,0.0,0.27
12.0,2019.0,Belgium,BEL,Wind onshore,0,GW,2.25,0.0,0.27
1.0,2020.0,Belgium,BEL,Wind onshore,0,GW,2.25,0.0,0.0
2.0,2020.0,Belgium,BEL,Wind onshore,0,GW,2.25,0.0,0.0
3.0,2020.0,Belgium,BEL,Wind onshore,0,GW,2.25,0.0,0.0
4.0,2020.0,Belgium,BEL,Wind onshore,0,GW,2.25,0.0,0.0
5.0,2020.0,Belgium,BEL,Wind onshore,0,GW,2.25,0.0,0.0
6.0,2020.0,Belgium,BEL,Wind onshore,0,GW,2.25,0.0,0.0
7.0,2020.0,Belgium,BEL,Wind onshore,0,GW,2.25,0.0,0.0
8.0,2020.0,Belgium,BEL,Wind onshore,0,GW,2.25,0.0,0.0
9.0,2020.0,Belgium,BEL,Wind onshore,0,GW,2.42,0.17,0.17
10.0,2020.0,Belgium,BEL,Wind onshore,0,GW,2.42,0.0,0.17
11.0,2020.0,Belgium,BEL,Wind onshore,0,GW,2.42,0.0,0.17
12.0,2020.0,Belgium,BEL,Wind onshore,0,GW,2.42,0.0,0.17
1.0,2021.0,Belgium,BEL,Wind onshore,0,GW,2.42,0.0,0.0
2.0,2021.0,Belgium,BEL,Wind onshore,0,GW,2.42,0.0,0.0
3.0,2021.0,Belgium,BEL,Wind onshore,0,GW,2.42,0.0,0.0
4.0,2021.0,Belgium,BEL,Wind onshore,0,GW,2.58,0.16,0.16
5.0,2021.0,Belgium,BEL,Wind onshore,0,GW,2.58,0.0,0.16
6.0,2021.0,Belgium,BEL,Wind onshore,0,GW,2.58,0.0,0.16
7.0,2021.0,Belgium,BEL,Wind onshore,0,GW,2.58,0.0,0.16
8.0,2021.0,Belgium,BEL,Wind onshore,0,GW,2.58,0.0,0.16
9.0,2021.0,Belgium,BEL,Wind onshore,0,GW,2.58,0.0,0.16
10.0,2021.0,Belgium,BEL,Wind onshore,0,GW,2.65,0.07,0.23
11.0,2021.0,Belgium,BEL,Wind onshore,0,GW,2.63,-0.02,0.21
12.0,2021.0,Belgium,BEL,Wind onshore,0,GW,2.63,0.0,0.21
1.0,2022.0,Belgium,BEL,Wind onshore,0,GW,2.63,0.0,0.0
2.0,2022.0,Belgium,BEL,Wind onshore,0,GW,2.63,0.0,0.0
3.0,2022.0,Belgium,BEL,Wind onshore,0,GW,2.63,0.0,0.0
4.0,2022.0,Belgium,BEL,Wind onshore,0,GW,2.63,0.0,0.0
5.0,2022.0,Belgium,BEL,Wind onshore,0,GW,2.63,0.0,0.0
6.0,2022.0,Belgium,BEL,Wind onshore,0,GW,2.79,0.16,0.16
7.0,2022.0,Belgium,BEL,Wind onshore,0,GW,2.79,0.0,0.16
8.0,2022.0,Belgium,BEL,Wind onshore,0,GW,2.79,0.0,0.16
9.0,2022.0,Belgium,BEL,Wind onshore,0,GW,2.79,0.0,0.16
10.0,2022.0,Belgium,BEL,Wind onshore,0,GW,2.79,0.0,0.16
11.0,2022.0,Belgium,BEL,Wind onshore,0,GW,2.79,0.0,0.16
12.0,2022.0,Belgium,BEL,Wind onshore,0,GW,2.96,0.17,0.33
1.0,2023.0,Belgium,BEL,Wind onshore,0,GW,2.96,0.0,0.0
2.0,2023.0,Belgium,BEL,Wind onshore,0,GW,2.96,0.0,0.0
3.0,2023.0,Belgium,BEL,Wind onshore,0,GW,2.96,0.0,0.0
4.0,2023.0,Belgium,BEL,Wind onshore,0,GW,2.96,0.0,0.0
5.0,2023.0,Belgium,BEL,Wind onshore,0,GW,2.96,0.0,0.0
6.0,2023.0,Belgium,BEL,Wind onshore,0,GW,3.11,0.15,0.15
7.0,2023.0,Belgium,BEL,Wind onshore,0,GW,3.03,-0.08,0.07
8.0,2023.0,Belgium,BEL,Wind onshore,0,GW,3.03,0.0,0.07
9.0,2023.0,Belgium,BEL,Wind onshore,0,GW,3.03,0.0,0.07
10.0,2023.0,Belgium,BEL,Wind onshore,0,GW,3.03,0.0,0.07
11.0,2023.0,Belgium,BEL,Wind onshore,0,GW,3.03,0.0,0.07
12.0,2023.0,Belgium,BEL,Wind onshore,0,GW,3.03,0.0,0.07
1.0,2024.0,Belgium,BEL,Wind onshore,0,GW,3.03,0.0,0.0
2.0,2024.0,Belgium,BEL,Wind onshore,0,GW,3.03,0.0,0.0
3.0,2024.0,Belgium,BEL,Wind onshore,0,GW,3.22,0.19,0.19
4.0,2024.0,Belgium,BEL,Wind onshore,0,GW,3.18,-0.04,0.15
5.0,2024.0,Belgium,BEL,Wind onshore,0,GW,3.18,0.0,0.15
6.0,2024.0,Belgium,BEL,Wind onshore,0,GW,3.18,0.0,0.15
7.0,2024.0,Belgium,BEL,Wind onshore,0,GW,3.18,0.0,0.15
8.0,2024.0,Belgium,BEL,Wind onshore,0,GW,3.18,0.0,0.15
9.0,2024.0,Belgium,BEL,Wind onshore,0,GW,3.18,0.0,0.15
10.0,2024.0,Belgium,BEL,Wind onshore,0,GW,3.18,0.0,0.15
11.0,2024.0,Belgium,BEL,Wind onshore,0,GW,3.18,0.0,0.15
12.0,2024.0,Belgium,BEL,Wind onshore,0,GW,3.18,0.0,0.15
1.0,2025.0,Belgium,BEL,Wind onshore,0,GW,3.18,0.0,0.0
2.0,2025.0,Belgium,BEL,Wind onshore,0,GW,3.18,0.0,0.0
3.0,2025.0,Belgium,BEL,Wind onshore,0,GW,3.18,0.0,0.0
4.0,2025.0,Belgium,BEL,Wind onshore,0,GW,3.21,0.03,0.03
5.0,2025.0,Belgium,BEL,Wind onshore,0,GW,3.21,0.0,0.03
6.0,2025.0,Belgium,BEL,Wind onshore,0,GW,3.21,0.0,0.03
7.0,2025.0,Belgium,BEL,Wind onshore,0,GW,3.21,0.0,0.03
8.0,2025.0,Belgium,BEL,Wind onshore,0,GW,3.21,0.0,0.03
1.0,2016.0,Belgium,BEL,Wind,1,GW,1.96,0.0,0.0
2.0,2016.0,Belgium,BEL,Wind,1,GW,1.96,0.0,0.0
3.0,2016.0,Belgium,BEL,Wind,1,GW,1.96,0.0,0.0
4.0,2016.0,Belgium,BEL,Wind,1,GW,1.96,0.0,0.0
5.0,2016.0,Belgium,BEL,Wind,1,GW,1.96,0.0,0.0
6.0,2016.0,Belgium,BEL,Wind,1,GW,1.96,0.0,0.0
7.0,2016.0,Belgium,BEL,Wind,1,GW,1.96,0.0,0.0
8.0,2016.0,Belgium,BEL,Wind,1,GW,1.96,0.0,0.0
9.0,2016.0,Belgium,BEL,Wind,1,GW,1.96,0.0,0.0
10.0,2016.0,Belgium,BEL,Wind,1,GW,1.96,0.0,0.0
11.0,2016.0,Belgium,BEL,Wind,1,GW,1.96,0.0,0.0
12.0,2016.0,Belgium,BEL,Wind,1,GW,1.96,0.0,0.0
1.0,2017.0,Belgium,BEL,Wind,1,GW,1.96,0.0,0.0
2.0,2017.0,Belgium,BEL,Wind,1,GW,2.32,0.36,0.36
3.0,2017.0,Belgium,BEL,Wind,1,GW,2.34,0.02,0.38
4.0,2017.0,Belgium,BEL,Wind,1,GW,2.37,0.03,0.41
5.0,2017.0,Belgium,BEL,Wind,1,GW,2.4,0.03,0.44
6.0,2017.0,Belgium,BEL,Wind,1,GW,2.44,0.04,0.48
7.0,2017.0,Belgium,BEL,Wind,1,GW,2.63,0.19,0.67
8.0,2017.0,Belgium,BEL,Wind,1,GW,2.62,-0.01,0.66
9.0,2017.0,Belgium,BEL,Wind,1,GW,2.62,0.0,0.66
10.0,2017.0,Belgium,BEL,Wind,1,GW,2.62,0.0,0.66
11.0,2017.0,Belgium,BEL,Wind,1,GW,2.62,0.0,0.66
12.0,2017.0,Belgium,BEL,Wind,1,GW,2.62,0.0,0.66
1.0,2018.0,Belgium,BEL,Wind,1,GW,2.62,0.0,0.0
2.0,2018.0,Belgium,BEL,Wind,1,GW,2.62,0.0,0.0
3.0,2018.0,Belgium,BEL,Wind,1,GW,2.82,0.2,0.2
4.0,2018.0,Belgium,BEL,Wind,1,GW,2.77,-0.05,0.15
5.0,2018.0,Belgium,BEL,Wind,1,GW,2.77,0.0,0.15
6.0,2018.0,Belgium,BEL,Wind,1,GW,2.96,0.19,0.34
7.0,2018.0,Belgium,BEL,Wind,1,GW,3.0,0.04,0.38
8.0,2018.0,Belgium,BEL,Wind,1,GW,3.16,0.16,0.54
9.0,2018.0,Belgium,BEL,Wind,1,GW,3.16,0.0,0.54
10.0,2018.0,Belgium,BEL,Wind,1,GW,3.16,0.0,0.54
11.0,2018.0,Belgium,BEL,Wind,1,GW,3.16,0.0,0.54
12.0,2018.0,Belgium,BEL,Wind,1,GW,3.16,0.0,0.54
1.0,2019.0,Belgium,BEL,Wind,1,GW,3.16,0.0,0.0
2.0,2019.0,Belgium,BEL,Wind,1,GW,3.16,0.0,0.0
3.0,2019.0,Belgium,BEL,Wind,1,GW,3.16,0.0,0.0
4.0,2019.0,Belgium,BEL,Wind,1,GW,3.16,0.0,0.0
5.0,2019.0,Belgium,BEL,Wind,1,GW,3.57,0.41,0.41
6.0,2019.0,Belgium,BEL,Wind,1,GW,3.67,0.1,0.51
7.0,2019.0,Belgium,BEL,Wind,1,GW,3.67,0.0,0.51
8.0,2019.0,Belgium,BEL,Wind,1,GW,3.67,0.0,0.51
9.0,2019.0,Belgium,BEL,Wind,1,GW,3.67,0.0,0.51
10.0,2019.0,Belgium,BEL,Wind,1,GW,3.8,0.13,0.64
11.0,2019.0,Belgium,BEL,Wind,1,GW,3.8,0.0,0.64
12.0,2019.0,Belgium,BEL,Wind,1,GW,3.8,0.0,0.64
1.0,2020.0,Belgium,BEL,Wind,1,GW,3.8,0.0,0.0
2.0,2020.0,Belgium,BEL,Wind,1,GW,3.86,0.06,0.06
3.0,2020.0,Belgium,BEL,Wind,1,GW,3.86,0.0,0.06
4.0,2020.0,Belgium,BEL,Wind,1,GW,3.92,0.06,0.12
5.0,2020.0,Belgium,BEL,Wind,1,GW,3.92,0.0,0.12
6.0,2020.0,Belgium,BEL,Wind,1,GW,3.92,0.0,0.12
7.0,2020.0,Belgium,BEL,Wind,1,GW,3.92,0.0,0.12
8.0,2020.0,Belgium,BEL,Wind,1,GW,4.14,0.22,0.34
9.0,2020.0,Belgium,BEL,Wind,1,GW,4.31,0.17,0.51
10.0,2020.0,Belgium,BEL,Wind,1,GW,4.46,0.15,0.66
11.0,2020.0,Belgium,BEL,Wind,1,GW,4.55,0.09,0.75
12.0,2020.0,Belgium,BEL,Wind,1,GW,4.67,0.12,0.87
1.0,2021.0,Belgium,BEL,Wind,1,GW,4.67,0.0,0.0
2.0,2021.0,Belgium,BEL,Wind,1,GW,4.67,0.0,0.0
3.0,2021.0,Belgium,BEL,Wind,1,GW,4.67,0.0,0.0
4.0,2021.0,Belgium,BEL,Wind,1,GW,4.83,0.16,0.16
5.0,2021.0,Belgium,BEL,Wind,1,GW,4.83,0.0,0.16
6.0,2021.0,Belgium,BEL,Wind,1,GW,4.83,0.0,0.16
7.0,2021.0,Belgium,BEL,Wind,1,GW,4.83,0.0,0.16
8.0,2021.0,Belgium,BEL,Wind,1,GW,4.83,0.0,0.16
9.0,2021.0,Belgium,BEL,Wind,1,GW,4.83,0.0,0.16
10.0,2021.0,Belgium,BEL,Wind,1,GW,4.9,0.07,0.23
11.0,2021.0,Belgium,BEL,Wind,1,GW,4.88,-0.02,0.21
12.0,2021.0,Belgium,BEL,Wind,1,GW,4.88,0.0,0.21
1.0,2022.0,Belgium,BEL,Wind,1,GW,4.88,0.0,0.0
2.0,2022.0,Belgium,BEL,Wind,1,GW,4.88,0.0,0.0
3.0,2022.0,Belgium,BEL,Wind,1,GW,4.88,0.0,0.0
4.0,2022.0,Belgium,BEL,Wind,1,GW,4.88,0.0,0.0
5.0,2022.0,Belgium,BEL,Wind,1,GW,4.88,0.0,0.0
6.0,2022.0,Belgium,BEL,Wind,1,GW,5.04,0.16,0.16
7.0,2022.0,Belgium,BEL,Wind,1,GW,5.04,0.0,0.16
8.0,2022.0,Belgium,BEL,Wind,1,GW,5.04,0.0,0.16
9.0,2022.0,Belgium,BEL,Wind,1,GW,5.04,0.0,0.16
10.0,2022.0,Belgium,BEL,Wind,1,GW,5.04,0.0,0.16
11.0,2022.0,Belgium,BEL,Wind,1,GW,5.04,0.0,0.16
12.0,2022.0,Belgium,BEL,Wind,1,GW,5.21,0.17,0.33
1.0,2023.0,Belgium,BEL,Wind,1,GW,5.21,0.0,0.0
2.0,2023.0,Belgium,BEL,Wind,1,GW,5.21,0.0,0.0
3.0,2023.0,Belgium,BEL,Wind,1,GW,5.21,0.0,0.0
4.0,2023.0,Belgium,BEL,Wind,1,GW,5.21,0.0,0.0
5.0,2023.0,Belgium,BEL,Wind,1,GW,5.21,0.0,0.0
6.0,2023.0,Belgium,BEL,Wind,1,GW,5.37,0.16,0.16
7.0,2023.0,Belgium,BEL,Wind,1,GW,5.29,-0.08,0.08
8.0,2023.0,Belgium,BEL,Wind,1,GW,5.29,0.0,0.08
9.0,2023.0,Belgium,BEL,Wind,1,GW,5.29,0.0,0.08
10.0,2023.0,Belgium,BEL,Wind,1,GW,5.29,0.0,0.08
11.0,2023.0,Belgium,BEL,Wind,1,GW,5.29,0.0,0.08
12.0,2023.0,Belgium,BEL,Wind,1,GW,5.29,0.0,0.08
1.0,2024.0,Belgium,BEL,Wind,1,GW,5.29,0.0,0.0
2.0,2024.0,Belgium,BEL,Wind,1,GW,5.29,0.0,0.0
3.0,2024.0,Belgium,BEL,Wind,1,GW,5.48,0.19,0.19
4.0,2024.0,Belgium,BEL,Wind,1,GW,5.44,-0.04,0.15
5.0,2024.0,Belgium,BEL,Wind,1,GW,5.44,0.0,0.15
6.0,2024.0,Belgium,BEL,Wind,1,GW,5.44,0.0,0.15
7.0,2024.0,Belgium,BEL,Wind,1,GW,5.44,0.0,0.15
8.0,2024.0,Belgium,BEL,Wind,1,GW,5.44,0.0,0.15
9.0,2024.0,Belgium,BEL,Wind,1,GW,5.44,0.0,0.15
10.0,2024.0,Belgium,BEL,Wind,1,GW,5.44,0.0,0.15
11.0,2024.0,Belgium,BEL,Wind,1,GW,5.44,0.0,0.15
12.0,2024.0,Belgium,BEL,Wind,1,GW,5.44,0.0,0.15
1.0,2025.0,Belgium,BEL,Wind,1,GW,5.44,0.0,0.0
2.0,2025.0,Belgium,BEL,Wind,1,GW,5.44,0.0,0.0
3.0,2025.0,Belgium,BEL,Wind,1,GW,5.44,0.0,0.0
4.0,2025.0,Belgium,BEL,Wind,1,GW,5.47,0.03,0.03
5.0,2025.0,Belgium,BEL,Wind,1,GW,5.47,0.0,0.03
6.0,2025.0,Belgium,BEL,Wind,1,GW,5.47,0.0,0.03
7.0,2025.0,Belgium,BEL,Wind,1,GW,5.47,0.0,0.03
8.0,2025.0,Belgium,BEL,Wind,1,GW,5.47,0.0,0.03
1.0,2016.0,Belgium,BEL,Wind and solar,1,GW,1.96,0.0,0.0
2.0,2016.0,Belgium,BEL,Wind and solar,1,GW,1.96,0.0,0.0
3.0,2016.0,Belgium,BEL,Wind and solar,1,GW,1.96,0.0,0.0
4.0,2016.0,Belgium,BEL,Wind and solar,1,GW,1.96,0.0,0.0
5.0,2016.0,Belgium,BEL,Wind and solar,1,GW,1.96,0.0,0.0
6.0,2016.0,Belgium,BEL,Wind and solar,1,GW,1.96,0.0,0.0
7.0,2016.0,Belgium,BEL,Wind and solar,1,GW,1.96,0.0,0.0
8.0,2016.0,Belgium,BEL,Wind and solar,1,GW,1.96,0.0,0.0
9.0,2016.0,Belgium,BEL,Wind and solar,1,GW,1.96,0.0,0.0
10.0,2016.0,Belgium,BEL,Wind and solar,1,GW,1.96,0.0,0.0
11.0,2016.0,Belgium,BEL,Wind and solar,1,GW,1.96,0.0,0.0
12.0,2016.0,Belgium,BEL,Wind and solar,1,GW,1.96,0.0,0.0
1.0,2017.0,Belgium,BEL,Wind and solar,1,GW,1.96,0.0,0.0
2.0,2017.0,Belgium,BEL,Wind and solar,1,GW,2.32,0.36,0.36
3.0,2017.0,Belgium,BEL,Wind and solar,1,GW,2.34,0.02,0.38
4.0,2017.0,Belgium,BEL,Wind and solar,1,GW,2.37,0.03,0.41
5.0,2017.0,Belgium,BEL,Wind and solar,1,GW,2.4,0.03,0.44
6.0,2017.0,Belgium,BEL,Wind and solar,1,GW,2.44,0.04,0.48
7.0,2017.0,Belgium,BEL,Wind and solar,1,GW,2.63,0.19,0.67
8.0,2017.0,Belgium,BEL,Wind and solar,1,GW,2.62,-0.01,0.66
9.0,2017.0,Belgium,BEL,Wind and solar,1,GW,2.62,0.0,0.66
10.0,2017.0,Belgium,BEL,Wind and solar,1,GW,2.62,0.0,0.66
11.0,2017.0,Belgium,BEL,Wind and solar,1,GW,2.62,0.0,0.66
12.0,2017.0,Belgium,BEL,Wind and solar,1,GW,2.62,0.0,0.66
1.0,2018.0,Belgium,BEL,Wind and solar,1,GW,2.62,0.0,0.0
2.0,2018.0,Belgium,BEL,Wind and solar,1,GW,2.62,0.0,0.0
3.0,2018.0,Belgium,BEL,Wind and solar,1,GW,2.82,0.2,0.2
4.0,2018.0,Belgium,BEL,Wind and solar,1,GW,2.77,-0.05,0.15
5.0,2018.0,Belgium,BEL,Wind and solar,1,GW,2.77,0.0,0.15
6.0,2018.0,Belgium,BEL,Wind and solar,1,GW,2.96,0.19,0.34
7.0,2018.0,Belgium,BEL,Wind and solar,1,GW,3.0,0.04,0.38
8.0,2018.0,Belgium,BEL,Wind and solar,1,GW,3.16,0.16,0.54
9.0,2018.0,Belgium,BEL,Wind and solar,1,GW,3.16,0.0,0.54
10.0,2018.0,Belgium,BEL,Wind and solar,1,GW,3.16,0.0,0.54
11.0,2018.0,Belgium,BEL,Wind and solar,1,GW,3.16,0.0,0.54
12.0,2018.0,Belgium,BEL,Wind and solar,1,GW,3.16,0.0,0.54
1.0,2019.0,Belgium,BEL,Wind and solar,1,GW,3.16,0.0,0.0
2.0,2019.0,Belgium,BEL,Wind and solar,1,GW,3.16,0.0,0.0
3.0,2019.0,Belgium,BEL,Wind and solar,1,GW,3.16,0.0,0.0
4.0,2019.0,Belgium,BEL,Wind and solar,1,GW,3.16,0.0,0.0
5.0,2019.0,Belgium,BEL,Wind and solar,1,GW,3.57,0.41,0.41
6.0,2019.0,Belgium,BEL,Wind and solar,1,GW,7.04,3.47,3.88
7.0,2019.0,Belgium,BEL,Wind and solar,1,GW,7.04,0.0,3.88
8.0,2019.0,Belgium,BEL,Wind and solar,1,GW,7.56,0.52,4.4
9.0,2019.0,Belgium,BEL,Wind and solar,1,GW,7.56,0.0,4.4
10.0,2019.0,Belgium,BEL,Wind and solar,1,GW,7.69,0.13,4.53
11.0,2019.0,Belgium,BEL,Wind and solar,1,GW,7.69,0.0,4.53
12.0,2019.0,Belgium,BEL,Wind and solar,1,GW,7.69,0.0,4.53
1.0,2020.0,Belgium,BEL,Wind and solar,1,GW,7.69,0.0,0.0
2.0,2020.0,Belgium,BEL,Wind and solar,1,GW,7.9,0.21,0.21
3.0,2020.0,Belgium,BEL,Wind and solar,1,GW,7.9,0.0,0.21
4.0,2020.0,Belgium,BEL,Wind and solar,1,GW,7.96,0.06,0.27
5.0,2020.0,Belgium,BEL,Wind and solar,1,GW,7.96,0.0,0.27
6.0,2020.0,Belgium,BEL,Wind and solar,1,GW,7.96,0.0,0.27
7.0,2020.0,Belgium,BEL,Wind and solar,1,GW,7.96,0.0,0.27
8.0,2020.0,Belgium,BEL,Wind and solar,1,GW,8.18,0.22,0.49
9.0,2020.0,Belgium,BEL,Wind and solar,1,GW,8.35,0.17,0.66
10.0,2020.0,Belgium,BEL,Wind and solar,1,GW,8.5,0.15,0.81
11.0,2020.0,Belgium,BEL,Wind and solar,1,GW,8.59,0.09,0.9
12.0,2020.0,Belgium,BEL,Wind and solar,1,GW,9.46,0.87,1.77
1.0,2021.0,Belgium,BEL,Wind and solar,1,GW,9.46,0.0,0.0
2.0,2021.0,Belgium,BEL,Wind and solar,1,GW,9.46,0.0,0.0
3.0,2021.0,Belgium,BEL,Wind and solar,1,GW,9.46,0.0,0.0
4.0,2021.0,Belgium,BEL,Wind and solar,1,GW,9.62,0.16,0.16
5.0,2021.0,Belgium,BEL,Wind and solar,1,GW,9.62,0.0,0.16
6.0,2021.0,Belgium,BEL,Wind and solar,1,GW,9.62,0.0,0.16
7.0,2021.0,Belgium,BEL,Wind and solar,1,GW,9.62,0.0,0.16
8.0,2021.0,Belgium,BEL,Wind and solar,1,GW,9.62,0.0,0.16
9.0,2021.0,Belgium,BEL,Wind and solar,1,GW,9.62,0.0,0.16
10.0,2021.0,Belgium,BEL,Wind and solar,1,GW,9.69,0.07,0.23
11.0,2021.0,Belgium,BEL,Wind and solar,1,GW,9.67,-0.02,0.21
12.0,2021.0,Belgium,BEL,Wind and solar,1,GW,9.67,0.0,0.21
1.0,2022.0,Belgium,BEL,Wind and solar,1,GW,9.67,0.0,0.0
2.0,2022.0,Belgium,BEL,Wind and solar,1,GW,9.67,0.0,0.0
3.0,2022.0,Belgium,BEL,Wind and solar,1,GW,10.78,1.11,1.11
4.0,2022.0,Belgium,BEL,Wind and solar,1,GW,10.78,0.0,1.11
5.0,2022.0,Belgium,BEL,Wind and solar,1,GW,10.83,0.05,1.16
6.0,2022.0,Belgium,BEL,Wind and solar,1,GW,11.04,0.21,1.37
7.0,2022.0,Belgium,BEL,Wind and solar,1,GW,11.1,0.06,1.43
8.0,2022.0,Belgium,BEL,Wind and solar,1,GW,11.15,0.05,1.48
9.0,2022.0,Belgium,BEL,Wind and solar,1,GW,11.21,0.06,1.54
10.0,2022.0,Belgium,BEL,Wind and solar,1,GW,11.27,0.06,1.6
11.0,2022.0,Belgium,BEL,Wind and solar,1,GW,11.32,0.05,1.65
12.0,2022.0,Belgium,BEL,Wind and solar,1,GW,11.64,0.32,1.97
1.0,2023.0,Belgium,BEL,Wind and solar,1,GW,11.68,0.04,0.04
2.0,2023.0,Belgium,BEL,Wind and solar,1,GW,12.48,0.8,0.84
3.0,2023.0,Belgium,BEL,Wind and solar,1,GW,12.56,0.08,0.92
4.0,2023.0,Belgium,BEL,Wind and solar,1,GW,12.64,0.08,1.0
5.0,2023.0,Belgium,BEL,Wind and solar,1,GW,12.72,0.08,1.08
6.0,2023.0,Belgium,BEL,Wind and solar,1,GW,12.96,0.24,1.32
7.0,2023.0,Belgium,BEL,Wind and solar,1,GW,12.97,0.01,1.33
8.0,2023.0,Belgium,BEL,Wind and solar,1,GW,13.05,0.08,1.41
9.0,2023.0,Belgium,BEL,Wind and solar,1,GW,13.14,0.09,1.5
10.0,2023.0,Belgium,BEL,Wind and solar,1,GW,13.23,0.09,1.59
11.0,2023.0,Belgium,BEL,Wind and solar,1,GW,13.88,0.65,2.24
12.0,2023.0,Belgium,BEL,Wind and solar,1,GW,13.98,0.1,2.34
1.0,2024.0,Belgium,BEL,Wind and solar,1,GW,14.08,0.1,0.1
2.0,2024.0,Belgium,BEL,Wind and solar,1,GW,14.18,0.1,0.2
3.0,2024.0,Belgium,BEL,Wind and solar,1,GW,14.47,0.29,0.49
4.0,2024.0,Belgium,BEL,Wind and solar,1,GW,14.53,0.06,0.55
5.0,2024.0,Belgium,BEL,Wind and solar,1,GW,15.43,0.9,1.45
6.0,2024.0,Belgium,BEL,Wind and solar,1,GW,15.54,0.11,1.56
7.0,2024.0,Belgium,BEL,Wind and solar,1,GW,15.54,0.0,1.56
8.0,2024.0,Belgium,BEL,Wind and solar,1,GW,15.64,0.1,1.66
9.0,2024.0,Belgium,BEL,Wind and solar,1,GW,15.74,0.1,1.76
10.0,2024.0,Belgium,BEL,Wind and solar,1,GW,15.84,0.1,1.86
11.0,2024.0,Belgium,BEL,Wind and solar,1,GW,15.93,0.09,1.95
12.0,2024.0,Belgium,BEL,Wind and solar,1,GW,16.04,0.11,2.06
1.0,2025.0,Belgium,BEL,Wind and solar,1,GW,16.14,0.1,0.1
2.0,2025.0,Belgium,BEL,Wind and solar,1,GW,16.24,0.1,0.2
3.0,2025.0,Belgium,BEL,Wind and solar,1,GW,16.34,0.1,0.3
4.0,2025.0,Belgium,BEL,Wind and solar,1,GW,16.54,0.2,0.5
5.0,2025.0,Belgium,BEL,Wind and solar,1,GW,16.61,0.07,0.57
6.0,2025.0,Belgium,BEL,Wind and solar,1,GW,16.69,0.08,0.65
7.0,2025.0,Belgium,BEL,Wind and solar,1,GW,16.76,0.07,0.72
8.0,2025.0,Belgium,BEL,Wind and solar,1,GW,16.84,0.08,0.8
1.0,2016.0,Brazil,BRA,Solar,0,GWAC,0.05,0.0,0.0
2.0,2016.0,Brazil,BRA,Solar,0,GWAC,0.05,0.0,0.0
3.0,2016.0,Brazil,BRA,Solar,0,GWAC,0.06,0.01,0.01
4.0,2016.0,Brazil,BRA,Solar,0,GWAC,0.06,0.0,0.01
5.0,2016.0,Brazil,BRA,Solar,0,GWAC,0.09,0.03,0.04
6.0,2016.0,Brazil,BRA,Solar,0,GWAC,0.1,0.01,0.05
7.0,2016.0,Brazil,BRA,Solar,0,GWAC,0.1,0.0,0.05
8.0,2016.0,Brazil,BRA,Solar,0,GWAC,0.11,0.01,0.06
9.0,2016.0,Brazil,BRA,Solar,0,GWAC,0.11,0.0,0.06
10.0,2016.0,Brazil,BRA,Solar,0,GWAC,0.12,0.01,0.07
11.0,2016.0,Brazil,BRA,Solar,0,GWAC,0.13,0.01,0.08
12.0,2016.0,Brazil,BRA,Solar,0,GWAC,0.13,0.0,0.08
1.0,2017.0,Brazil,BRA,Solar,0,GWAC,0.14,0.01,0.01
2.0,2017.0,Brazil,BRA,Solar,0,GWAC,0.14,0.0,0.01
3.0,2017.0,Brazil,BRA,Solar,0,GWAC,0.15,0.01,0.02
4.0,2017.0,Brazil,BRA,Solar,0,GWAC,0.16,0.01,0.03
5.0,2017.0,Brazil,BRA,Solar,0,GWAC,0.17,0.01,0.04
6.0,2017.0,Brazil,BRA,Solar,0,GWAC,0.29,0.12,0.16
7.0,2017.0,Brazil,BRA,Solar,0,GWAC,0.3,0.01,0.17
8.0,2017.0,Brazil,BRA,Solar,0,GWAC,0.35,0.05,0.22
9.0,2017.0,Brazil,BRA,Solar,0,GWAC,0.54,0.19,0.41
10.0,2017.0,Brazil,BRA,Solar,0,GWAC,0.59,0.05,0.46
11.0,2017.0,Brazil,BRA,Solar,0,GWAC,0.66,0.07,0.53
12.0,2017.0,Brazil,BRA,Solar,0,GWAC,1.21,0.55,1.08
1.0,2018.0,Brazil,BRA,Solar,0,GWAC,1.23,0.02,0.02
2.0,2018.0,Brazil,BRA,Solar,0,GWAC,1.31,0.08,0.1
3.0,2018.0,Brazil,BRA,Solar,0,GWAC,1.45,0.14,0.24
4.0,2018.0,Brazil,BRA,Solar,0,GWAC,1.53,0.08,0.32
5.0,2018.0,Brazil,BRA,Solar,0,GWAC,1.64,0.11,0.43
6.0,2018.0,Brazil,BRA,Solar,0,GWAC,1.67,0.03,0.46
7.0,2018.0,Brazil,BRA,Solar,0,GWAC,1.7,0.03,0.49
8.0,2018.0,Brazil,BRA,Solar,0,GWAC,1.76,0.06,0.55
9.0,2018.0,Brazil,BRA,Solar,0,GWAC,1.83,0.07,0.62
10.0,2018.0,Brazil,BRA,Solar,0,GWAC,1.96,0.13,0.75
11.0,2018.0,Brazil,BRA,Solar,0,GWAC,2.2,0.24,0.99
12.0,2018.0,Brazil,BRA,Solar,0,GWAC,2.46,0.26,1.25
1.0,2019.0,Brazil,BRA,Solar,0,GWAC,2.63,0.17,0.17
2.0,2019.0,Brazil,BRA,Solar,0,GWAC,2.78,0.15,0.32
3.0,2019.0,Brazil,BRA,Solar,0,GWAC,2.95,0.17,0.49
4.0,2019.0,Brazil,BRA,Solar,0,GWAC,3.09,0.14,0.63
5.0,2019.0,Brazil,BRA,Solar,0,GWAC,3.21,0.12,0.75
6.0,2019.0,Brazil,BRA,Solar,0,GWAC,3.32,0.11,0.86
7.0,2019.0,Brazil,BRA,Solar,0,GWAC,3.47,0.15,1.01
8.0,2019.0,Brazil,BRA,Solar,0,GWAC,3.76,0.29,1.3
9.0,2019.0,Brazil,BRA,Solar,0,GWAC,3.91,0.15,1.45
10.0,2019.0,Brazil,BRA,Solar,0,GWAC,4.08,0.17,1.62
11.0,2019.0,Brazil,BRA,Solar,0,GWAC,4.46,0.38,2.0
12.0,2019.0,Brazil,BRA,Solar,0,GWAC,4.71,0.25,2.25
1.0,2020.0,Brazil,BRA,Solar,0,GWAC,4.95,0.24,0.24
2.0,2020.0,Brazil,BRA,Solar,0,GWAC,5.37,0.42,0.66
3.0,2020.0,Brazil,BRA,Solar,0,GWAC,5.65,0.28,0.94
4.0,2020.0,Brazil,BRA,Solar,0,GWAC,6.11,0.46,1.4
5.0,2020.0,Brazil,BRA,Solar,0,GWAC,6.42,0.31,1.71
6.0,2020.0,Brazil,BRA,Solar,0,GWAC,6.65,0.23,1.94
7.0,2020.0,Brazil,BRA,Solar,0,GWAC,6.91,0.26,2.2
8.0,2020.0,Brazil,BRA,Solar,0,GWAC,7.14,0.23,2.43
9.0,2020.0,Brazil,BRA,Solar,0,GWAC,7.39,0.25,2.68
10.0,2020.0,Brazil,BRA,Solar,0,GWAC,7.74,0.35,3.03
11.0,2020.0,Brazil,BRA,Solar,0,GWAC,8.04,0.3,3.33
12.0,2020.0,Brazil,BRA,Solar,0,GWAC,8.5,0.46,3.79
1.0,2021.0,Brazil,BRA,Solar,0,GWAC,8.78,0.28,0.28
2.0,2021.0,Brazil,BRA,Solar,0,GWAC,9.07,0.29,0.57
3.0,2021.0,Brazil,BRA,Solar,0,GWAC,9.48,0.41,0.98
4.0,2021.0,Brazil,BRA,Solar,0,GWAC,9.8,0.32,1.3
5.0,2021.0,Brazil,BRA,Solar,0,GWAC,10.15,0.35,1.65
6.0,2021.0,Brazil,BRA,Solar,0,GWAC,10.56,0.41,2.06
7.0,2021.0,Brazil,BRA,Solar,0,GWAC,11.01,0.45,2.51
8.0,2021.0,Brazil,BRA,Solar,0,GWAC,11.75,0.74,3.25
9.0,2021.0,Brazil,BRA,Solar,0,GWAC,12.25,0.5,3.75
10.0,2021.0,Brazil,BRA,Solar,0,GWAC,13.29,1.04,4.79
11.0,2021.0,Brazil,BRA,Solar,0,GWAC,13.9,0.61,5.4
12.0,2021.0,Brazil,BRA,Solar,0,GWAC,14.54,0.64,6.04
1.0,2022.0,Brazil,BRA,Solar,0,GWAC,15.0,0.46,0.46
2.0,2022.0,Brazil,BRA,Solar,0,GWAC,15.64,0.64,1.1
3.0,2022.0,Brazil,BRA,Solar,0,GWAC,16.42,0.78,1.88
4.0,2022.0,Brazil,BRA,Solar,0,GWAC,17.16,0.74,2.62
5.0,2022.0,Brazil,BRA,Solar,0,GWAC,17.97,0.81,3.43
6.0,2022.0,Brazil,BRA,Solar,0,GWAC,18.77,0.8,4.23
7.0,2022.0,Brazil,BRA,Solar,0,GWAC,19.85,1.08,5.31
8.0,2022.0,Brazil,BRA,Solar,0,GWAC,20.94,1.09,6.4
9.0,2022.0,Brazil,BRA,Solar,0,GWAC,22.24,1.3,7.7
10.0,2022.0,Brazil,BRA,Solar,0,GWAC,23.18,0.94,8.64
11.0,2022.0,Brazil,BRA,Solar,0,GWAC,24.21,1.03,9.67
12.0,2022.0,Brazil,BRA,Solar,0,GWAC,25.52,1.31,10.98
1.0,2023.0,Brazil,BRA,Solar,0,GWAC,26.97,1.45,1.45
2.0,2023.0,Brazil,BRA,Solar,0,GWAC,28.11,1.14,2.59
3.0,2023.0,Brazil,BRA,Solar,0,GWAC,29.46,1.35,3.94
4.0,2023.0,Brazil,BRA,Solar,0,GWAC,30.53,1.07,5.01
5.0,2023.0,Brazil,BRA,Solar,0,GWAC,32.19,1.66,6.67
6.0,2023.0,Brazil,BRA,Solar,0,GWAC,32.92,0.73,7.4
7.0,2023.0,Brazil,BRA,Solar,0,GWAC,33.5,0.58,7.98
8.0,2023.0,Brazil,BRA,Solar,0,GWAC,34.8,1.3,9.28
9.0,2023.0,Brazil,BRA,Solar,0,GWAC,35.31,0.51,9.79
10.0,2023.0,Brazil,BRA,Solar,0,GWAC,36.19,0.88,10.67
11.0,2023.0,Brazil,BRA,Solar,0,GWAC,37.15,0.96,11.63
12.0,2023.0,Brazil,BRA,Solar,0,GWAC,38.23,1.08,12.71
1.0,2024.0,Brazil,BRA,Solar,0,GWAC,39.31,1.08,1.08
2.0,2024.0,Brazil,BRA,Solar,0,GWAC,40.63,1.32,2.4
3.0,2024.0,Brazil,BRA,Solar,0,GWAC,41.97,1.34,3.74
4.0,2024.0,Brazil,BRA,Solar,0,GWAC,43.5,1.53,5.27
5.0,2024.0,Brazil,BRA,Solar,0,GWAC,44.69,1.19,6.46
6.0,2024.0,Brazil,BRA,Solar,0,GWAC,45.87,1.18,7.64
7.0,2024.0,Brazil,BRA,Solar,0,GWAC,47.33,1.46,9.1
8.0,2024.0,Brazil,BRA,Solar,0,GWAC,48.4,1.07,10.17
9.0,2024.0,Brazil,BRA,Solar,0,GWAC,49.7,1.3,11.47
10.0,2024.0,Brazil,BRA,Solar,0,GWAC,51.12,1.42,12.89
11.0,2024.0,Brazil,BRA,Solar,0,GWAC,52.68,1.56,14.45
12.0,2024.0,Brazil,BRA,Solar,0,GWAC,53.99,1.31,15.76
1.0,2025.0,Brazil,BRA,Solar,0,GWAC,55.44,1.45,1.45
2.0,2025.0,Brazil,BRA,Solar,0,GWAC,56.32,0.88,2.33
3.0,2025.0,Brazil,BRA,Solar,0,GWAC,57.18,0.86,3.19
4.0,2025.0,Brazil,BRA,Solar,0,GWAC,58.08,0.9,4.09
5.0,2025.0,Brazil,BRA,Solar,0,GWAC,58.83,0.75,4.84
6.0,2025.0,Brazil,BRA,Solar,0,GWAC,59.5,0.67,5.51
7.0,2025.0,Brazil,BRA,Solar,0,GWAC,60.21,0.71,6.22
8.0,2025.0,Brazil,BRA,Solar,0,GWAC,60.5,0.29,6.51
1.0,2016.0,Brazil,BRA,Solar,0,GWDC,0.06,0.0,0.0
2.0,2016.0,Brazil,BRA,Solar,0,GWDC,0.07,0.01,0.01
3.0,2016.0,Brazil,BRA,Solar,0,GWDC,0.07,0.0,0.01
4.0,2016.0,Brazil,BRA,Solar,0,GWDC,0.08,0.01,0.02
5.0,2016.0,Brazil,BRA,Solar,0,GWDC,0.12,0.04,0.06
6.0,2016.0,Brazil,BRA,Solar,0,GWDC,0.13,0.01,0.07
7.0,2016.0,Brazil,BRA,Solar,0,GWDC,0.13,0.0,0.07
8.0,2016.0,Brazil,BRA,Solar,0,GWDC,0.14,0.01,0.08
9.0,2016.0,Brazil,BRA,Solar,0,GWDC,0.14,0.0,0.08
10.0,2016.0,Brazil,BRA,Solar,0,GWDC,0.16,0.02,0.1
11.0,2016.0,Brazil,BRA,Solar,0,GWDC,0.17,0.01,0.11
12.0,2016.0,Brazil,BRA,Solar,0,GWDC,0.17,0.0,0.11
1.0,2017.0,Brazil,BRA,Solar,0,GWDC,0.18,0.01,0.01
2.0,2017.0,Brazil,BRA,Solar,0,GWDC,0.19,0.01,0.02
3.0,2017.0,Brazil,BRA,Solar,0,GWDC,0.19,0.0,0.02
4.0,2017.0,Brazil,BRA,Solar,0,GWDC,0.2,0.01,0.03
5.0,2017.0,Brazil,BRA,Solar,0,GWDC,0.22,0.02,0.05
6.0,2017.0,Brazil,BRA,Solar,0,GWDC,0.38,0.16,0.21
7.0,2017.0,Brazil,BRA,Solar,0,GWDC,0.39,0.01,0.22
8.0,2017.0,Brazil,BRA,Solar,0,GWDC,0.45,0.06,0.28
9.0,2017.0,Brazil,BRA,Solar,0,GWDC,0.71,0.26,0.54
10.0,2017.0,Brazil,BRA,Solar,0,GWDC,0.77,0.06,0.6
11.0,2017.0,Brazil,BRA,Solar,0,GWDC,0.86,0.09,0.69
12.0,2017.0,Brazil,BRA,Solar,0,GWDC,1.57,0.71,1.4
1.0,2018.0,Brazil,BRA,Solar,0,GWDC,1.6,0.03,0.03
2.0,2018.0,Brazil,BRA,Solar,0,GWDC,1.71,0.11,0.14
3.0,2018.0,Brazil,BRA,Solar,0,GWDC,1.88,0.17,0.31
4.0,2018.0,Brazil,BRA,Solar,0,GWDC,1.99,0.11,0.42
5.0,2018.0,Brazil,BRA,Solar,0,GWDC,2.13,0.14,0.56
6.0,2018.0,Brazil,BRA,Solar,0,GWDC,2.17,0.04,0.6
7.0,2018.0,Brazil,BRA,Solar,0,GWDC,2.21,0.04,0.64
8.0,2018.0,Brazil,BRA,Solar,0,GWDC,2.29,0.08,0.72
9.0,2018.0,Brazil,BRA,Solar,0,GWDC,2.37,0.08,0.8
10.0,2018.0,Brazil,BRA,Solar,0,GWDC,2.54,0.17,0.97
11.0,2018.0,Brazil,BRA,Solar,0,GWDC,2.86,0.32,1.29
12.0,2018.0,Brazil,BRA,Solar,0,GWDC,3.2,0.34,1.63
1.0,2019.0,Brazil,BRA,Solar,0,GWDC,3.43,0.23,0.23
2.0,2019.0,Brazil,BRA,Solar,0,GWDC,3.62,0.19,0.42
3.0,2019.0,Brazil,BRA,Solar,0,GWDC,3.84,0.22,0.64
4.0,2019.0,Brazil,BRA,Solar,0,GWDC,4.02,0.18,0.82
5.0,2019.0,Brazil,BRA,Solar,0,GWDC,4.17,0.15,0.97
6.0,2019.0,Brazil,BRA,Solar,0,GWDC,4.32,0.15,1.12
7.0,2019.0,Brazil,BRA,Solar,0,GWDC,4.51,0.19,1.31
8.0,2019.0,Brazil,BRA,Solar,0,GWDC,4.89,0.38,1.69
9.0,2019.0,Brazil,BRA,Solar,0,GWDC,5.09,0.2,1.89
10.0,2019.0,Brazil,BRA,Solar,0,GWDC,5.3,0.21,2.1
11.0,2019.0,Brazil,BRA,Solar,0,GWDC,5.79,0.49,2.59
12.0,2019.0,Brazil,BRA,Solar,0,GWDC,6.12,0.33,2.92
1.0,2020.0,Brazil,BRA,Solar,0,GWDC,6.44,0.32,0.32
2.0,2020.0,Brazil,BRA,Solar,0,GWDC,6.98,0.54,0.86
3.0,2020.0,Brazil,BRA,Solar,0,GWDC,7.34,0.36,1.22
4.0,2020.0,Brazil,BRA,Solar,0,GWDC,7.94,0.6,1.82
5.0,2020.0,Brazil,BRA,Solar,0,GWDC,8.35,0.41,2.23
6.0,2020.0,Brazil,BRA,Solar,0,GWDC,8.65,0.3,2.53
7.0,2020.0,Brazil,BRA,Solar,0,GWDC,8.99,0.34,2.87
8.0,2020.0,Brazil,BRA,Solar,0,GWDC,9.28,0.29,3.16
9.0,2020.0,Brazil,BRA,Solar,0,GWDC,9.6,0.32,3.48
10.0,2020.0,Brazil,BRA,Solar,0,GWDC,10.06,0.46,3.94
11.0,2020.0,Brazil,BRA,Solar,0,GWDC,10.46,0.4,4.34
12.0,2020.0,Brazil,BRA,Solar,0,GWDC,11.05,0.59,4.93
1.0,2021.0,Brazil,BRA,Solar,0,GWDC,11.42,0.37,0.37
2.0,2021.0,Brazil,BRA,Solar,0,GWDC,11.79,0.37,0.74
3.0,2021.0,Brazil,BRA,Solar,0,GWDC,12.32,0.53,1.27
4.0,2021.0,Brazil,BRA,Solar,0,GWDC,12.73,0.41,1.68
5.0,2021.0,Brazil,BRA,Solar,0,GWDC,13.2,0.47,2.15
6.0,2021.0,Brazil,BRA,Solar,0,GWDC,13.73,0.53,2.68
7.0,2021.0,Brazil,BRA,Solar,0,GWDC,14.31,0.58,3.26
8.0,2021.0,Brazil,BRA,Solar,0,GWDC,15.27,0.96,4.22
9.0,2021.0,Brazil,BRA,Solar,0,GWDC,15.93,0.66,4.88
10.0,2021.0,Brazil,BRA,Solar,0,GWDC,17.28,1.35,6.23
11.0,2021.0,Brazil,BRA,Solar,0,GWDC,18.07,0.79,7.02
12.0,2021.0,Brazil,BRA,Solar,0,GWDC,18.9,0.83,7.85
1.0,2022.0,Brazil,BRA,Solar,0,GWDC,19.5,0.6,0.6
2.0,2022.0,Brazil,BRA,Solar,0,GWDC,20.34,0.84,1.44
3.0,2022.0,Brazil,BRA,Solar,0,GWDC,21.35,1.01,2.45
4.0,2022.0,Brazil,BRA,Solar,0,GWDC,22.3,0.95,3.4
5.0,2022.0,Brazil,BRA,Solar,0,GWDC,23.37,1.07,4.47
6.0,2022.0,Brazil,BRA,Solar,0,GWDC,24.4,1.03,5.5
7.0,2022.0,Brazil,BRA,Solar,0,GWDC,25.81,1.41,6.91
8.0,2022.0,Brazil,BRA,Solar,0,GWDC,27.22,1.41,8.32
9.0,2022.0,Brazil,BRA,Solar,0,GWDC,28.91,1.69,10.01
10.0,2022.0,Brazil,BRA,Solar,0,GWDC,30.14,1.23,11.24
11.0,2022.0,Brazil,BRA,Solar,0,GWDC,31.48,1.34,12.58
12.0,2022.0,Brazil,BRA,Solar,0,GWDC,33.17,1.69,14.27
1.0,2023.0,Brazil,BRA,Solar,0,GWDC,35.06,1.89,1.89
2.0,2023.0,Brazil,BRA,Solar,0,GWDC,36.55,1.49,3.38
3.0,2023.0,Brazil,BRA,Solar,0,GWDC,38.29,1.74,5.12
4.0,2023.0,Brazil,BRA,Solar,0,GWDC,39.68,1.39,6.51
5.0,2023.0,Brazil,BRA,Solar,0,GWDC,41.85,2.17,8.68
6.0,2023.0,Brazil,BRA,Solar,0,GWDC,42.8,0.95,9.63
7.0,2023.0,Brazil,BRA,Solar,0,GWDC,43.55,0.75,10.38
8.0,2023.0,Brazil,BRA,Solar,0,GWDC,45.23,1.68,12.06
9.0,2023.0,Brazil,BRA,Solar,0,GWDC,45.9,0.67,12.73
10.0,2023.0,Brazil,BRA,Solar,0,GWDC,47.05,1.15,13.88
11.0,2023.0,Brazil,BRA,Solar,0,GWDC,48.3,1.25,15.13
12.0,2023.0,Brazil,BRA,Solar,0,GWDC,49.7,1.4,16.53
1.0,2024.0,Brazil,BRA,Solar,0,GWDC,51.11,1.41,1.41
2.0,2024.0,Brazil,BRA,Solar,0,GWDC,52.82,1.71,3.12
3.0,2024.0,Brazil,BRA,Solar,0,GWDC,54.55,1.73,4.85
4.0,2024.0,Brazil,BRA,Solar,0,GWDC,56.56,2.01,6.86
5.0,2024.0,Brazil,BRA,Solar,0,GWDC,58.1,1.54,8.4
6.0,2024.0,Brazil,BRA,Solar,0,GWDC,59.63,1.53,9.93
7.0,2024.0,Brazil,BRA,Solar,0,GWDC,61.53,1.9,11.83
8.0,2024.0,Brazil,BRA,Solar,0,GWDC,62.93,1.4,13.23
9.0,2024.0,Brazil,BRA,Solar,0,GWDC,64.61,1.68,14.91
10.0,2024.0,Brazil,BRA,Solar,0,GWDC,66.45,1.84,16.75
11.0,2024.0,Brazil,BRA,Solar,0,GWDC,68.48,2.03,18.78
12.0,2024.0,Brazil,BRA,Solar,0,GWDC,70.19,1.71,20.49
1.0,2025.0,Brazil,BRA,Solar,0,GWDC,72.07,1.88,1.88
2.0,2025.0,Brazil,BRA,Solar,0,GWDC,73.21,1.14,3.02
3.0,2025.0,Brazil,BRA,Solar,0,GWDC,74.34,1.13,4.15
4.0,2025.0,Brazil,BRA,Solar,0,GWDC,75.51,1.17,5.32
5.0,2025.0,Brazil,BRA,Solar,0,GWDC,76.47,0.96,6.28
6.0,2025.0,Brazil,BRA,Solar,0,GWDC,77.35,0.88,7.16
7.0,2025.0,Brazil,BRA,Solar,0,GWDC,78.27,0.92,8.08
8.0,2025.0,Brazil,BRA,Solar,0,GWDC,78.66,0.39,8.47
1.0,2016.0,Brazil,BRA,Wind onshore,0,GW,8.2,0.52,0.52
2.0,2016.0,Brazil,BRA,Wind onshore,0,GW,8.48,0.28,0.8
3.0,2016.0,Brazil,BRA,Wind onshore,0,GW,8.64,0.16,0.96
4.0,2016.0,Brazil,BRA,Wind onshore,0,GW,8.81,0.17,1.13
5.0,2016.0,Brazil,BRA,Wind onshore,0,GW,9.14,0.33,1.46
6.0,2016.0,Brazil,BRA,Wind onshore,0,GW,9.27,0.13,1.59
7.0,2016.0,Brazil,BRA,Wind onshore,0,GW,9.45,0.18,1.77
8.0,2016.0,Brazil,BRA,Wind onshore,0,GW,9.55,0.1,1.87
9.0,2016.0,Brazil,BRA,Wind onshore,0,GW,9.71,0.16,2.03
10.0,2016.0,Brazil,BRA,Wind onshore,0,GW,9.86,0.15,2.18
11.0,2016.0,Brazil,BRA,Wind onshore,0,GW,10.01,0.15,2.33
12.0,2016.0,Brazil,BRA,Wind onshore,0,GW,10.32,0.31,2.64
1.0,2017.0,Brazil,BRA,Wind onshore,0,GW,10.34,0.02,0.02
2.0,2017.0,Brazil,BRA,Wind onshore,0,GW,10.42,0.08,0.1
3.0,2017.0,Brazil,BRA,Wind onshore,0,GW,10.51,0.09,0.19
4.0,2017.0,Brazil,BRA,Wind onshore,0,GW,10.54,0.03,0.22
5.0,2017.0,Brazil,BRA,Wind onshore,0,GW,10.61,0.07,0.29
6.0,2017.0,Brazil,BRA,Wind onshore,0,GW,10.87,0.26,0.55
7.0,2017.0,Brazil,BRA,Wind onshore,0,GW,11.16,0.29,0.84
8.0,2017.0,Brazil,BRA,Wind onshore,0,GW,11.25,0.09,0.93
9.0,2017.0,Brazil,BRA,Wind onshore,0,GW,11.62,0.37,1.3
10.0,2017.0,Brazil,BRA,Wind onshore,0,GW,11.83,0.21,1.51
11.0,2017.0,Brazil,BRA,Wind onshore,0,GW,12.04,0.21,1.72
12.0,2017.0,Brazil,BRA,Wind onshore,0,GW,12.44,0.4,2.12
1.0,2018.0,Brazil,BRA,Wind onshore,0,GW,12.51,0.07,0.07
2.0,2018.0,Brazil,BRA,Wind onshore,0,GW,12.56,0.05,0.12
3.0,2018.0,Brazil,BRA,Wind onshore,0,GW,12.63,0.07,0.19
4.0,2018.0,Brazil,BRA,Wind onshore,0,GW,12.83,0.2,0.39
5.0,2018.0,Brazil,BRA,Wind onshore,0,GW,12.95,0.12,0.51
6.0,2018.0,Brazil,BRA,Wind onshore,0,GW,13.16,0.21,0.72
7.0,2018.0,Brazil,BRA,Wind onshore,0,GW,13.19,0.03,0.75
8.0,2018.0,Brazil,BRA,Wind onshore,0,GW,13.25,0.06,0.81
9.0,2018.0,Brazil,BRA,Wind onshore,0,GW,13.43,0.18,0.99
10.0,2018.0,Brazil,BRA,Wind onshore,0,GW,13.54,0.11,1.1
11.0,2018.0,Brazil,BRA,Wind onshore,0,GW,13.8,0.26,1.36
12.0,2018.0,Brazil,BRA,Wind onshore,0,GW,14.5,0.7,2.06
1.0,2019.0,Brazil,BRA,Wind onshore,0,GW,14.68,0.18,0.18
2.0,2019.0,Brazil,BRA,Wind onshore,0,GW,14.86,0.18,0.36
3.0,2019.0,Brazil,BRA,Wind onshore,0,GW,15.0,0.14,0.5
4.0,2019.0,Brazil,BRA,Wind onshore,0,GW,15.16,0.16,0.66
5.0,2019.0,Brazil,BRA,Wind onshore,0,GW,15.16,0.0,0.66
6.0,2019.0,Brazil,BRA,Wind onshore,0,GW,15.16,0.0,0.66
7.0,2019.0,Brazil,BRA,Wind onshore,0,GW,15.16,0.0,0.66
8.0,2019.0,Brazil,BRA,Wind onshore,0,GW,15.19,0.03,0.69
9.0,2019.0,Brazil,BRA,Wind onshore,0,GW,15.21,0.02,0.71
10.0,2019.0,Brazil,BRA,Wind onshore,0,GW,15.29,0.08,0.79
11.0,2019.0,Brazil,BRA,Wind onshore,0,GW,15.35,0.06,0.85
12.0,2019.0,Brazil,BRA,Wind onshore,0,GW,15.45,0.1,0.95
1.0,2020.0,Brazil,BRA,Wind onshore,0,GW,15.47,0.02,0.02
2.0,2020.0,Brazil,BRA,Wind onshore,0,GW,15.52,0.05,0.07
3.0,2020.0,Brazil,BRA,Wind onshore,0,GW,15.57,0.05,0.12
4.0,2020.0,Brazil,BRA,Wind onshore,0,GW,15.65,0.08,0.2
5.0,2020.0,Brazil,BRA,Wind onshore,0,GW,15.88,0.23,0.43
6.0,2020.0,Brazil,BRA,Wind onshore,0,GW,16.0,0.12,0.55
7.0,2020.0,Brazil,BRA,Wind onshore,0,GW,16.13,0.13,0.68
8.0,2020.0,Brazil,BRA,Wind onshore,0,GW,16.17,0.04,0.72
9.0,2020.0,Brazil,BRA,Wind onshore,0,GW,16.31,0.14,0.86
10.0,2020.0,Brazil,BRA,Wind onshore,0,GW,16.42,0.11,0.97
11.0,2020.0,Brazil,BRA,Wind onshore,0,GW,16.65,0.23,1.2
12.0,2020.0,Brazil,BRA,Wind onshore,0,GW,17.2,0.55,1.75
1.0,2021.0,Brazil,BRA,Wind onshore,0,GW,17.41,0.21,0.21
2.0,2021.0,Brazil,BRA,Wind onshore,0,GW,17.53,0.12,0.33
3.0,2021.0,Brazil,BRA,Wind onshore,0,GW,17.86,0.33,0.66
4.0,2021.0,Brazil,BRA,Wind onshore,0,GW,18.07,0.21,0.87
5.0,2021.0,Brazil,BRA,Wind onshore,0,GW,18.32,0.25,1.12
6.0,2021.0,Brazil,BRA,Wind onshore,0,GW,18.66,0.34,1.46
7.0,2021.0,Brazil,BRA,Wind onshore,0,GW,18.93,0.27,1.73
8.0,2021.0,Brazil,BRA,Wind onshore,0,GW,19.37,0.44,2.17
9.0,2021.0,Brazil,BRA,Wind onshore,0,GW,19.64,0.27,2.44
10.0,2021.0,Brazil,BRA,Wind onshore,0,GW,19.93,0.29,2.73
11.0,2021.0,Brazil,BRA,Wind onshore,0,GW,20.3,0.37,3.1
12.0,2021.0,Brazil,BRA,Wind onshore,0,GW,20.99,0.69,3.79
1.0,2022.0,Brazil,BRA,Wind onshore,0,GW,21.25,0.26,0.26
2.0,2022.0,Brazil,BRA,Wind onshore,0,GW,21.62,0.37,0.63
3.0,2022.0,Brazil,BRA,Wind onshore,0,GW,21.66,0.04,0.67
4.0,2022.0,Brazil,BRA,Wind onshore,0,GW,21.71,0.05,0.72
5.0,2022.0,Brazil,BRA,Wind onshore,0,GW,21.86,0.15,0.87
6.0,2022.0,Brazil,BRA,Wind onshore,0,GW,21.96,0.1,0.97
7.0,2022.0,Brazil,BRA,Wind onshore,0,GW,22.28,0.32,1.29
8.0,2022.0,Brazil,BRA,Wind onshore,0,GW,22.48,0.2,1.49
9.0,2022.0,Brazil,BRA,Wind onshore,0,GW,22.72,0.24,1.73
10.0,2022.0,Brazil,BRA,Wind onshore,0,GW,23.38,0.66,2.39
11.0,2022.0,Brazil,BRA,Wind onshore,0,GW,23.7,0.32,2.71
12.0,2022.0,Brazil,BRA,Wind onshore,0,GW,24.18,0.48,3.19
1.0,2023.0,Brazil,BRA,Wind onshore,0,GW,25.05,0.87,0.87
2.0,2023.0,Brazil,BRA,Wind onshore,0,GW,25.24,0.19,1.06
3.0,2023.0,Brazil,BRA,Wind onshore,0,GW,25.42,0.18,1.24
4.0,2023.0,Brazil,BRA,Wind onshore,0,GW,25.68,0.26,1.5
5.0,2023.0,Brazil,BRA,Wind onshore,0,GW,26.05,0.37,1.87
6.0,2023.0,Brazil,BRA,Wind onshore,0,GW,26.3,0.25,2.12
7.0,2023.0,Brazil,BRA,Wind onshore,0,GW,26.74,0.44,2.56
8.0,2023.0,Brazil,BRA,Wind onshore,0,GW,27.09,0.35,2.91
9.0,2023.0,Brazil,BRA,Wind onshore,0,GW,27.25,0.16,3.07
10.0,2023.0,Brazil,BRA,Wind onshore,0,GW,27.76,0.51,3.58
11.0,2023.0,Brazil,BRA,Wind onshore,0,GW,28.05,0.29,3.87
12.0,2023.0,Brazil,BRA,Wind onshore,0,GW,29.1,1.05,4.92
1.0,2024.0,Brazil,BRA,Wind onshore,0,GW,29.58,0.48,0.48
2.0,2024.0,Brazil,BRA,Wind onshore,0,GW,29.96,0.38,0.86
3.0,2024.0,Brazil,BRA,Wind onshore,0,GW,30.28,0.32,1.18
4.0,2024.0,Brazil,BRA,Wind onshore,0,GW,30.74,0.46,1.64
5.0,2024.0,Brazil,BRA,Wind onshore,0,GW,30.97,0.23,1.87
6.0,2024.0,Brazil,BRA,Wind onshore,0,GW,31.19,0.22,2.09
7.0,2024.0,Brazil,BRA,Wind onshore,0,GW,31.59,0.4,2.49
8.0,2024.0,Brazil,BRA,Wind onshore,0,GW,31.91,0.32,2.81
9.0,2024.0,Brazil,BRA,Wind onshore,0,GW,32.07,0.16,2.97
10.0,2024.0,Brazil,BRA,Wind onshore,0,GW,32.56,0.49,3.46
11.0,2024.0,Brazil,BRA,Wind onshore,0,GW,32.71,0.15,3.61
12.0,2024.0,Brazil,BRA,Wind onshore,0,GW,32.96,0.25,3.86
1.0,2025.0,Brazil,BRA,Wind onshore,0,GW,33.35,0.39,0.39
2.0,2025.0,Brazil,BRA,Wind onshore,0,GW,33.54,0.19,0.58
3.0,2025.0,Brazil,BRA,Wind onshore,0,GW,33.74,0.2,0.78
4.0,2025.0,Brazil,BRA,Wind onshore,0,GW,33.77,0.03,0.81
5.0,2025.0,Brazil,BRA,Wind onshore,0,GW,33.77,0.0,0.81
6.0,2025.0,Brazil,BRA,Wind onshore,0,GW,33.98,0.21,1.02
7.0,2025.0,Brazil,BRA,Wind onshore,0,GW,34.02,0.04,1.06
8.0,2025.0,Brazil,BRA,Wind onshore,0,GW,34.24,0.22,1.28
1.0,2016.0,Brazil,BRA,Wind,1,GW,8.2,0.52,0.52
2.0,2016.0,Brazil,BRA,Wind,1,GW,8.48,0.28,0.8
3.0,2016.0,Brazil,BRA,Wind,1,GW,8.64,0.16,0.96
4.0,2016.0,Brazil,BRA,Wind,1,GW,8.81,0.17,1.13
5.0,2016.0,Brazil,BRA,Wind,1,GW,9.14,0.33,1.46
6.0,2016.0,Brazil,BRA,Wind,1,GW,9.27,0.13,1.59
7.0,2016.0,Brazil,BRA,Wind,1,GW,9.45,0.18,1.77
8.0,2016.0,Brazil,BRA,Wind,1,GW,9.55,0.1,1.87
9.0,2016.0,Brazil,BRA,Wind,1,GW,9.71,0.16,2.03
10.0,2016.0,Brazil,BRA,Wind,1,GW,9.86,0.15,2.18
11.0,2016.0,Brazil,BRA,Wind,1,GW,10.01,0.15,2.33
12.0,2016.0,Brazil,BRA,Wind,1,GW,10.32,0.31,2.64
1.0,2017.0,Brazil,BRA,Wind,1,GW,10.34,0.02,0.02
2.0,2017.0,Brazil,BRA,Wind,1,GW,10.42,0.08,0.1
3.0,2017.0,Brazil,BRA,Wind,1,GW,10.51,0.09,0.19
4.0,2017.0,Brazil,BRA,Wind,1,GW,10.54,0.03,0.22
5.0,2017.0,Brazil,BRA,Wind,1,GW,10.61,0.07,0.29
6.0,2017.0,Brazil,BRA,Wind,1,GW,10.87,0.26,0.55
7.0,2017.0,Brazil,BRA,Wind,1,GW,11.16,0.29,0.84
8.0,2017.0,Brazil,BRA,Wind,1,GW,11.25,0.09,0.93
9.0,2017.0,Brazil,BRA,Wind,1,GW,11.62,0.37,1.3
10.0,2017.0,Brazil,BRA,Wind,1,GW,11.83,0.21,1.51
11.0,2017.0,Brazil,BRA,Wind,1,GW,12.04,0.21,1.72
12.0,2017.0,Brazil,BRA,Wind,1,GW,12.44,0.4,2.12
1.0,2018.0,Brazil,BRA,Wind,1,GW,12.51,0.07,0.07
2.0,2018.0,Brazil,BRA,Wind,1,GW,12.56,0.05,0.12
3.0,2018.0,Brazil,BRA,Wind,1,GW,12.63,0.07,0.19
4.0,2018.0,Brazil,BRA,Wind,1,GW,12.83,0.2,0.39
5.0,2018.0,Brazil,BRA,Wind,1,GW,12.95,0.12,0.51
6.0,2018.0,Brazil,BRA,Wind,1,GW,13.16,0.21,0.72
7.0,2018.0,Brazil,BRA,Wind,1,GW,13.19,0.03,0.75
8.0,2018.0,Brazil,BRA,Wind,1,GW,13.25,0.06,0.81
9.0,2018.0,Brazil,BRA,Wind,1,GW,13.43,0.18,0.99
10.0,2018.0,Brazil,BRA,Wind,1,GW,13.54,0.11,1.1
11.0,2018.0,Brazil,BRA,Wind,1,GW,13.8,0.26,1.36
12.0,2018.0,Brazil,BRA,Wind,1,GW,14.5,0.7,2.06
1.0,2019.0,Brazil,BRA,Wind,1,GW,14.68,0.18,0.18
2.0,2019.0,Brazil,BRA,Wind,1,GW,14.86,0.18,0.36
3.0,2019.0,Brazil,BRA,Wind,1,GW,15.0,0.14,0.5
4.0,2019.0,Brazil,BRA,Wind,1,GW,15.16,0.16,0.66
5.0,2019.0,Brazil,BRA,Wind,1,GW,15.16,0.0,0.66
6.0,2019.0,Brazil,BRA,Wind,1,GW,15.16,0.0,0.66
7.0,2019.0,Brazil,BRA,Wind,1,GW,15.16,0.0,0.66
8.0,2019.0,Brazil,BRA,Wind,1,GW,15.19,0.03,0.69
9.0,2019.0,Brazil,BRA,Wind,1,GW,15.21,0.02,0.71
10.0,2019.0,Brazil,BRA,Wind,1,GW,15.29,0.08,0.79
11.0,2019.0,Brazil,BRA,Wind,1,GW,15.35,0.06,0.85
12.0,2019.0,Brazil,BRA,Wind,1,GW,15.45,0.1,0.95
1.0,2020.0,Brazil,BRA,Wind,1,GW,15.47,0.02,0.02
2.0,2020.0,Brazil,BRA,Wind,1,GW,15.52,0.05,0.07
3.0,2020.0,Brazil,BRA,Wind,1,GW,15.57,0.05,0.12
4.0,2020.0,Brazil,BRA,Wind,1,GW,15.65,0.08,0.2
5.0,2020.0,Brazil,BRA,Wind,1,GW,15.88,0.23,0.43
6.0,2020.0,Brazil,BRA,Wind,1,GW,16.0,0.12,0.55
7.0,2020.0,Brazil,BRA,Wind,1,GW,16.13,0.13,0.68
8.0,2020.0,Brazil,BRA,Wind,1,GW,16.17,0.04,0.72
9.0,2020.0,Brazil,BRA,Wind,1,GW,16.31,0.14,0.86
10.0,2020.0,Brazil,BRA,Wind,1,GW,16.42,0.11,0.97
11.0,2020.0,Brazil,BRA,Wind,1,GW,16.65,0.23,1.2
12.0,2020.0,Brazil,BRA,Wind,1,GW,17.2,0.55,1.75
1.0,2021.0,Brazil,BRA,Wind,1,GW,17.41,0.21,0.21
2.0,2021.0,Brazil,BRA,Wind,1,GW,17.53,0.12,0.33
3.0,2021.0,Brazil,BRA,Wind,1,GW,17.86,0.33,0.66
4.0,2021.0,Brazil,BRA,Wind,1,GW,18.07,0.21,0.87
5.0,2021.0,Brazil,BRA,Wind,1,GW,18.32,0.25,1.12
6.0,2021.0,Brazil,BRA,Wind,1,GW,18.66,0.34,1.46
7.0,2021.0,Brazil,BRA,Wind,1,GW,18.93,0.27,1.73
8.0,2021.0,Brazil,BRA,Wind,1,GW,19.37,0.44,2.17
9.0,2021.0,Brazil,BRA,Wind,1,GW,19.64,0.27,2.44
10.0,2021.0,Brazil,BRA,Wind,1,GW,19.93,0.29,2.73
11.0,2021.0,Brazil,BRA,Wind,1,GW,20.3,0.37,3.1
12.0,2021.0,Brazil,BRA,Wind,1,GW,20.99,0.69,3.79
1.0,2022.0,Brazil,BRA,Wind,1,GW,21.25,0.26,0.26
2.0,2022.0,Brazil,BRA,Wind,1,GW,21.62,0.37,0.63
3.0,2022.0,Brazil,BRA,Wind,1,GW,21.66,0.04,0.67
4.0,2022.0,Brazil,BRA,Wind,1,GW,21.71,0.05,0.72
5.0,2022.0,Brazil,BRA,Wind,1,GW,21.86,0.15,0.87
6.0,2022.0,Brazil,BRA,Wind,1,GW,21.96,0.1,0.97
7.0,2022.0,Brazil,BRA,Wind,1,GW,22.28,0.32,1.29
8.0,2022.0,Brazil,BRA,Wind,1,GW,22.48,0.2,1.49
9.0,2022.0,Brazil,BRA,Wind,1,GW,22.72,0.24,1.73
10.0,2022.0,Brazil,BRA,Wind,1,GW,23.38,0.66,2.39
11.0,2022.0,Brazil,BRA,Wind,1,GW,23.7,0.32,2.71
12.0,2022.0,Brazil,BRA,Wind,1,GW,24.18,0.48,3.19
1.0,2023.0,Brazil,BRA,Wind,1,GW,25.05,0.87,0.87
2.0,2023.0,Brazil,BRA,Wind,1,GW,25.24,0.19,1.06
3.0,2023.0,Brazil,BRA,Wind,1,GW,25.42,0.18,1.24
4.0,2023.0,Brazil,BRA,Wind,1,GW,25.68,0.26,1.5
5.0,2023.0,Brazil,BRA,Wind,1,GW,26.05,0.37,1.87
6.0,2023.0,Brazil,BRA,Wind,1,GW,26.3,0.25,2.12
7.0,2023.0,Brazil,BRA,Wind,1,GW,26.74,0.44,2.56
8.0,2023.0,Brazil,BRA,Wind,1,GW,27.09,0.35,2.91
9.0,2023.0,Brazil,BRA,Wind,1,GW,27.25,0.16,3.07
10.0,2023.0,Brazil,BRA,Wind,1,GW,27.76,0.51,3.58
11.0,2023.0,Brazil,BRA,Wind,1,GW,28.05,0.29,3.87
12.0,2023.0,Brazil,BRA,Wind,1,GW,29.1,1.05,4.92
1.0,2024.0,Brazil,BRA,Wind,1,GW,29.58,0.48,0.48
2.0,2024.0,Brazil,BRA,Wind,1,GW,29.96,0.38,0.86
3.0,2024.0,Brazil,BRA,Wind,1,GW,30.28,0.32,1.18
4.0,2024.0,Brazil,BRA,Wind,1,GW,30.74,0.46,1.64
5.0,2024.0,Brazil,BRA,Wind,1,GW,30.97,0.23,1.87
6.0,2024.0,Brazil,BRA,Wind,1,GW,31.19,0.22,2.09
7.0,2024.0,Brazil,BRA,Wind,1,GW,31.59,0.4,2.49
8.0,2024.0,Brazil,BRA,Wind,1,GW,31.91,0.32,2.81
9.0,2024.0,Brazil,BRA,Wind,1,GW,32.07,0.16,2.97
10.0,2024.0,Brazil,BRA,Wind,1,GW,32.56,0.49,3.46
11.0,2024.0,Brazil,BRA,Wind,1,GW,32.71,0.15,3.61
12.0,2024.0,Brazil,BRA,Wind,1,GW,32.96,0.25,3.86
1.0,2025.0,Brazil,BRA,Wind,1,GW,33.35,0.39,0.39
2.0,2025.0,Brazil,BRA,Wind,1,GW,33.54,0.19,0.58
3.0,2025.0,Brazil,BRA,Wind,1,GW,33.74,0.2,0.78
4.0,2025.0,Brazil,BRA,Wind,1,GW,33.77,0.03,0.81
5.0,2025.0,Brazil,BRA,Wind,1,GW,33.77,0.0,0.81
6.0,2025.0,Brazil,BRA,Wind,1,GW,33.98,0.21,1.02
7.0,2025.0,Brazil,BRA,Wind,1,GW,34.02,0.04,1.06
8.0,2025.0,Brazil,BRA,Wind,1,GW,34.24,0.22,1.28
1.0,2016.0,Brazil,BRA,Wind and solar,1,GW,8.27,0.53,0.53
2.0,2016.0,Brazil,BRA,Wind and solar,1,GW,8.54,0.27,0.8
3.0,2016.0,Brazil,BRA,Wind and solar,1,GW,8.72,0.18,0.98
4.0,2016.0,Brazil,BRA,Wind and solar,1,GW,8.89,0.17,1.15
5.0,2016.0,Brazil,BRA,Wind and solar,1,GW,9.26,0.37,1.52
6.0,2016.0,Brazil,BRA,Wind and solar,1,GW,9.4,0.14,1.66
7.0,2016.0,Brazil,BRA,Wind and solar,1,GW,9.58,0.18,1.84
8.0,2016.0,Brazil,BRA,Wind and solar,1,GW,9.69,0.11,1.95
9.0,2016.0,Brazil,BRA,Wind and solar,1,GW,9.86,0.17,2.12
10.0,2016.0,Brazil,BRA,Wind and solar,1,GW,10.02,0.16,2.28
11.0,2016.0,Brazil,BRA,Wind and solar,1,GW,10.17,0.15,2.43
12.0,2016.0,Brazil,BRA,Wind and solar,1,GW,10.49,0.32,2.75
1.0,2017.0,Brazil,BRA,Wind and solar,1,GW,10.52,0.03,0.03
2.0,2017.0,Brazil,BRA,Wind and solar,1,GW,10.6,0.08,0.11
3.0,2017.0,Brazil,BRA,Wind and solar,1,GW,10.71,0.11,0.22
4.0,2017.0,Brazil,BRA,Wind and solar,1,GW,10.75,0.04,0.26
5.0,2017.0,Brazil,BRA,Wind and solar,1,GW,10.83,0.08,0.34
6.0,2017.0,Brazil,BRA,Wind and solar,1,GW,11.25,0.42,0.76
7.0,2017.0,Brazil,BRA,Wind and solar,1,GW,11.55,0.3,1.06
8.0,2017.0,Brazil,BRA,Wind and solar,1,GW,11.7,0.15,1.21
9.0,2017.0,Brazil,BRA,Wind and solar,1,GW,12.33,0.63,1.84
10.0,2017.0,Brazil,BRA,Wind and solar,1,GW,12.6,0.27,2.11
11.0,2017.0,Brazil,BRA,Wind and solar,1,GW,12.9,0.3,2.41
12.0,2017.0,Brazil,BRA,Wind and solar,1,GW,14.01,1.11,3.52
1.0,2018.0,Brazil,BRA,Wind and solar,1,GW,14.11,0.1,0.1
2.0,2018.0,Brazil,BRA,Wind and solar,1,GW,14.27,0.16,0.26
3.0,2018.0,Brazil,BRA,Wind and solar,1,GW,14.51,0.24,0.5
4.0,2018.0,Brazil,BRA,Wind and solar,1,GW,14.82,0.31,0.81
5.0,2018.0,Brazil,BRA,Wind and solar,1,GW,15.08,0.26,1.07
6.0,2018.0,Brazil,BRA,Wind and solar,1,GW,15.34,0.26,1.33
7.0,2018.0,Brazil,BRA,Wind and solar,1,GW,15.41,0.07,1.4
8.0,2018.0,Brazil,BRA,Wind and solar,1,GW,15.54,0.13,1.53
9.0,2018.0,Brazil,BRA,Wind and solar,1,GW,15.8,0.26,1.79
10.0,2018.0,Brazil,BRA,Wind and solar,1,GW,16.09,0.29,2.08
11.0,2018.0,Brazil,BRA,Wind and solar,1,GW,16.65,0.56,2.64
12.0,2018.0,Brazil,BRA,Wind and solar,1,GW,17.71,1.06,3.7
1.0,2019.0,Brazil,BRA,Wind and solar,1,GW,18.11,0.4,0.4
2.0,2019.0,Brazil,BRA,Wind and solar,1,GW,18.48,0.37,0.77
3.0,2019.0,Brazil,BRA,Wind and solar,1,GW,18.84,0.36,1.13
4.0,2019.0,Brazil,BRA,Wind and solar,1,GW,19.18,0.34,1.47
5.0,2019.0,Brazil,BRA,Wind and solar,1,GW,19.33,0.15,1.62
6.0,2019.0,Brazil,BRA,Wind and solar,1,GW,19.48,0.15,1.77
7.0,2019.0,Brazil,BRA,Wind and solar,1,GW,19.66,0.18,1.95
8.0,2019.0,Brazil,BRA,Wind and solar,1,GW,20.08,0.42,2.37
9.0,2019.0,Brazil,BRA,Wind and solar,1,GW,20.3,0.22,2.59
10.0,2019.0,Brazil,BRA,Wind and solar,1,GW,20.59,0.29,2.88
11.0,2019.0,Brazil,BRA,Wind and solar,1,GW,21.15,0.56,3.44
12.0,2019.0,Brazil,BRA,Wind and solar,1,GW,21.57,0.42,3.86
1.0,2020.0,Brazil,BRA,Wind and solar,1,GW,21.91,0.34,0.34
2.0,2020.0,Brazil,BRA,Wind and solar,1,GW,22.5,0.59,0.93
3.0,2020.0,Brazil,BRA,Wind and solar,1,GW,22.92,0.42,1.35
4.0,2020.0,Brazil,BRA,Wind and solar,1,GW,23.59,0.67,2.02
5.0,2020.0,Brazil,BRA,Wind and solar,1,GW,24.22,0.63,2.65
6.0,2020.0,Brazil,BRA,Wind and solar,1,GW,24.65,0.43,3.08
7.0,2020.0,Brazil,BRA,Wind and solar,1,GW,25.11,0.46,3.54
8.0,2020.0,Brazil,BRA,Wind and solar,1,GW,25.45,0.34,3.88
9.0,2020.0,Brazil,BRA,Wind and solar,1,GW,25.91,0.46,4.34
10.0,2020.0,Brazil,BRA,Wind and solar,1,GW,26.48,0.57,4.91
11.0,2020.0,Brazil,BRA,Wind and solar,1,GW,27.11,0.63,5.54
12.0,2020.0,Brazil,BRA,Wind and solar,1,GW,28.25,1.14,6.68
1.0,2021.0,Brazil,BRA,Wind and solar,1,GW,28.83,0.58,0.58
2.0,2021.0,Brazil,BRA,Wind and solar,1,GW,29.32,0.49,1.07
3.0,2021.0,Brazil,BRA,Wind and solar,1,GW,30.18,0.86,1.93
4.0,2021.0,Brazil,BRA,Wind and solar,1,GW,30.8,0.62,2.55
5.0,2021.0,Brazil,BRA,Wind and solar,1,GW,31.52,0.72,3.27
6.0,2021.0,Brazil,BRA,Wind and solar,1,GW,32.39,0.87,4.14
7.0,2021.0,Brazil,BRA,Wind and solar,1,GW,33.24,0.85,4.99
8.0,2021.0,Brazil,BRA,Wind and solar,1,GW,34.64,1.4,6.39
9.0,2021.0,Brazil,BRA,Wind and solar,1,GW,35.57,0.93,7.32
10.0,2021.0,Brazil,BRA,Wind and solar,1,GW,37.21,1.64,8.96
11.0,2021.0,Brazil,BRA,Wind and solar,1,GW,38.36,1.15,10.11
12.0,2021.0,Brazil,BRA,Wind and solar,1,GW,39.89,1.53,11.64
1.0,2022.0,Brazil,BRA,Wind and solar,1,GW,40.76,0.87,0.87
2.0,2022.0,Brazil,BRA,Wind and solar,1,GW,41.96,1.2,2.07
3.0,2022.0,Brazil,BRA,Wind and solar,1,GW,43.01,1.05,3.12
4.0,2022.0,Brazil,BRA,Wind and solar,1,GW,44.02,1.01,4.13
5.0,2022.0,Brazil,BRA,Wind and solar,1,GW,45.22,1.2,5.33
6.0,2022.0,Brazil,BRA,Wind and solar,1,GW,46.36,1.14,6.47
7.0,2022.0,Brazil,BRA,Wind and solar,1,GW,48.09,1.73,8.2
8.0,2022.0,Brazil,BRA,Wind and solar,1,GW,49.7,1.61,9.81
9.0,2022.0,Brazil,BRA,Wind and solar,1,GW,51.64,1.94,11.75
10.0,2022.0,Brazil,BRA,Wind and solar,1,GW,53.52,1.88,13.63
11.0,2022.0,Brazil,BRA,Wind and solar,1,GW,55.17,1.65,15.28
12.0,2022.0,Brazil,BRA,Wind and solar,1,GW,57.35,2.18,17.46
1.0,2023.0,Brazil,BRA,Wind and solar,1,GW,60.11,2.76,2.76
2.0,2023.0,Brazil,BRA,Wind and solar,1,GW,61.79,1.68,4.44
3.0,2023.0,Brazil,BRA,Wind and solar,1,GW,63.72,1.93,6.37
4.0,2023.0,Brazil,BRA,Wind and solar,1,GW,65.37,1.65,8.02
5.0,2023.0,Brazil,BRA,Wind and solar,1,GW,67.89,2.52,10.54
6.0,2023.0,Brazil,BRA,Wind and solar,1,GW,69.1,1.21,11.75
7.0,2023.0,Brazil,BRA,Wind and solar,1,GW,70.29,1.19,12.94
8.0,2023.0,Brazil,BRA,Wind and solar,1,GW,72.32,2.03,14.97
9.0,2023.0,Brazil,BRA,Wind and solar,1,GW,73.16,0.84,15.81
10.0,2023.0,Brazil,BRA,Wind and solar,1,GW,74.81,1.65,17.46
11.0,2023.0,Brazil,BRA,Wind and solar,1,GW,76.35,1.54,19.0
12.0,2023.0,Brazil,BRA,Wind and solar,1,GW,78.81,2.46,21.46
1.0,2024.0,Brazil,BRA,Wind and solar,1,GW,80.69,1.88,1.88
2.0,2024.0,Brazil,BRA,Wind and solar,1,GW,82.77,2.08,3.96
3.0,2024.0,Brazil,BRA,Wind and solar,1,GW,84.83,2.06,6.02
4.0,2024.0,Brazil,BRA,Wind and solar,1,GW,87.3,2.47,8.49
5.0,2024.0,Brazil,BRA,Wind and solar,1,GW,89.07,1.77,10.26
6.0,2024.0,Brazil,BRA,Wind and solar,1,GW,90.82,1.75,12.01
7.0,2024.0,Brazil,BRA,Wind and solar,1,GW,93.11,2.29,14.3
8.0,2024.0,Brazil,BRA,Wind and solar,1,GW,94.84,1.73,16.03
9.0,2024.0,Brazil,BRA,Wind and solar,1,GW,96.67,1.83,17.86
10.0,2024.0,Brazil,BRA,Wind and solar,1,GW,99.01,2.34,20.2
11.0,2024.0,Brazil,BRA,Wind and solar,1,GW,101.19,2.18,22.38
12.0,2024.0,Brazil,BRA,Wind and solar,1,GW,103.15,1.96,24.34
1.0,2025.0,Brazil,BRA,Wind and solar,1,GW,105.43,2.28,2.28
2.0,2025.0,Brazil,BRA,Wind and solar,1,GW,106.75,1.32,3.6
3.0,2025.0,Brazil,BRA,Wind and solar,1,GW,108.08,1.33,4.93
4.0,2025.0,Brazil,BRA,Wind and solar,1,GW,109.28,1.2,6.13
5.0,2025.0,Brazil,BRA,Wind and solar,1,GW,110.24,0.96,7.09
6.0,2025.0,Brazil,BRA,Wind and solar,1,GW,111.33,1.09,8.18
7.0,2025.0,Brazil,BRA,Wind and solar,1,GW,112.29,0.96,9.14
8.0,2025.0,Brazil,BRA,Wind and solar,1,GW,112.89,0.6,9.74
2.0,2019.0,Chile,CHL,Solar,0,GWAC,1.89,,
3.0,2019.0,Chile,CHL,Solar,0,GWAC,1.91,0.02,
4.0,2019.0,Chile,CHL,Solar,0,GWAC,1.92,0.01,
5.0,2019.0,Chile,CHL,Solar,0,GWAC,2.02,0.1,
6.0,2019.0,Chile,CHL,Solar,0,GWAC,2.04,0.02,
7.0,2019.0,Chile,CHL,Solar,0,GWAC,2.05,0.01,
8.0,2019.0,Chile,CHL,Solar,0,GWAC,2.07,0.02,
9.0,2019.0,Chile,CHL,Solar,0,GWAC,2.07,0.0,
10.0,2019.0,Chile,CHL,Solar,0,GWAC,2.08,0.01,
11.0,2019.0,Chile,CHL,Solar,0,GWAC,2.09,0.01,
12.0,2019.0,Chile,CHL,Solar,0,GWAC,2.15,0.06,
1.0,2020.0,Chile,CHL,Solar,0,GWAC,2.16,0.01,0.01
2.0,2020.0,Chile,CHL,Solar,0,GWAC,2.19,0.03,0.04
3.0,2020.0,Chile,CHL,Solar,0,GWAC,2.3,0.11,0.15
4.0,2020.0,Chile,CHL,Solar,0,GWAC,2.32,0.02,0.17
5.0,2020.0,Chile,CHL,Solar,0,GWAC,2.34,0.02,0.19
6.0,2020.0,Chile,CHL,Solar,0,GWAC,2.36,0.02,0.21
7.0,2020.0,Chile,CHL,Solar,0,GWAC,2.39,0.03,0.24
8.0,2020.0,Chile,CHL,Solar,0,GWAC,2.49,0.1,0.34
9.0,2020.0,Chile,CHL,Solar,0,GWAC,2.5,0.01,0.35
10.0,2020.0,Chile,CHL,Solar,0,GWAC,2.51,0.01,0.36
11.0,2020.0,Chile,CHL,Solar,0,GWAC,2.6,0.09,0.45
12.0,2020.0,Chile,CHL,Solar,0,GWAC,2.75,0.15,0.6
1.0,2021.0,Chile,CHL,Solar,0,GWAC,2.79,0.04,0.04
2.0,2021.0,Chile,CHL,Solar,0,GWAC,3.07,0.28,0.32
3.0,2021.0,Chile,CHL,Solar,0,GWAC,3.67,0.6,0.92
4.0,2021.0,Chile,CHL,Solar,0,GWAC,3.78,0.11,1.03
5.0,2021.0,Chile,CHL,Solar,0,GWAC,3.8,0.02,1.05
6.0,2021.0,Chile,CHL,Solar,0,GWAC,3.83,0.03,1.08
7.0,2021.0,Chile,CHL,Solar,0,GWAC,3.89,0.06,1.14
8.0,2021.0,Chile,CHL,Solar,0,GWAC,4.1,0.21,1.35
9.0,2021.0,Chile,CHL,Solar,0,GWAC,4.4,0.3,1.65
10.0,2021.0,Chile,CHL,Solar,0,GWAC,4.44,0.04,1.69
11.0,2021.0,Chile,CHL,Solar,0,GWAC,4.57,0.13,1.82
12.0,2021.0,Chile,CHL,Solar,0,GWAC,4.77,0.2,2.02
1.0,2022.0,Chile,CHL,Solar,0,GWAC,4.87,0.1,0.1
2.0,2022.0,Chile,CHL,Solar,0,GWAC,4.89,0.02,0.12
3.0,2022.0,Chile,CHL,Solar,0,GWAC,4.95,0.06,0.18
4.0,2022.0,Chile,CHL,Solar,0,GWAC,5.17,0.22,0.4
5.0,2022.0,Chile,CHL,Solar,0,GWAC,5.19,0.02,0.42
6.0,2022.0,Chile,CHL,Solar,0,GWAC,5.15,-0.04,0.38
7.0,2022.0,Chile,CHL,Solar,0,GWAC,5.34,0.19,0.57
8.0,2022.0,Chile,CHL,Solar,0,GWAC,5.9,0.56,1.13
9.0,2022.0,Chile,CHL,Solar,0,GWAC,5.93,0.03,1.16
10.0,2022.0,Chile,CHL,Solar,0,GWAC,5.96,0.03,1.19
11.0,2022.0,Chile,CHL,Solar,0,GWAC,6.01,0.05,1.24
12.0,2022.0,Chile,CHL,Solar,0,GWAC,6.17,0.16,1.4
1.0,2023.0,Chile,CHL,Solar,0,GWAC,6.2,0.03,0.03
2.0,2023.0,Chile,CHL,Solar,0,GWAC,6.2,0.0,0.03
3.0,2023.0,Chile,CHL,Solar,0,GWAC,6.26,0.06,0.09
4.0,2023.0,Chile,CHL,Solar,0,GWAC,6.33,0.07,0.16
5.0,2023.0,Chile,CHL,Solar,0,GWAC,6.33,0.0,0.16
6.0,2023.0,Chile,CHL,Solar,0,GWAC,6.48,0.15,0.31
7.0,2023.0,Chile,CHL,Solar,0,GWAC,6.48,0.0,0.31
8.0,2023.0,Chile,CHL,Solar,0,GWAC,6.59,0.11,0.42
9.0,2023.0,Chile,CHL,Solar,0,GWAC,7.29,0.7,1.12
10.0,2023.0,Chile,CHL,Solar,0,GWAC,7.22,-0.07,1.05
11.0,2023.0,Chile,CHL,Solar,0,GWAC,7.19,-0.03,1.02
12.0,2023.0,Chile,CHL,Solar,0,GWAC,7.48,0.29,1.31
1.0,2024.0,Chile,CHL,Solar,0,GWAC,7.28,-0.2,-0.2
2.0,2024.0,Chile,CHL,Solar,0,GWAC,7.49,0.21,0.01
3.0,2024.0,Chile,CHL,Solar,0,GWAC,7.73,0.24,0.25
4.0,2024.0,Chile,CHL,Solar,0,GWAC,7.75,0.02,0.27
5.0,2024.0,Chile,CHL,Solar,0,GWAC,7.89,0.14,0.41
6.0,2024.0,Chile,CHL,Solar,0,GWAC,8.0,0.11,0.52
7.0,2024.0,Chile,CHL,Solar,0,GWAC,8.17,0.17,0.69
8.0,2024.0,Chile,CHL,Solar,0,GWAC,8.18,0.01,0.7
9.0,2024.0,Chile,CHL,Solar,0,GWAC,8.18,0.0,0.7
10.0,2024.0,Chile,CHL,Solar,0,GWAC,8.58,0.4,1.1
11.0,2024.0,Chile,CHL,Solar,0,GWAC,8.61,0.03,1.13
12.0,2024.0,Chile,CHL,Solar,0,GWAC,8.7,0.09,1.22
1.0,2025.0,Chile,CHL,Solar,0,GWAC,8.71,0.01,0.01
2.0,2025.0,Chile,CHL,Solar,0,GWAC,8.74,0.03,0.04
3.0,2025.0,Chile,CHL,Solar,0,GWAC,8.98,0.24,0.28
4.0,2025.0,Chile,CHL,Solar,0,GWAC,8.97,-0.01,0.27
5.0,2025.0,Chile,CHL,Solar,0,GWAC,9.01,0.04,0.31
6.0,2025.0,Chile,CHL,Solar,0,GWAC,9.04,0.03,0.34
7.0,2025.0,Chile,CHL,Solar,0,GWAC,9.08,0.04,0.38
2.0,2019.0,Chile,CHL,Solar,0,GWDC,2.46,,
3.0,2019.0,Chile,CHL,Solar,0,GWDC,2.49,0.03,
4.0,2019.0,Chile,CHL,Solar,0,GWDC,2.49,0.0,
5.0,2019.0,Chile,CHL,Solar,0,GWDC,2.62,0.13,
6.0,2019.0,Chile,CHL,Solar,0,GWDC,2.65,0.03,
7.0,2019.0,Chile,CHL,Solar,0,GWDC,2.67,0.02,
8.0,2019.0,Chile,CHL,Solar,0,GWDC,2.69,0.02,
9.0,2019.0,Chile,CHL,Solar,0,GWDC,2.7,0.01,
10.0,2019.0,Chile,CHL,Solar,0,GWDC,2.71,0.01,
11.0,2019.0,Chile,CHL,Solar,0,GWDC,2.72,0.01,
12.0,2019.0,Chile,CHL,Solar,0,GWDC,2.79,0.07,
1.0,2020.0,Chile,CHL,Solar,0,GWDC,2.81,0.02,0.02
2.0,2020.0,Chile,CHL,Solar,0,GWDC,2.85,0.04,0.06
3.0,2020.0,Chile,CHL,Solar,0,GWDC,2.99,0.14,0.2
4.0,2020.0,Chile,CHL,Solar,0,GWDC,3.02,0.03,0.23
5.0,2020.0,Chile,CHL,Solar,0,GWDC,3.05,0.03,0.26
6.0,2020.0,Chile,CHL,Solar,0,GWDC,3.07,0.02,0.28
7.0,2020.0,Chile,CHL,Solar,0,GWDC,3.1,0.03,0.31
8.0,2020.0,Chile,CHL,Solar,0,GWDC,3.24,0.14,0.45
9.0,2020.0,Chile,CHL,Solar,0,GWDC,3.26,0.02,0.47
10.0,2020.0,Chile,CHL,Solar,0,GWDC,3.27,0.01,0.48
11.0,2020.0,Chile,CHL,Solar,0,GWDC,3.39,0.12,0.6
12.0,2020.0,Chile,CHL,Solar,0,GWDC,3.57,0.18,0.78
1.0,2021.0,Chile,CHL,Solar,0,GWDC,3.62,0.05,0.05
2.0,2021.0,Chile,CHL,Solar,0,GWDC,3.99,0.37,0.42
3.0,2021.0,Chile,CHL,Solar,0,GWDC,4.77,0.78,1.2
4.0,2021.0,Chile,CHL,Solar,0,GWDC,4.91,0.14,1.34
5.0,2021.0,Chile,CHL,Solar,0,GWDC,4.94,0.03,1.37
6.0,2021.0,Chile,CHL,Solar,0,GWDC,4.98,0.04,1.41
7.0,2021.0,Chile,CHL,Solar,0,GWDC,5.06,0.08,1.49
8.0,2021.0,Chile,CHL,Solar,0,GWDC,5.34,0.28,1.77
9.0,2021.0,Chile,CHL,Solar,0,GWDC,5.72,0.38,2.15
10.0,2021.0,Chile,CHL,Solar,0,GWDC,5.78,0.06,2.21
11.0,2021.0,Chile,CHL,Solar,0,GWDC,5.94,0.16,2.37
12.0,2021.0,Chile,CHL,Solar,0,GWDC,6.2,0.26,2.63
1.0,2022.0,Chile,CHL,Solar,0,GWDC,6.33,0.13,0.13
2.0,2022.0,Chile,CHL,Solar,0,GWDC,6.36,0.03,0.16
3.0,2022.0,Chile,CHL,Solar,0,GWDC,6.44,0.08,0.24
4.0,2022.0,Chile,CHL,Solar,0,GWDC,6.72,0.28,0.52
5.0,2022.0,Chile,CHL,Solar,0,GWDC,6.75,0.03,0.55
6.0,2022.0,Chile,CHL,Solar,0,GWDC,6.69,-0.06,0.49
7.0,2022.0,Chile,CHL,Solar,0,GWDC,6.94,0.25,0.74
8.0,2022.0,Chile,CHL,Solar,0,GWDC,7.67,0.73,1.47
9.0,2022.0,Chile,CHL,Solar,0,GWDC,7.71,0.04,1.51
10.0,2022.0,Chile,CHL,Solar,0,GWDC,7.75,0.04,1.55
11.0,2022.0,Chile,CHL,Solar,0,GWDC,7.82,0.07,1.62
12.0,2022.0,Chile,CHL,Solar,0,GWDC,8.02,0.2,1.82
1.0,2023.0,Chile,CHL,Solar,0,GWDC,8.05,0.03,0.03
2.0,2023.0,Chile,CHL,Solar,0,GWDC,8.05,0.0,0.03
3.0,2023.0,Chile,CHL,Solar,0,GWDC,8.14,0.09,0.12
4.0,2023.0,Chile,CHL,Solar,0,GWDC,8.23,0.09,0.21
5.0,2023.0,Chile,CHL,Solar,0,GWDC,8.22,-0.01,0.2
6.0,2023.0,Chile,CHL,Solar,0,GWDC,8.42,0.2,0.4
7.0,2023.0,Chile,CHL,Solar,0,GWDC,8.42,0.0,0.4
8.0,2023.0,Chile,CHL,Solar,0,GWDC,8.57,0.15,0.55
9.0,2023.0,Chile,CHL,Solar,0,GWDC,9.48,0.91,1.46
10.0,2023.0,Chile,CHL,Solar,0,GWDC,9.39,-0.09,1.37
11.0,2023.0,Chile,CHL,Solar,0,GWDC,9.34,-0.05,1.32
12.0,2023.0,Chile,CHL,Solar,0,GWDC,9.72,0.38,1.7
1.0,2024.0,Chile,CHL,Solar,0,GWDC,9.46,-0.26,-0.26
2.0,2024.0,Chile,CHL,Solar,0,GWDC,9.73,0.27,0.01
3.0,2024.0,Chile,CHL,Solar,0,GWDC,10.05,0.32,0.33
4.0,2024.0,Chile,CHL,Solar,0,GWDC,10.08,0.03,0.36
5.0,2024.0,Chile,CHL,Solar,0,GWDC,10.25,0.17,0.53
6.0,2024.0,Chile,CHL,Solar,0,GWDC,10.4,0.15,0.68
7.0,2024.0,Chile,CHL,Solar,0,GWDC,10.62,0.22,0.9
8.0,2024.0,Chile,CHL,Solar,0,GWDC,10.63,0.01,0.91
9.0,2024.0,Chile,CHL,Solar,0,GWDC,10.63,0.0,0.91
10.0,2024.0,Chile,CHL,Solar,0,GWDC,11.15,0.52,1.43
11.0,2024.0,Chile,CHL,Solar,0,GWDC,11.19,0.04,1.47
12.0,2024.0,Chile,CHL,Solar,0,GWDC,11.31,0.12,1.59
1.0,2025.0,Chile,CHL,Solar,0,GWDC,11.33,0.02,0.02
2.0,2025.0,Chile,CHL,Solar,0,GWDC,11.36,0.03,0.05
3.0,2025.0,Chile,CHL,Solar,0,GWDC,11.67,0.31,0.36
4.0,2025.0,Chile,CHL,Solar,0,GWDC,11.66,-0.01,0.35
5.0,2025.0,Chile,CHL,Solar,0,GWDC,11.71,0.05,0.4
6.0,2025.0,Chile,CHL,Solar,0,GWDC,11.75,0.04,0.44
7.0,2025.0,Chile,CHL,Solar,0,GWDC,11.81,0.06,0.5
2.0,2019.0,Chile,CHL,Wind onshore,0,GW,1.74,,
3.0,2019.0,Chile,CHL,Wind onshore,0,GW,1.92,0.18,
4.0,2019.0,Chile,CHL,Wind onshore,0,GW,1.93,0.01,
5.0,2019.0,Chile,CHL,Wind onshore,0,GW,1.94,0.01,
6.0,2019.0,Chile,CHL,Wind onshore,0,GW,1.94,0.0,
7.0,2019.0,Chile,CHL,Wind onshore,0,GW,1.94,0.0,
8.0,2019.0,Chile,CHL,Wind onshore,0,GW,1.94,0.0,
9.0,2019.0,Chile,CHL,Wind onshore,0,GW,2.12,0.18,
10.0,2019.0,Chile,CHL,Wind onshore,0,GW,2.16,0.04,
11.0,2019.0,Chile,CHL,Wind onshore,0,GW,2.16,0.0,
12.0,2019.0,Chile,CHL,Wind onshore,0,GW,2.16,0.0,
1.0,2020.0,Chile,CHL,Wind onshore,0,GW,2.16,0.0,0.0
2.0,2020.0,Chile,CHL,Wind onshore,0,GW,2.16,0.0,0.0
3.0,2020.0,Chile,CHL,Wind onshore,0,GW,2.16,0.0,0.0
4.0,2020.0,Chile,CHL,Wind onshore,0,GW,2.16,0.0,0.0
5.0,2020.0,Chile,CHL,Wind onshore,0,GW,2.24,0.08,0.08
6.0,2020.0,Chile,CHL,Wind onshore,0,GW,2.24,0.0,0.08
7.0,2020.0,Chile,CHL,Wind onshore,0,GW,2.24,0.0,0.08
8.0,2020.0,Chile,CHL,Wind onshore,0,GW,2.24,0.0,0.08
9.0,2020.0,Chile,CHL,Wind onshore,0,GW,2.32,0.08,0.16
10.0,2020.0,Chile,CHL,Wind onshore,0,GW,2.53,0.21,0.37
11.0,2020.0,Chile,CHL,Wind onshore,0,GW,2.53,0.0,0.37
12.0,2020.0,Chile,CHL,Wind onshore,0,GW,2.53,0.0,0.37
1.0,2021.0,Chile,CHL,Wind onshore,0,GW,2.53,0.0,0.0
2.0,2021.0,Chile,CHL,Wind onshore,0,GW,2.58,0.05,0.05
3.0,2021.0,Chile,CHL,Wind onshore,0,GW,2.61,0.03,0.08
4.0,2021.0,Chile,CHL,Wind onshore,0,GW,2.75,0.14,0.22
5.0,2021.0,Chile,CHL,Wind onshore,0,GW,2.75,0.0,0.22
6.0,2021.0,Chile,CHL,Wind onshore,0,GW,2.75,0.0,0.22
7.0,2021.0,Chile,CHL,Wind onshore,0,GW,2.83,0.08,0.3
8.0,2021.0,Chile,CHL,Wind onshore,0,GW,2.98,0.15,0.45
9.0,2021.0,Chile,CHL,Wind onshore,0,GW,3.42,0.44,0.89
10.0,2021.0,Chile,CHL,Wind onshore,0,GW,3.42,0.0,0.89
11.0,2021.0,Chile,CHL,Wind onshore,0,GW,3.42,0.0,0.89
12.0,2021.0,Chile,CHL,Wind onshore,0,GW,3.54,0.12,1.01
1.0,2022.0,Chile,CHL,Wind onshore,0,GW,3.67,0.13,0.13
2.0,2022.0,Chile,CHL,Wind onshore,0,GW,3.75,0.08,0.21
3.0,2022.0,Chile,CHL,Wind onshore,0,GW,3.81,0.06,0.27
4.0,2022.0,Chile,CHL,Wind onshore,0,GW,3.81,0.0,0.27
5.0,2022.0,Chile,CHL,Wind onshore,0,GW,3.8,-0.01,0.26
6.0,2022.0,Chile,CHL,Wind onshore,0,GW,3.96,0.16,0.42
7.0,2022.0,Chile,CHL,Wind onshore,0,GW,4.02,0.06,0.48
8.0,2022.0,Chile,CHL,Wind onshore,0,GW,4.17,0.15,0.63
9.0,2022.0,Chile,CHL,Wind onshore,0,GW,4.17,0.0,0.63
10.0,2022.0,Chile,CHL,Wind onshore,0,GW,4.17,0.0,0.63
11.0,2022.0,Chile,CHL,Wind onshore,0,GW,4.17,0.0,0.63
12.0,2022.0,Chile,CHL,Wind onshore,0,GW,4.33,0.16,0.79
1.0,2023.0,Chile,CHL,Wind onshore,0,GW,4.56,0.23,0.23
2.0,2023.0,Chile,CHL,Wind onshore,0,GW,4.56,0.0,0.23
3.0,2023.0,Chile,CHL,Wind onshore,0,GW,4.51,-0.05,0.18
4.0,2023.0,Chile,CHL,Wind onshore,0,GW,4.58,0.07,0.25
5.0,2023.0,Chile,CHL,Wind onshore,0,GW,4.58,0.0,0.25
6.0,2023.0,Chile,CHL,Wind onshore,0,GW,4.58,0.0,0.25
7.0,2023.0,Chile,CHL,Wind onshore,0,GW,4.58,0.0,0.25
8.0,2023.0,Chile,CHL,Wind onshore,0,GW,4.73,0.15,0.4
9.0,2023.0,Chile,CHL,Wind onshore,0,GW,4.45,-0.28,0.12
10.0,2023.0,Chile,CHL,Wind onshore,0,GW,4.6,0.15,0.27
11.0,2023.0,Chile,CHL,Wind onshore,0,GW,4.63,0.03,0.3
12.0,2023.0,Chile,CHL,Wind onshore,0,GW,4.71,0.08,0.38
1.0,2024.0,Chile,CHL,Wind onshore,0,GW,4.71,0.0,0.0
2.0,2024.0,Chile,CHL,Wind onshore,0,GW,4.89,0.18,0.18
3.0,2024.0,Chile,CHL,Wind onshore,0,GW,4.89,0.0,0.18
4.0,2024.0,Chile,CHL,Wind onshore,0,GW,4.9,0.01,0.19
5.0,2024.0,Chile,CHL,Wind onshore,0,GW,5.06,0.16,0.35
6.0,2024.0,Chile,CHL,Wind onshore,0,GW,5.07,0.01,0.36
7.0,2024.0,Chile,CHL,Wind onshore,0,GW,5.13,0.06,0.42
8.0,2024.0,Chile,CHL,Wind onshore,0,GW,5.18,0.05,0.47
9.0,2024.0,Chile,CHL,Wind onshore,0,GW,5.13,-0.05,0.42
10.0,2024.0,Chile,CHL,Wind onshore,0,GW,5.28,0.15,0.57
11.0,2024.0,Chile,CHL,Wind onshore,0,GW,5.28,0.0,0.57
12.0,2024.0,Chile,CHL,Wind onshore,0,GW,5.28,0.0,0.57
1.0,2025.0,Chile,CHL,Wind onshore,0,GW,5.28,0.0,0.0
2.0,2025.0,Chile,CHL,Wind onshore,0,GW,5.28,0.0,0.0
3.0,2025.0,Chile,CHL,Wind onshore,0,GW,5.54,0.26,0.26
4.0,2025.0,Chile,CHL,Wind onshore,0,GW,5.57,0.03,0.29
5.0,2025.0,Chile,CHL,Wind onshore,0,GW,5.57,0.0,0.29
6.0,2025.0,Chile,CHL,Wind onshore,0,GW,5.83,0.26,0.55
7.0,2025.0,Chile,CHL,Wind onshore,0,GW,5.83,0.0,0.55
2.0,2019.0,Chile,CHL,Wind,1,GW,1.74,,
3.0,2019.0,Chile,CHL,Wind,1,GW,1.92,0.18,
4.0,2019.0,Chile,CHL,Wind,1,GW,1.93,0.01,
5.0,2019.0,Chile,CHL,Wind,1,GW,1.94,0.01,
6.0,2019.0,Chile,CHL,Wind,1,GW,1.94,0.0,
7.0,2019.0,Chile,CHL,Wind,1,GW,1.94,0.0,
8.0,2019.0,Chile,CHL,Wind,1,GW,1.94,0.0,
9.0,2019.0,Chile,CHL,Wind,1,GW,2.12,0.18,
10.0,2019.0,Chile,CHL,Wind,1,GW,2.16,0.04,
11.0,2019.0,Chile,CHL,Wind,1,GW,2.16,0.0,
12.0,2019.0,Chile,CHL,Wind,1,GW,2.16,0.0,
1.0,2020.0,Chile,CHL,Wind,1,GW,2.16,0.0,0.0
2.0,2020.0,Chile,CHL,Wind,1,GW,2.16,0.0,0.0
3.0,2020.0,Chile,CHL,Wind,1,GW,2.16,0.0,0.0
4.0,2020.0,Chile,CHL,Wind,1,GW,2.16,0.0,0.0
5.0,2020.0,Chile,CHL,Wind,1,GW,2.24,0.08,0.08
6.0,2020.0,Chile,CHL,Wind,1,GW,2.24,0.0,0.08
7.0,2020.0,Chile,CHL,Wind,1,GW,2.24,0.0,0.08
8.0,2020.0,Chile,CHL,Wind,1,GW,2.24,0.0,0.08
9.0,2020.0,Chile,CHL,Wind,1,GW,2.32,0.08,0.16
10.0,2020.0,Chile,CHL,Wind,1,GW,2.53,0.21,0.37
11.0,2020.0,Chile,CHL,Wind,1,GW,2.53,0.0,0.37
12.0,2020.0,Chile,CHL,Wind,1,GW,2.53,0.0,0.37
1.0,2021.0,Chile,CHL,Wind,1,GW,2.53,0.0,0.0
2.0,2021.0,Chile,CHL,Wind,1,GW,2.58,0.05,0.05
3.0,2021.0,Chile,CHL,Wind,1,GW,2.61,0.03,0.08
4.0,2021.0,Chile,CHL,Wind,1,GW,2.75,0.14,0.22
5.0,2021.0,Chile,CHL,Wind,1,GW,2.75,0.0,0.22
6.0,2021.0,Chile,CHL,Wind,1,GW,2.75,0.0,0.22
7.0,2021.0,Chile,CHL,Wind,1,GW,2.83,0.08,0.3
8.0,2021.0,Chile,CHL,Wind,1,GW,2.98,0.15,0.45
9.0,2021.0,Chile,CHL,Wind,1,GW,3.42,0.44,0.89
10.0,2021.0,Chile,CHL,Wind,1,GW,3.42,0.0,0.89
11.0,2021.0,Chile,CHL,Wind,1,GW,3.42,0.0,0.89
12.0,2021.0,Chile,CHL,Wind,1,GW,3.54,0.12,1.01
1.0,2022.0,Chile,CHL,Wind,1,GW,3.67,0.13,0.13
2.0,2022.0,Chile,CHL,Wind,1,GW,3.75,0.08,0.21
3.0,2022.0,Chile,CHL,Wind,1,GW,3.81,0.06,0.27
4.0,2022.0,Chile,CHL,Wind,1,GW,3.81,0.0,0.27
5.0,2022.0,Chile,CHL,Wind,1,GW,3.8,-0.01,0.26
6.0,2022.0,Chile,CHL,Wind,1,GW,3.96,0.16,0.42
7.0,2022.0,Chile,CHL,Wind,1,GW,4.02,0.06,0.48
8.0,2022.0,Chile,CHL,Wind,1,GW,4.17,0.15,0.63
9.0,2022.0,Chile,CHL,Wind,1,GW,4.17,0.0,0.63
10.0,2022.0,Chile,CHL,Wind,1,GW,4.17,0.0,0.63
11.0,2022.0,Chile,CHL,Wind,1,GW,4.17,0.0,0.63
12.0,2022.0,Chile,CHL,Wind,1,GW,4.33,0.16,0.79
1.0,2023.0,Chile,CHL,Wind,1,GW,4.56,0.23,0.23
2.0,2023.0,Chile,CHL,Wind,1,GW,4.56,0.0,0.23
3.0,2023.0,Chile,CHL,Wind,1,GW,4.51,-0.05,0.18
4.0,2023.0,Chile,CHL,Wind,1,GW,4.58,0.07,0.25
5.0,2023.0,Chile,CHL,Wind,1,GW,4.58,0.0,0.25
6.0,2023.0,Chile,CHL,Wind,1,GW,4.58,0.0,0.25
7.0,2023.0,Chile,CHL,Wind,1,GW,4.58,0.0,0.25
8.0,2023.0,Chile,CHL,Wind,1,GW,4.73,0.15,0.4
9.0,2023.0,Chile,CHL,Wind,1,GW,4.45,-0.28,0.12
10.0,2023.0,Chile,CHL,Wind,1,GW,4.6,0.15,0.27
11.0,2023.0,Chile,CHL,Wind,1,GW,4.63,0.03,0.3
12.0,2023.0,Chile,CHL,Wind,1,GW,4.71,0.08,0.38
1.0,2024.0,Chile,CHL,Wind,1,GW,4.71,0.0,0.0
2.0,2024.0,Chile,CHL,Wind,1,GW,4.89,0.18,0.18
3.0,2024.0,Chile,CHL,Wind,1,GW,4.89,0.0,0.18
4.0,2024.0,Chile,CHL,Wind,1,GW,4.9,0.01,0.19
5.0,2024.0,Chile,CHL,Wind,1,GW,5.06,0.16,0.35
6.0,2024.0,Chile,CHL,Wind,1,GW,5.07,0.01,0.36
7.0,2024.0,Chile,CHL,Wind,1,GW,5.13,0.06,0.42
8.0,2024.0,Chile,CHL,Wind,1,GW,5.18,0.05,0.47
9.0,2024.0,Chile,CHL,Wind,1,GW,5.13,-0.05,0.42
10.0,2024.0,Chile,CHL,Wind,1,GW,5.28,0.15,0.57
11.0,2024.0,Chile,CHL,Wind,1,GW,5.28,0.0,0.57
12.0,2024.0,Chile,CHL,Wind,1,GW,5.28,0.0,0.57
1.0,2025.0,Chile,CHL,Wind,1,GW,5.28,0.0,0.0
2.0,2025.0,Chile,CHL,Wind,1,GW,5.28,0.0,0.0
3.0,2025.0,Chile,CHL,Wind,1,GW,5.54,0.26,0.26
4.0,2025.0,Chile,CHL,Wind,1,GW,5.57,0.03,0.29
5.0,2025.0,Chile,CHL,Wind,1,GW,5.57,0.0,0.29
6.0,2025.0,Chile,CHL,Wind,1,GW,5.83,0.26,0.55
7.0,2025.0,Chile,CHL,Wind,1,GW,5.83,0.0,0.55
2.0,2019.0,Chile,CHL,Wind and solar,1,GW,4.2,,
3.0,2019.0,Chile,CHL,Wind and solar,1,GW,4.41,0.21,
4.0,2019.0,Chile,CHL,Wind and solar,1,GW,4.42,0.01,
5.0,2019.0,Chile,CHL,Wind and solar,1,GW,4.56,0.14,
6.0,2019.0,Chile,CHL,Wind and solar,1,GW,4.59,0.03,
7.0,2019.0,Chile,CHL,Wind and solar,1,GW,4.61,0.02,
8.0,2019.0,Chile,CHL,Wind and solar,1,GW,4.63,0.02,
9.0,2019.0,Chile,CHL,Wind and solar,1,GW,4.82,0.19,
10.0,2019.0,Chile,CHL,Wind and solar,1,GW,4.87,0.05,
11.0,2019.0,Chile,CHL,Wind and solar,1,GW,4.88,0.01,
12.0,2019.0,Chile,CHL,Wind and solar,1,GW,4.95,0.07,
1.0,2020.0,Chile,CHL,Wind and solar,1,GW,4.98,0.03,0.03
2.0,2020.0,Chile,CHL,Wind and solar,1,GW,5.01,0.03,0.06
3.0,2020.0,Chile,CHL,Wind and solar,1,GW,5.15,0.14,0.2
4.0,2020.0,Chile,CHL,Wind and solar,1,GW,5.18,0.03,0.23
5.0,2020.0,Chile,CHL,Wind and solar,1,GW,5.29,0.11,0.34
6.0,2020.0,Chile,CHL,Wind and solar,1,GW,5.31,0.02,0.36
7.0,2020.0,Chile,CHL,Wind and solar,1,GW,5.35,0.04,0.4
8.0,2020.0,Chile,CHL,Wind and solar,1,GW,5.48,0.13,0.53
9.0,2020.0,Chile,CHL,Wind and solar,1,GW,5.58,0.1,0.63
10.0,2020.0,Chile,CHL,Wind and solar,1,GW,5.79,0.21,0.84
11.0,2020.0,Chile,CHL,Wind and solar,1,GW,5.91,0.12,0.96
12.0,2020.0,Chile,CHL,Wind and solar,1,GW,6.1,0.19,1.15
1.0,2021.0,Chile,CHL,Wind and solar,1,GW,6.15,0.05,0.05
2.0,2021.0,Chile,CHL,Wind and solar,1,GW,6.57,0.42,0.47
3.0,2021.0,Chile,CHL,Wind and solar,1,GW,7.39,0.82,1.29
4.0,2021.0,Chile,CHL,Wind and solar,1,GW,7.66,0.27,1.56
5.0,2021.0,Chile,CHL,Wind and solar,1,GW,7.68,0.02,1.58
6.0,2021.0,Chile,CHL,Wind and solar,1,GW,7.72,0.04,1.62
7.0,2021.0,Chile,CHL,Wind and solar,1,GW,7.89,0.17,1.79
8.0,2021.0,Chile,CHL,Wind and solar,1,GW,8.32,0.43,2.22
9.0,2021.0,Chile,CHL,Wind and solar,1,GW,9.14,0.82,3.04
10.0,2021.0,Chile,CHL,Wind and solar,1,GW,9.2,0.06,3.1
11.0,2021.0,Chile,CHL,Wind and solar,1,GW,9.36,0.16,3.26
12.0,2021.0,Chile,CHL,Wind and solar,1,GW,9.73,0.37,3.63
1.0,2022.0,Chile,CHL,Wind and solar,1,GW,10.0,0.27,0.27
2.0,2022.0,Chile,CHL,Wind and solar,1,GW,10.11,0.11,0.38
3.0,2022.0,Chile,CHL,Wind and solar,1,GW,10.24,0.13,0.51
4.0,2022.0,Chile,CHL,Wind and solar,1,GW,10.53,0.29,0.8
5.0,2022.0,Chile,CHL,Wind and solar,1,GW,10.55,0.02,0.82
6.0,2022.0,Chile,CHL,Wind and solar,1,GW,10.65,0.1,0.92
7.0,2022.0,Chile,CHL,Wind and solar,1,GW,10.96,0.31,1.23
8.0,2022.0,Chile,CHL,Wind and solar,1,GW,11.84,0.88,2.11
9.0,2022.0,Chile,CHL,Wind and solar,1,GW,11.88,0.04,2.15
10.0,2022.0,Chile,CHL,Wind and solar,1,GW,11.92,0.04,2.19
11.0,2022.0,Chile,CHL,Wind and solar,1,GW,11.99,0.07,2.26
12.0,2022.0,Chile,CHL,Wind and solar,1,GW,12.35,0.36,2.62
1.0,2023.0,Chile,CHL,Wind and solar,1,GW,12.62,0.27,0.27
2.0,2023.0,Chile,CHL,Wind and solar,1,GW,12.62,0.0,0.27
3.0,2023.0,Chile,CHL,Wind and solar,1,GW,12.65,0.03,0.3
4.0,2023.0,Chile,CHL,Wind and solar,1,GW,12.81,0.16,0.46
5.0,2023.0,Chile,CHL,Wind and solar,1,GW,12.8,-0.01,0.45
6.0,2023.0,Chile,CHL,Wind and solar,1,GW,13.01,0.21,0.66
7.0,2023.0,Chile,CHL,Wind and solar,1,GW,13.01,0.0,0.66
8.0,2023.0,Chile,CHL,Wind and solar,1,GW,13.3,0.29,0.95
9.0,2023.0,Chile,CHL,Wind and solar,1,GW,13.92,0.62,1.57
10.0,2023.0,Chile,CHL,Wind and solar,1,GW,13.98,0.06,1.63
11.0,2023.0,Chile,CHL,Wind and solar,1,GW,13.97,-0.01,1.62
12.0,2023.0,Chile,CHL,Wind and solar,1,GW,14.43,0.46,2.08
1.0,2024.0,Chile,CHL,Wind and solar,1,GW,14.17,-0.26,-0.26
2.0,2024.0,Chile,CHL,Wind and solar,1,GW,14.63,0.46,0.2
3.0,2024.0,Chile,CHL,Wind and solar,1,GW,14.94,0.31,0.51
4.0,2024.0,Chile,CHL,Wind and solar,1,GW,14.98,0.04,0.55
5.0,2024.0,Chile,CHL,Wind and solar,1,GW,15.31,0.33,0.88
6.0,2024.0,Chile,CHL,Wind and solar,1,GW,15.48,0.17,1.05
7.0,2024.0,Chile,CHL,Wind and solar,1,GW,15.75,0.27,1.32
8.0,2024.0,Chile,CHL,Wind and solar,1,GW,15.81,0.06,1.38
9.0,2024.0,Chile,CHL,Wind and solar,1,GW,15.76,-0.05,1.33
10.0,2024.0,Chile,CHL,Wind and solar,1,GW,16.43,0.67,2.0
11.0,2024.0,Chile,CHL,Wind and solar,1,GW,16.47,0.04,2.04
12.0,2024.0,Chile,CHL,Wind and solar,1,GW,16.58,0.11,2.15
1.0,2025.0,Chile,CHL,Wind and solar,1,GW,16.61,0.03,0.03
2.0,2025.0,Chile,CHL,Wind and solar,1,GW,16.64,0.03,0.06
3.0,2025.0,Chile,CHL,Wind and solar,1,GW,17.21,0.57,0.63
4.0,2025.0,Chile,CHL,Wind and solar,1,GW,17.23,0.02,0.65
5.0,2025.0,Chile,CHL,Wind and solar,1,GW,17.29,0.06,0.71
6.0,2025.0,Chile,CHL,Wind and solar,1,GW,17.58,0.29,1.0
7.0,2025.0,Chile,CHL,Wind and solar,1,GW,17.64,0.06,1.06
1.0,2016.0,China,CHN,Solar,0,GWAC,43.92,1.74,1.74
2.0,2016.0,China,CHN,Solar,0,GWAC,45.66,1.74,3.48
3.0,2016.0,China,CHN,Solar,0,GWAC,46.6,0.94,4.42
4.0,2016.0,China,CHN,Solar,0,GWAC,49.9,3.3,7.72
5.0,2016.0,China,CHN,Solar,0,GWAC,53.2,3.3,11.02
6.0,2016.0,China,CHN,Solar,0,GWAC,56.5,3.3,14.32
7.0,2016.0,China,CHN,Solar,0,GWAC,59.8,3.3,17.62
8.0,2016.0,China,CHN,Solar,0,GWAC,63.11,3.31,20.93
9.0,2016.0,China,CHN,Solar,0,GWAC,66.41,3.3,24.23
10.0,2016.0,China,CHN,Solar,0,GWAC,69.71,3.3,27.53
11.0,2016.0,China,CHN,Solar,0,GWAC,73.01,3.3,30.83
12.0,2016.0,China,CHN,Solar,0,GWAC,76.31,3.3,34.13
1.0,2017.0,China,CHN,Solar,0,GWAC,80.25,3.94,3.94
2.0,2017.0,China,CHN,Solar,0,GWAC,84.18,3.93,7.87
3.0,2017.0,China,CHN,Solar,0,GWAC,88.12,3.94,11.81
4.0,2017.0,China,CHN,Solar,0,GWAC,92.06,3.94,15.75
5.0,2017.0,China,CHN,Solar,0,GWAC,95.99,3.93,19.68
6.0,2017.0,China,CHN,Solar,0,GWAC,99.93,3.94,23.62
7.0,2017.0,China,CHN,Solar,0,GWAC,111.23,11.3,34.92
8.0,2017.0,China,CHN,Solar,0,GWAC,114.59,3.36,38.28
9.0,2017.0,China,CHN,Solar,0,GWAC,118.62,4.03,42.31
10.0,2017.0,China,CHN,Solar,0,GWAC,121.11,2.49,44.8
11.0,2017.0,China,CHN,Solar,0,GWAC,124.96,3.85,48.65
12.0,2017.0,China,CHN,Solar,0,GWAC,130.42,5.46,54.11
1.0,2018.0,China,CHN,Solar,0,GWAC,135.85,5.43,5.43
2.0,2018.0,China,CHN,Solar,0,GWAC,141.29,5.44,10.87
3.0,2018.0,China,CHN,Solar,0,GWAC,141.78,0.49,11.36
4.0,2018.0,China,CHN,Solar,0,GWAC,143.36,1.58,12.94
5.0,2018.0,China,CHN,Solar,0,GWAC,145.6,2.24,15.18
6.0,2018.0,China,CHN,Solar,0,GWAC,156.23,10.63,25.81
7.0,2018.0,China,CHN,Solar,0,GWAC,161.69,5.46,31.27
8.0,2018.0,China,CHN,Solar,0,GWAC,163.45,1.76,33.03
9.0,2018.0,China,CHN,Solar,0,GWAC,164.94,1.49,34.52
10.0,2018.0,China,CHN,Solar,0,GWAC,166.93,1.99,36.51
11.0,2018.0,China,CHN,Solar,0,GWAC,168.64,1.71,38.22
12.0,2018.0,China,CHN,Solar,0,GWAC,174.33,5.69,43.91
1.0,2019.0,China,CHN,Solar,0,GWAC,176.07,1.74,1.74
2.0,2019.0,China,CHN,Solar,0,GWAC,177.82,1.75,3.49
3.0,2019.0,China,CHN,Solar,0,GWAC,179.28,1.46,4.95
4.0,2019.0,China,CHN,Solar,0,GWAC,179.83,0.55,5.5
5.0,2019.0,China,CHN,Solar,0,GWAC,182.35,2.52,8.02
6.0,2019.0,China,CHN,Solar,0,GWAC,185.97,3.62,11.64
7.0,2019.0,China,CHN,Solar,0,GWAC,187.79,1.82,13.46
8.0,2019.0,China,CHN,Solar,0,GWAC,189.28,1.49,14.95
9.0,2019.0,China,CHN,Solar,0,GWAC,190.45,1.17,16.12
10.0,2019.0,China,CHN,Solar,0,GWAC,191.47,1.02,17.14
11.0,2019.0,China,CHN,Solar,0,GWAC,192.29,0.82,17.96
12.0,2019.0,China,CHN,Solar,0,GWAC,204.29,12.0,29.96
1.0,2020.0,China,CHN,Solar,0,GWAC,204.82,0.53,0.53
2.0,2020.0,China,CHN,Solar,0,GWAC,205.36,0.54,1.07
3.0,2020.0,China,CHN,Solar,0,GWAC,207.71,2.35,3.42
4.0,2020.0,China,CHN,Solar,0,GWAC,208.85,1.14,4.56
5.0,2020.0,China,CHN,Solar,0,GWAC,210.44,1.59,6.15
6.0,2020.0,China,CHN,Solar,0,GWAC,214.44,4.0,10.15
7.0,2020.0,China,CHN,Solar,0,GWAC,217.38,2.94,13.09
8.0,2020.0,China,CHN,Solar,0,GWAC,219.46,2.08,15.17
9.0,2020.0,China,CHN,Solar,0,GWAC,222.0,2.54,17.71
10.0,2020.0,China,CHN,Solar,0,GWAC,226.17,4.17,21.88
11.0,2020.0,China,CHN,Solar,0,GWAC,230.19,4.02,25.9
12.0,2020.0,China,CHN,Solar,0,GWAC,253.56,23.37,49.27
1.0,2021.0,China,CHN,Solar,0,GWAC,255.19,1.63,1.63
2.0,2021.0,China,CHN,Solar,0,GWAC,256.81,1.62,3.25
3.0,2021.0,China,CHN,Solar,0,GWAC,258.89,2.08,5.33
4.0,2021.0,China,CHN,Solar,0,GWAC,260.64,1.75,7.08
5.0,2021.0,China,CHN,Solar,0,GWAC,263.47,2.83,9.91
6.0,2021.0,China,CHN,Solar,0,GWAC,266.57,3.1,13.01
7.0,2021.0,China,CHN,Solar,0,GWAC,271.5,4.93,17.94
8.0,2021.0,China,CHN,Solar,0,GWAC,275.61,4.11,22.05
9.0,2021.0,China,CHN,Solar,0,GWAC,279.12,3.51,25.56
10.0,2021.0,China,CHN,Solar,0,GWAC,282.87,3.75,29.31
11.0,2021.0,China,CHN,Solar,0,GWAC,288.39,5.52,34.83
12.0,2021.0,China,CHN,Solar,0,GWAC,306.54,18.15,52.98
1.0,2022.0,China,CHN,Solar,0,GWAC,310.94,4.4,4.4
2.0,2022.0,China,CHN,Solar,0,GWAC,315.35,4.41,8.81
3.0,2022.0,China,CHN,Solar,0,GWAC,319.75,4.4,13.21
4.0,2022.0,China,CHN,Solar,0,GWAC,323.42,3.67,16.88
5.0,2022.0,China,CHN,Solar,0,GWAC,330.25,6.83,23.71
6.0,2022.0,China,CHN,Solar,0,GWAC,337.42,7.17,30.88
7.0,2022.0,China,CHN,Solar,0,GWAC,344.27,6.85,37.73
8.0,2022.0,China,CHN,Solar,0,GWAC,351.01,6.74,44.47
9.0,2022.0,China,CHN,Solar,0,GWAC,359.14,8.13,52.6
10.0,2022.0,China,CHN,Solar,0,GWAC,364.78,5.64,58.24
11.0,2022.0,China,CHN,Solar,0,GWAC,372.25,7.47,65.71
12.0,2022.0,China,CHN,Solar,0,GWAC,392.61,20.36,86.07
1.0,2023.0,China,CHN,Solar,0,GWAC,404.6,11.99,11.99
2.0,2023.0,China,CHN,Solar,0,GWAC,416.58,11.98,23.97
3.0,2023.0,China,CHN,Solar,0,GWAC,429.87,13.29,37.26
4.0,2023.0,China,CHN,Solar,0,GWAC,444.52,14.65,51.91
5.0,2023.0,China,CHN,Solar,0,GWAC,457.42,12.9,64.81
6.0,2023.0,China,CHN,Solar,0,GWAC,474.63,17.21,82.02
7.0,2023.0,China,CHN,Solar,0,GWAC,490.81,16.18,98.2
8.0,2023.0,China,CHN,Solar,0,GWAC,505.41,14.6,112.8
9.0,2023.0,China,CHN,Solar,0,GWAC,521.08,15.67,128.47
10.0,2023.0,China,CHN,Solar,0,GWAC,535.76,14.68,143.15
11.0,2023.0,China,CHN,Solar,0,GWAC,557.62,21.86,165.01
12.0,2023.0,China,CHN,Solar,0,GWAC,609.49,51.87,216.88
1.0,2024.0,China,CHN,Solar,0,GWAC,628.68,19.19,19.19
2.0,2024.0,China,CHN,Solar,0,GWAC,647.88,19.2,38.39
3.0,2024.0,China,CHN,Solar,0,GWAC,660.05,12.17,50.56
4.0,2024.0,China,CHN,Solar,0,GWAC,671.47,11.42,61.98
5.0,2024.0,China,CHN,Solar,0,GWAC,690.98,19.51,81.49
6.0,2024.0,China,CHN,Solar,0,GWAC,713.5,22.52,104.01
7.0,2024.0,China,CHN,Solar,0,GWAC,735.57,22.07,126.08
8.0,2024.0,China,CHN,Solar,0,GWAC,752.35,16.78,142.86
9.0,2024.0,China,CHN,Solar,0,GWAC,772.92,20.57,163.43
10.0,2024.0,China,CHN,Solar,0,GWAC,793.11,20.19,183.62
11.0,2024.0,China,CHN,Solar,0,GWAC,818.33,25.22,208.84
12.0,2024.0,China,CHN,Solar,0,GWAC,886.66,68.33,277.17
1.0,2025.0,China,CHN,Solar,0,GWAC,906.44,19.78,19.78
2.0,2025.0,China,CHN,Solar,0,GWAC,926.22,19.78,39.56
3.0,2025.0,China,CHN,Solar,0,GWAC,946.32,20.1,59.66
4.0,2025.0,China,CHN,Solar,0,GWAC,992.05,45.73,105.39
5.0,2025.0,China,CHN,Solar,0,GWAC,1084.45,92.4,197.79
6.0,2025.0,China,CHN,Solar,0,GWAC,1100.03,15.58,213.37
7.0,2025.0,China,CHN,Solar,0,GWAC,1109.6,9.57,222.94
1.0,2016.0,China,CHN,Solar,0,GWDC,52.7,2.08,2.08
2.0,2016.0,China,CHN,Solar,0,GWDC,54.79,2.09,4.17
3.0,2016.0,China,CHN,Solar,0,GWDC,55.92,1.13,5.3
4.0,2016.0,China,CHN,Solar,0,GWDC,59.88,3.96,9.26
5.0,2016.0,China,CHN,Solar,0,GWDC,63.84,3.96,13.22
6.0,2016.0,China,CHN,Solar,0,GWDC,67.8,3.96,17.18
7.0,2016.0,China,CHN,Solar,0,GWDC,71.76,3.96,21.14
8.0,2016.0,China,CHN,Solar,0,GWDC,75.73,3.97,25.11
9.0,2016.0,China,CHN,Solar,0,GWDC,79.69,3.96,29.07
10.0,2016.0,China,CHN,Solar,0,GWDC,83.65,3.96,33.03
11.0,2016.0,China,CHN,Solar,0,GWDC,87.61,3.96,36.99
12.0,2016.0,China,CHN,Solar,0,GWDC,91.57,3.96,40.95
1.0,2017.0,China,CHN,Solar,0,GWDC,96.3,4.73,4.73
2.0,2017.0,China,CHN,Solar,0,GWDC,101.02,4.72,9.45
3.0,2017.0,China,CHN,Solar,0,GWDC,105.74,4.72,14.17
4.0,2017.0,China,CHN,Solar,0,GWDC,110.47,4.73,18.9
5.0,2017.0,China,CHN,Solar,0,GWDC,115.19,4.72,23.62
6.0,2017.0,China,CHN,Solar,0,GWDC,119.92,4.73,28.35
7.0,2017.0,China,CHN,Solar,0,GWDC,133.48,13.56,41.91
8.0,2017.0,China,CHN,Solar,0,GWDC,137.51,4.03,45.94
9.0,2017.0,China,CHN,Solar,0,GWDC,142.34,4.83,50.77
10.0,2017.0,China,CHN,Solar,0,GWDC,145.33,2.99,53.76
11.0,2017.0,China,CHN,Solar,0,GWDC,149.95,4.62,58.38
12.0,2017.0,China,CHN,Solar,0,GWDC,156.5,6.55,64.93
1.0,2018.0,China,CHN,Solar,0,GWDC,163.02,6.52,6.52
2.0,2018.0,China,CHN,Solar,0,GWDC,169.55,6.53,13.05
3.0,2018.0,China,CHN,Solar,0,GWDC,170.14,0.59,13.64
4.0,2018.0,China,CHN,Solar,0,GWDC,172.03,1.89,15.53
5.0,2018.0,China,CHN,Solar,0,GWDC,174.72,2.69,18.22
6.0,2018.0,China,CHN,Solar,0,GWDC,187.48,12.76,30.98
7.0,2018.0,China,CHN,Solar,0,GWDC,194.03,6.55,37.53
8.0,2018.0,China,CHN,Solar,0,GWDC,196.14,2.11,39.64
9.0,2018.0,China,CHN,Solar,0,GWDC,197.93,1.79,41.43
10.0,2018.0,China,CHN,Solar,0,GWDC,200.32,2.39,43.82
11.0,2018.0,China,CHN,Solar,0,GWDC,202.37,2.05,45.87
12.0,2018.0,China,CHN,Solar,0,GWDC,209.2,6.83,52.7
1.0,2019.0,China,CHN,Solar,0,GWDC,211.28,2.08,2.08
2.0,2019.0,China,CHN,Solar,0,GWDC,213.38,2.1,4.18
3.0,2019.0,China,CHN,Solar,0,GWDC,215.14,1.76,5.94
4.0,2019.0,China,CHN,Solar,0,GWDC,215.8,0.66,6.6
5.0,2019.0,China,CHN,Solar,0,GWDC,218.82,3.02,9.62
6.0,2019.0,China,CHN,Solar,0,GWDC,223.16,4.34,13.96
7.0,2019.0,China,CHN,Solar,0,GWDC,225.35,2.19,16.15
8.0,2019.0,China,CHN,Solar,0,GWDC,227.14,1.79,17.94
9.0,2019.0,China,CHN,Solar,0,GWDC,228.54,1.4,19.34
10.0,2019.0,China,CHN,Solar,0,GWDC,229.76,1.22,20.56
11.0,2019.0,China,CHN,Solar,0,GWDC,230.75,0.99,21.55
12.0,2019.0,China,CHN,Solar,0,GWDC,245.15,14.4,35.95
1.0,2020.0,China,CHN,Solar,0,GWDC,245.78,0.63,0.63
2.0,2020.0,China,CHN,Solar,0,GWDC,246.43,0.65,1.28
3.0,2020.0,China,CHN,Solar,0,GWDC,249.25,2.82,4.1
4.0,2020.0,China,CHN,Solar,0,GWDC,250.62,1.37,5.47
5.0,2020.0,China,CHN,Solar,0,GWDC,252.53,1.91,7.38
6.0,2020.0,China,CHN,Solar,0,GWDC,257.33,4.8,12.18
7.0,2020.0,China,CHN,Solar,0,GWDC,260.86,3.53,15.71
8.0,2020.0,China,CHN,Solar,0,GWDC,263.35,2.49,18.2
9.0,2020.0,China,CHN,Solar,0,GWDC,266.4,3.05,21.25
10.0,2020.0,China,CHN,Solar,0,GWDC,271.4,5.0,26.25
11.0,2020.0,China,CHN,Solar,0,GWDC,276.23,4.83,31.08
12.0,2020.0,China,CHN,Solar,0,GWDC,304.27,28.04,59.12
1.0,2021.0,China,CHN,Solar,0,GWDC,306.23,1.96,1.96
2.0,2021.0,China,CHN,Solar,0,GWDC,308.17,1.94,3.9
3.0,2021.0,China,CHN,Solar,0,GWDC,310.67,2.5,6.4
4.0,2021.0,China,CHN,Solar,0,GWDC,312.77,2.1,8.5
5.0,2021.0,China,CHN,Solar,0,GWDC,316.16,3.39,11.89
6.0,2021.0,China,CHN,Solar,0,GWDC,319.88,3.72,15.61
7.0,2021.0,China,CHN,Solar,0,GWDC,325.8,5.92,21.53
8.0,2021.0,China,CHN,Solar,0,GWDC,330.73,4.93,26.46
9.0,2021.0,China,CHN,Solar,0,GWDC,334.94,4.21,30.67
10.0,2021.0,China,CHN,Solar,0,GWDC,339.44,4.5,35.17
11.0,2021.0,China,CHN,Solar,0,GWDC,346.07,6.63,41.8
12.0,2021.0,China,CHN,Solar,0,GWDC,367.85,21.78,63.58
1.0,2022.0,China,CHN,Solar,0,GWDC,373.13,5.28,5.28
2.0,2022.0,China,CHN,Solar,0,GWDC,378.42,5.29,10.57
3.0,2022.0,China,CHN,Solar,0,GWDC,383.7,5.28,15.85
4.0,2022.0,China,CHN,Solar,0,GWDC,388.1,4.4,20.25
5.0,2022.0,China,CHN,Solar,0,GWDC,396.3,8.2,28.45
6.0,2022.0,China,CHN,Solar,0,GWDC,404.9,8.6,37.05
7.0,2022.0,China,CHN,Solar,0,GWDC,413.12,8.22,45.27
8.0,2022.0,China,CHN,Solar,0,GWDC,421.21,8.09,53.36
9.0,2022.0,China,CHN,Solar,0,GWDC,430.97,9.76,63.12
10.0,2022.0,China,CHN,Solar,0,GWDC,437.74,6.77,69.89
11.0,2022.0,China,CHN,Solar,0,GWDC,446.7,8.96,78.85
12.0,2022.0,China,CHN,Solar,0,GWDC,471.13,24.43,103.28
1.0,2023.0,China,CHN,Solar,0,GWDC,485.52,14.39,14.39
2.0,2023.0,China,CHN,Solar,0,GWDC,499.9,14.38,28.77
3.0,2023.0,China,CHN,Solar,0,GWDC,515.84,15.94,44.71
4.0,2023.0,China,CHN,Solar,0,GWDC,533.42,17.58,62.29
5.0,2023.0,China,CHN,Solar,0,GWDC,548.9,15.48,77.77
6.0,2023.0,China,CHN,Solar,0,GWDC,569.56,20.66,98.43
7.0,2023.0,China,CHN,Solar,0,GWDC,588.97,19.41,117.84
8.0,2023.0,China,CHN,Solar,0,GWDC,606.49,17.52,135.36
9.0,2023.0,China,CHN,Solar,0,GWDC,625.3,18.81,154.17
10.0,2023.0,China,CHN,Solar,0,GWDC,642.91,17.61,171.78
11.0,2023.0,China,CHN,Solar,0,GWDC,669.14,26.23,198.01
12.0,2023.0,China,CHN,Solar,0,GWDC,731.39,62.25,260.26
1.0,2024.0,China,CHN,Solar,0,GWDC,754.42,23.03,23.03
2.0,2024.0,China,CHN,Solar,0,GWDC,777.46,23.04,46.07
3.0,2024.0,China,CHN,Solar,0,GWDC,792.06,14.6,60.67
4.0,2024.0,China,CHN,Solar,0,GWDC,805.76,13.7,74.37
5.0,2024.0,China,CHN,Solar,0,GWDC,829.18,23.42,97.79
6.0,2024.0,China,CHN,Solar,0,GWDC,856.2,27.02,124.81
7.0,2024.0,China,CHN,Solar,0,GWDC,882.68,26.48,151.29
8.0,2024.0,China,CHN,Solar,0,GWDC,902.82,20.14,171.43
9.0,2024.0,China,CHN,Solar,0,GWDC,927.5,24.68,196.11
10.0,2024.0,China,CHN,Solar,0,GWDC,951.73,24.23,220.34
11.0,2024.0,China,CHN,Solar,0,GWDC,982.0,30.27,250.61
12.0,2024.0,China,CHN,Solar,0,GWDC,1063.99,81.99,332.6
1.0,2025.0,China,CHN,Solar,0,GWDC,1087.73,23.74,23.74
2.0,2025.0,China,CHN,Solar,0,GWDC,1111.46,23.73,47.47
3.0,2025.0,China,CHN,Solar,0,GWDC,1135.58,24.12,71.59
4.0,2025.0,China,CHN,Solar,0,GWDC,1190.46,54.88,126.47
5.0,2025.0,China,CHN,Solar,0,GWDC,1301.34,110.88,237.35
6.0,2025.0,China,CHN,Solar,0,GWDC,1320.04,18.7,256.05
7.0,2025.0,China,CHN,Solar,0,GWDC,1331.52,11.48,267.53
1.0,2016.0,China,CHN,Wind offshore,0,GW,0.58,0.02,0.02
2.0,2016.0,China,CHN,Wind offshore,0,GW,0.58,0.0,0.02
3.0,2016.0,China,CHN,Wind offshore,0,GW,0.58,0.0,0.02
4.0,2016.0,China,CHN,Wind offshore,0,GW,0.58,0.0,0.02
5.0,2016.0,China,CHN,Wind offshore,0,GW,0.75,0.17,0.19
6.0,2016.0,China,CHN,Wind offshore,0,GW,0.81,0.06,0.25
7.0,2016.0,China,CHN,Wind offshore,0,GW,0.81,0.0,0.25
8.0,2016.0,China,CHN,Wind offshore,0,GW,0.81,0.0,0.25
9.0,2016.0,China,CHN,Wind offshore,0,GW,0.81,0.0,0.25
10.0,2016.0,China,CHN,Wind offshore,0,GW,1.1,0.29,0.54
11.0,2016.0,China,CHN,Wind offshore,0,GW,1.1,0.0,0.54
12.0,2016.0,China,CHN,Wind offshore,0,GW,1.48,0.38,0.92
1.0,2017.0,China,CHN,Wind offshore,0,GW,1.54,0.06,0.06
2.0,2017.0,China,CHN,Wind offshore,0,GW,1.58,0.04,0.1
3.0,2017.0,China,CHN,Wind offshore,0,GW,1.62,0.04,0.14
4.0,2017.0,China,CHN,Wind offshore,0,GW,1.66,0.04,0.18
5.0,2017.0,China,CHN,Wind offshore,0,GW,1.68,0.02,0.2
6.0,2017.0,China,CHN,Wind offshore,0,GW,1.7,0.02,0.22
7.0,2017.0,China,CHN,Wind offshore,0,GW,1.7,0.0,0.22
8.0,2017.0,China,CHN,Wind offshore,0,GW,1.7,0.0,0.22
9.0,2017.0,China,CHN,Wind offshore,0,GW,1.89,0.19,0.41
10.0,2017.0,China,CHN,Wind offshore,0,GW,2.03,0.14,0.55
11.0,2017.0,China,CHN,Wind offshore,0,GW,2.03,0.0,0.55
12.0,2017.0,China,CHN,Wind offshore,0,GW,2.03,0.0,0.55
1.0,2018.0,China,CHN,Wind offshore,0,GW,2.04,0.01,0.01
2.0,2018.0,China,CHN,Wind offshore,0,GW,2.04,0.0,0.01
3.0,2018.0,China,CHN,Wind offshore,0,GW,2.32,0.28,0.29
4.0,2018.0,China,CHN,Wind offshore,0,GW,2.33,0.01,0.3
5.0,2018.0,China,CHN,Wind offshore,0,GW,2.34,0.01,0.31
6.0,2018.0,China,CHN,Wind offshore,0,GW,2.7,0.36,0.67
7.0,2018.0,China,CHN,Wind offshore,0,GW,3.04,0.34,1.01
8.0,2018.0,China,CHN,Wind offshore,0,GW,3.05,0.01,1.02
9.0,2018.0,China,CHN,Wind offshore,0,GW,3.05,0.0,1.02
10.0,2018.0,China,CHN,Wind offshore,0,GW,3.4,0.35,1.37
11.0,2018.0,China,CHN,Wind offshore,0,GW,3.73,0.33,1.7
12.0,2018.0,China,CHN,Wind offshore,0,GW,4.45,0.72,2.42
1.0,2019.0,China,CHN,Wind offshore,0,GW,4.5,0.05,0.05
2.0,2019.0,China,CHN,Wind offshore,0,GW,4.54,0.04,0.09
3.0,2019.0,China,CHN,Wind offshore,0,GW,4.57,0.03,0.12
4.0,2019.0,China,CHN,Wind offshore,0,GW,4.6,0.03,0.15
5.0,2019.0,China,CHN,Wind offshore,0,GW,4.62,0.02,0.17
6.0,2019.0,China,CHN,Wind offshore,0,GW,4.85,0.23,0.4
7.0,2019.0,China,CHN,Wind offshore,0,GW,4.85,0.0,0.4
8.0,2019.0,China,CHN,Wind offshore,0,GW,4.85,0.0,0.4
9.0,2019.0,China,CHN,Wind offshore,0,GW,4.85,0.0,0.4
10.0,2019.0,China,CHN,Wind offshore,0,GW,4.85,0.0,0.4
11.0,2019.0,China,CHN,Wind offshore,0,GW,5.02,0.17,0.57
12.0,2019.0,China,CHN,Wind offshore,0,GW,5.93,0.91,1.48
1.0,2020.0,China,CHN,Wind offshore,0,GW,6.13,0.2,0.2
2.0,2020.0,China,CHN,Wind offshore,0,GW,6.13,0.0,0.2
3.0,2020.0,China,CHN,Wind offshore,0,GW,6.14,0.01,0.21
4.0,2020.0,China,CHN,Wind offshore,0,GW,6.27,0.13,0.34
5.0,2020.0,China,CHN,Wind offshore,0,GW,6.5,0.23,0.57
6.0,2020.0,China,CHN,Wind offshore,0,GW,6.99,0.49,1.06
7.0,2020.0,China,CHN,Wind offshore,0,GW,7.27,0.28,1.34
8.0,2020.0,China,CHN,Wind offshore,0,GW,7.49,0.22,1.56
9.0,2020.0,China,CHN,Wind offshore,0,GW,7.5,0.01,1.57
10.0,2020.0,China,CHN,Wind offshore,0,GW,7.5,0.0,1.57
11.0,2020.0,China,CHN,Wind offshore,0,GW,8.56,1.06,2.63
12.0,2020.0,China,CHN,Wind offshore,0,GW,9.0,0.44,3.07
1.0,2021.0,China,CHN,Wind offshore,0,GW,9.41,0.41,0.41
2.0,2021.0,China,CHN,Wind offshore,0,GW,9.81,0.4,0.81
3.0,2021.0,China,CHN,Wind offshore,0,GW,10.22,0.41,1.22
4.0,2021.0,China,CHN,Wind offshore,0,GW,10.42,0.2,1.42
5.0,2021.0,China,CHN,Wind offshore,0,GW,10.46,0.04,1.46
6.0,2021.0,China,CHN,Wind offshore,0,GW,11.13,0.67,2.13
7.0,2021.0,China,CHN,Wind offshore,0,GW,12.25,1.12,3.25
8.0,2021.0,China,CHN,Wind offshore,0,GW,13.19,0.94,4.19
9.0,2021.0,China,CHN,Wind offshore,0,GW,13.19,0.0,4.19
10.0,2021.0,China,CHN,Wind offshore,0,GW,13.19,0.0,4.19
11.0,2021.0,China,CHN,Wind offshore,0,GW,16.1,2.91,7.1
12.0,2021.0,China,CHN,Wind offshore,0,GW,26.39,10.29,17.39
1.0,2022.0,China,CHN,Wind offshore,0,GW,27.26,0.87,0.87
2.0,2022.0,China,CHN,Wind offshore,0,GW,27.26,0.0,0.87
3.0,2022.0,China,CHN,Wind offshore,0,GW,27.26,0.0,0.87
4.0,2022.0,China,CHN,Wind offshore,0,GW,27.26,0.0,0.87
5.0,2022.0,China,CHN,Wind offshore,0,GW,27.26,0.0,0.87
6.0,2022.0,China,CHN,Wind offshore,0,GW,27.26,0.0,0.87
7.0,2022.0,China,CHN,Wind offshore,0,GW,27.63,0.37,1.24
8.0,2022.0,China,CHN,Wind offshore,0,GW,28.26,0.63,1.87
9.0,2022.0,China,CHN,Wind offshore,0,GW,28.8,0.54,2.41
10.0,2022.0,China,CHN,Wind offshore,0,GW,28.8,0.0,2.41
11.0,2022.0,China,CHN,Wind offshore,0,GW,28.84,0.04,2.45
12.0,2022.0,China,CHN,Wind offshore,0,GW,30.36,1.52,3.97
1.0,2023.0,China,CHN,Wind offshore,0,GW,30.54,0.18,0.18
2.0,2023.0,China,CHN,Wind offshore,0,GW,30.71,0.17,0.35
3.0,2023.0,China,CHN,Wind offshore,0,GW,30.89,0.18,0.53
4.0,2023.0,China,CHN,Wind offshore,0,GW,30.98,0.09,0.62
5.0,2023.0,China,CHN,Wind offshore,0,GW,31.06,0.08,0.7
6.0,2023.0,China,CHN,Wind offshore,0,GW,31.46,0.4,1.1
7.0,2023.0,China,CHN,Wind offshore,0,GW,31.46,0.0,1.1
8.0,2023.0,China,CHN,Wind offshore,0,GW,31.64,0.18,1.28
9.0,2023.0,China,CHN,Wind offshore,0,GW,31.89,0.25,1.53
10.0,2023.0,China,CHN,Wind offshore,0,GW,33.49,1.6,3.13
11.0,2023.0,China,CHN,Wind offshore,0,GW,34.9,1.41,4.54
12.0,2023.0,China,CHN,Wind offshore,0,GW,37.29,2.39,6.93
1.0,2024.0,China,CHN,Wind offshore,0,GW,37.8,0.51,0.51
2.0,2024.0,China,CHN,Wind offshore,0,GW,37.92,0.12,0.63
3.0,2024.0,China,CHN,Wind offshore,0,GW,38.03,0.11,0.74
4.0,2024.0,China,CHN,Wind offshore,0,GW,38.09,0.06,0.8
5.0,2024.0,China,CHN,Wind offshore,0,GW,38.14,0.05,0.85
6.0,2024.0,China,CHN,Wind offshore,0,GW,38.17,0.03,0.88
7.0,2024.0,China,CHN,Wind offshore,0,GW,38.4,0.23,1.11
8.0,2024.0,China,CHN,Wind offshore,0,GW,38.89,0.49,1.6
9.0,2024.0,China,CHN,Wind offshore,0,GW,39.1,0.21,1.81
10.0,2024.0,China,CHN,Wind offshore,0,GW,39.51,0.41,2.22
11.0,2024.0,China,CHN,Wind offshore,0,GW,40.19,0.68,2.9
12.0,2024.0,China,CHN,Wind offshore,0,GW,41.27,1.08,3.98
1.0,2025.0,China,CHN,Wind offshore,0,GW,41.75,0.48,0.48
2.0,2025.0,China,CHN,Wind offshore,0,GW,42.24,0.49,0.97
3.0,2025.0,China,CHN,Wind offshore,0,GW,42.73,0.49,1.46
4.0,2025.0,China,CHN,Wind offshore,0,GW,43.23,0.5,1.96
5.0,2025.0,China,CHN,Wind offshore,0,GW,43.7,0.47,2.43
6.0,2025.0,China,CHN,Wind offshore,0,GW,44.2,0.5,2.93
7.0,2025.0,China,CHN,Wind offshore,0,GW,44.38,0.18,3.11
1.0,2016.0,China,CHN,Wind onshore,0,GW,130.97,0.78,0.78
2.0,2016.0,China,CHN,Wind onshore,0,GW,131.77,0.8,1.58
3.0,2016.0,China,CHN,Wind onshore,0,GW,132.68,0.91,2.49
4.0,2016.0,China,CHN,Wind onshore,0,GW,133.68,1.0,3.49
5.0,2016.0,China,CHN,Wind onshore,0,GW,134.48,0.8,4.29
6.0,2016.0,China,CHN,Wind onshore,0,GW,135.68,1.2,5.49
7.0,2016.0,China,CHN,Wind onshore,0,GW,136.75,1.07,6.56
8.0,2016.0,China,CHN,Wind onshore,0,GW,137.36,0.61,7.17
9.0,2016.0,China,CHN,Wind onshore,0,GW,138.18,0.82,7.99
10.0,2016.0,China,CHN,Wind onshore,0,GW,139.67,1.49,9.48
11.0,2016.0,China,CHN,Wind onshore,0,GW,141.66,1.99,11.47
12.0,2016.0,China,CHN,Wind onshore,0,GW,145.99,4.33,15.8
1.0,2017.0,China,CHN,Wind onshore,0,GW,147.41,1.42,1.42
2.0,2017.0,China,CHN,Wind onshore,0,GW,148.85,1.44,2.86
3.0,2017.0,China,CHN,Wind onshore,0,GW,149.37,0.52,3.38
4.0,2017.0,China,CHN,Wind onshore,0,GW,150.22,0.85,4.23
5.0,2017.0,China,CHN,Wind onshore,0,GW,151.01,0.79,5.02
6.0,2017.0,China,CHN,Wind onshore,0,GW,151.78,0.77,5.79
7.0,2017.0,China,CHN,Wind onshore,0,GW,153.07,1.29,7.08
8.0,2017.0,China,CHN,Wind onshore,0,GW,154.36,1.29,8.37
9.0,2017.0,China,CHN,Wind onshore,0,GW,155.28,0.92,9.29
10.0,2017.0,China,CHN,Wind onshore,0,GW,156.14,0.86,10.15
11.0,2017.0,China,CHN,Wind onshore,0,GW,157.96,1.82,11.97
12.0,2017.0,China,CHN,Wind onshore,0,GW,161.97,4.01,15.98
1.0,2018.0,China,CHN,Wind onshore,0,GW,164.46,2.49,2.49
2.0,2018.0,China,CHN,Wind onshore,0,GW,166.95,2.49,4.98
3.0,2018.0,China,CHN,Wind onshore,0,GW,166.94,-0.01,4.97
4.0,2018.0,China,CHN,Wind onshore,0,GW,167.01,0.07,5.04
5.0,2018.0,China,CHN,Wind onshore,0,GW,167.96,0.95,5.99
6.0,2018.0,China,CHN,Wind onshore,0,GW,168.83,0.87,6.86
7.0,2018.0,China,CHN,Wind onshore,0,GW,170.42,1.59,8.45
8.0,2018.0,China,CHN,Wind onshore,0,GW,171.21,0.79,9.24
9.0,2018.0,China,CHN,Wind onshore,0,GW,172.08,0.87,10.11
10.0,2018.0,China,CHN,Wind onshore,0,GW,175.07,2.99,13.1
11.0,2018.0,China,CHN,Wind onshore,0,GW,177.47,2.4,15.5
12.0,2018.0,China,CHN,Wind onshore,0,GW,179.82,2.35,17.85
1.0,2019.0,China,CHN,Wind onshore,0,GW,180.48,0.66,0.66
2.0,2019.0,China,CHN,Wind onshore,0,GW,181.14,0.66,1.32
3.0,2019.0,China,CHN,Wind onshore,0,GW,184.48,3.34,4.66
4.0,2019.0,China,CHN,Wind onshore,0,GW,185.17,0.69,5.35
5.0,2019.0,China,CHN,Wind onshore,0,GW,186.53,1.36,6.71
6.0,2019.0,China,CHN,Wind onshore,0,GW,188.51,1.98,8.69
7.0,2019.0,China,CHN,Wind onshore,0,GW,189.69,1.18,9.87
8.0,2019.0,China,CHN,Wind onshore,0,GW,190.51,0.82,10.69
9.0,2019.0,China,CHN,Wind onshore,0,GW,192.5,1.99,12.68
10.0,2019.0,China,CHN,Wind onshore,0,GW,194.08,1.58,14.26
11.0,2019.0,China,CHN,Wind onshore,0,GW,195.71,1.63,15.89
12.0,2019.0,China,CHN,Wind onshore,0,GW,203.22,7.51,23.4
1.0,2020.0,China,CHN,Wind onshore,0,GW,203.51,0.29,0.29
2.0,2020.0,China,CHN,Wind onshore,0,GW,204.01,0.5,0.79
3.0,2020.0,China,CHN,Wind onshore,0,GW,205.37,1.36,2.15
4.0,2020.0,China,CHN,Wind onshore,0,GW,206.43,1.06,3.21
5.0,2020.0,China,CHN,Wind onshore,0,GW,207.55,1.12,4.33
6.0,2020.0,China,CHN,Wind onshore,0,GW,208.48,0.93,5.26
7.0,2020.0,China,CHN,Wind onshore,0,GW,210.44,1.96,7.22
8.0,2020.0,China,CHN,Wind onshore,0,GW,211.7,1.26,8.48
9.0,2020.0,China,CHN,Wind onshore,0,GW,214.71,3.01,11.49
10.0,2020.0,China,CHN,Wind onshore,0,GW,219.94,5.23,16.72
11.0,2020.0,China,CHN,Wind onshore,0,GW,225.21,5.27,21.99
12.0,2020.0,China,CHN,Wind onshore,0,GW,272.65,47.44,69.43
1.0,2021.0,China,CHN,Wind onshore,0,GW,274.03,1.38,1.38
2.0,2021.0,China,CHN,Wind onshore,0,GW,275.41,1.38,2.76
3.0,2021.0,China,CHN,Wind onshore,0,GW,276.69,1.28,4.04
4.0,2021.0,China,CHN,Wind onshore,0,GW,277.83,1.14,5.18
5.0,2021.0,China,CHN,Wind onshore,0,GW,278.98,1.15,6.33
6.0,2021.0,China,CHN,Wind onshore,0,GW,281.36,2.38,8.71
7.0,2021.0,China,CHN,Wind onshore,0,GW,281.97,0.61,9.32
8.0,2021.0,China,CHN,Wind onshore,0,GW,283.09,1.12,10.44
9.0,2021.0,China,CHN,Wind onshore,0,GW,284.89,1.8,12.24
10.0,2021.0,China,CHN,Wind onshore,0,GW,287.65,2.76,15.0
11.0,2021.0,China,CHN,Wind onshore,0,GW,290.25,2.6,17.6
12.0,2021.0,China,CHN,Wind onshore,0,GW,302.32,12.07,29.67
1.0,2022.0,China,CHN,Wind onshore,0,GW,304.08,1.76,1.76
2.0,2022.0,China,CHN,Wind onshore,0,GW,306.72,2.64,4.4
3.0,2022.0,China,CHN,Wind onshore,0,GW,309.35,2.63,7.03
4.0,2022.0,China,CHN,Wind onshore,0,GW,311.03,1.68,8.71
5.0,2022.0,China,CHN,Wind onshore,0,GW,312.27,1.24,9.95
6.0,2022.0,China,CHN,Wind onshore,0,GW,314.39,2.12,12.07
7.0,2022.0,China,CHN,Wind onshore,0,GW,316.01,1.62,13.69
8.0,2022.0,China,CHN,Wind onshore,0,GW,316.59,0.58,14.27
9.0,2022.0,China,CHN,Wind onshore,0,GW,319.15,2.56,16.83
10.0,2022.0,China,CHN,Wind onshore,0,GW,321.05,1.9,18.73
11.0,2022.0,China,CHN,Wind onshore,0,GW,322.39,1.34,20.07
12.0,2022.0,China,CHN,Wind onshore,0,GW,335.08,12.69,32.76
1.0,2023.0,China,CHN,Wind onshore,0,GW,337.82,2.74,2.74
2.0,2023.0,China,CHN,Wind onshore,0,GW,340.57,2.75,5.49
3.0,2023.0,China,CHN,Wind onshore,0,GW,344.95,4.38,9.87
4.0,2023.0,China,CHN,Wind onshore,0,GW,348.66,3.71,13.58
5.0,2023.0,China,CHN,Wind onshore,0,GW,350.74,2.08,15.66
6.0,2023.0,China,CHN,Wind onshore,0,GW,356.97,6.23,21.89
7.0,2023.0,China,CHN,Wind onshore,0,GW,361.45,4.48,26.37
8.0,2023.0,China,CHN,Wind onshore,0,GW,363.73,2.28,28.65
9.0,2023.0,China,CHN,Wind onshore,0,GW,368.32,4.59,33.24
10.0,2023.0,China,CHN,Wind onshore,0,GW,370.51,2.19,35.43
11.0,2023.0,China,CHN,Wind onshore,0,GW,377.93,7.42,42.85
12.0,2023.0,China,CHN,Wind onshore,0,GW,404.05,26.12,68.97
1.0,2024.0,China,CHN,Wind onshore,0,GW,408.05,4.0,4.0
2.0,2024.0,China,CHN,Wind onshore,0,GW,412.43,4.38,8.38
3.0,2024.0,China,CHN,Wind onshore,0,GW,418.61,6.18,14.56
4.0,2024.0,China,CHN,Wind onshore,0,GW,419.94,1.33,15.89
5.0,2024.0,China,CHN,Wind onshore,0,GW,422.9,2.96,18.85
6.0,2024.0,China,CHN,Wind onshore,0,GW,428.54,5.64,24.49
7.0,2024.0,China,CHN,Wind onshore,0,GW,432.13,3.59,28.08
8.0,2024.0,China,CHN,Wind onshore,0,GW,435.14,3.01,31.09
9.0,2024.0,China,CHN,Wind onshore,0,GW,440.45,5.31,36.4
10.0,2024.0,China,CHN,Wind onshore,0,GW,446.66,6.21,42.61
11.0,2024.0,China,CHN,Wind onshore,0,GW,451.99,5.33,47.94
12.0,2024.0,China,CHN,Wind onshore,0,GW,479.41,27.42,75.36
1.0,2025.0,China,CHN,Wind onshore,0,GW,483.5,4.09,4.09
2.0,2025.0,China,CHN,Wind onshore,0,GW,487.58,4.08,8.17
3.0,2025.0,China,CHN,Wind onshore,0,GW,492.64,5.06,13.23
4.0,2025.0,China,CHN,Wind onshore,0,GW,497.96,5.32,18.55
5.0,2025.0,China,CHN,Wind onshore,0,GW,523.79,25.83,44.38
6.0,2025.0,China,CHN,Wind onshore,0,GW,528.4,4.61,48.99
7.0,2025.0,China,CHN,Wind onshore,0,GW,530.49,2.09,51.08
1.0,2016.0,China,CHN,Wind,1,GW,131.55,0.8,0.8
2.0,2016.0,China,CHN,Wind,1,GW,132.35,0.8,1.6
3.0,2016.0,China,CHN,Wind,1,GW,133.26,0.91,2.51
4.0,2016.0,China,CHN,Wind,1,GW,134.26,1.0,3.51
5.0,2016.0,China,CHN,Wind,1,GW,135.23,0.97,4.48
6.0,2016.0,China,CHN,Wind,1,GW,136.49,1.26,5.74
7.0,2016.0,China,CHN,Wind,1,GW,137.56,1.07,6.81
8.0,2016.0,China,CHN,Wind,1,GW,138.17,0.61,7.42
9.0,2016.0,China,CHN,Wind,1,GW,138.99,0.82,8.24
10.0,2016.0,China,CHN,Wind,1,GW,140.77,1.78,10.02
11.0,2016.0,China,CHN,Wind,1,GW,142.76,1.99,12.01
12.0,2016.0,China,CHN,Wind,1,GW,147.47,4.71,16.72
1.0,2017.0,China,CHN,Wind,1,GW,148.95,1.48,1.48
2.0,2017.0,China,CHN,Wind,1,GW,150.43,1.48,2.96
3.0,2017.0,China,CHN,Wind,1,GW,150.99,0.56,3.52
4.0,2017.0,China,CHN,Wind,1,GW,151.88,0.89,4.41
5.0,2017.0,China,CHN,Wind,1,GW,152.69,0.81,5.22
6.0,2017.0,China,CHN,Wind,1,GW,153.48,0.79,6.01
7.0,2017.0,China,CHN,Wind,1,GW,154.77,1.29,7.3
8.0,2017.0,China,CHN,Wind,1,GW,156.06,1.29,8.59
9.0,2017.0,China,CHN,Wind,1,GW,157.17,1.11,9.7
10.0,2017.0,China,CHN,Wind,1,GW,158.17,1.0,10.7
11.0,2017.0,China,CHN,Wind,1,GW,159.99,1.82,12.52
12.0,2017.0,China,CHN,Wind,1,GW,164.0,4.01,16.53
1.0,2018.0,China,CHN,Wind,1,GW,166.5,2.5,2.5
2.0,2018.0,China,CHN,Wind,1,GW,168.99,2.49,4.99
3.0,2018.0,China,CHN,Wind,1,GW,169.26,0.27,5.26
4.0,2018.0,China,CHN,Wind,1,GW,169.34,0.08,5.34
5.0,2018.0,China,CHN,Wind,1,GW,170.3,0.96,6.3
6.0,2018.0,China,CHN,Wind,1,GW,171.53,1.23,7.53
7.0,2018.0,China,CHN,Wind,1,GW,173.46,1.93,9.46
8.0,2018.0,China,CHN,Wind,1,GW,174.26,0.8,10.26
9.0,2018.0,China,CHN,Wind,1,GW,175.13,0.87,11.13
10.0,2018.0,China,CHN,Wind,1,GW,178.47,3.34,14.47
11.0,2018.0,China,CHN,Wind,1,GW,181.2,2.73,17.2
12.0,2018.0,China,CHN,Wind,1,GW,184.27,3.07,20.27
1.0,2019.0,China,CHN,Wind,1,GW,184.98,0.71,0.71
2.0,2019.0,China,CHN,Wind,1,GW,185.68,0.7,1.41
3.0,2019.0,China,CHN,Wind,1,GW,189.05,3.37,4.78
4.0,2019.0,China,CHN,Wind,1,GW,189.77,0.72,5.5
5.0,2019.0,China,CHN,Wind,1,GW,191.15,1.38,6.88
6.0,2019.0,China,CHN,Wind,1,GW,193.36,2.21,9.09
7.0,2019.0,China,CHN,Wind,1,GW,194.54,1.18,10.27
8.0,2019.0,China,CHN,Wind,1,GW,195.36,0.82,11.09
9.0,2019.0,China,CHN,Wind,1,GW,197.35,1.99,13.08
10.0,2019.0,China,CHN,Wind,1,GW,198.93,1.58,14.66
11.0,2019.0,China,CHN,Wind,1,GW,200.73,1.8,16.46
12.0,2019.0,China,CHN,Wind,1,GW,209.15,8.42,24.88
1.0,2020.0,China,CHN,Wind,1,GW,209.64,0.49,0.49
2.0,2020.0,China,CHN,Wind,1,GW,210.14,0.5,0.99
3.0,2020.0,China,CHN,Wind,1,GW,211.51,1.37,2.36
4.0,2020.0,China,CHN,Wind,1,GW,212.7,1.19,3.55
5.0,2020.0,China,CHN,Wind,1,GW,214.05,1.35,4.9
6.0,2020.0,China,CHN,Wind,1,GW,215.47,1.42,6.32
7.0,2020.0,China,CHN,Wind,1,GW,217.71,2.24,8.56
8.0,2020.0,China,CHN,Wind,1,GW,219.19,1.48,10.04
9.0,2020.0,China,CHN,Wind,1,GW,222.21,3.02,13.06
10.0,2020.0,China,CHN,Wind,1,GW,227.44,5.23,18.29
11.0,2020.0,China,CHN,Wind,1,GW,233.77,6.33,24.62
12.0,2020.0,China,CHN,Wind,1,GW,281.65,47.88,72.5
1.0,2021.0,China,CHN,Wind,1,GW,283.44,1.79,1.79
2.0,2021.0,China,CHN,Wind,1,GW,285.22,1.78,3.57
3.0,2021.0,China,CHN,Wind,1,GW,286.91,1.69,5.26
4.0,2021.0,China,CHN,Wind,1,GW,288.25,1.34,6.6
5.0,2021.0,China,CHN,Wind,1,GW,289.44,1.19,7.79
6.0,2021.0,China,CHN,Wind,1,GW,292.49,3.05,10.84
7.0,2021.0,China,CHN,Wind,1,GW,294.22,1.73,12.57
8.0,2021.0,China,CHN,Wind,1,GW,296.28,2.06,14.63
9.0,2021.0,China,CHN,Wind,1,GW,298.08,1.8,16.43
10.0,2021.0,China,CHN,Wind,1,GW,300.84,2.76,19.19
11.0,2021.0,China,CHN,Wind,1,GW,306.35,5.51,24.7
12.0,2021.0,China,CHN,Wind,1,GW,328.71,22.36,47.06
1.0,2022.0,China,CHN,Wind,1,GW,331.34,2.63,2.63
2.0,2022.0,China,CHN,Wind,1,GW,333.98,2.64,5.27
3.0,2022.0,China,CHN,Wind,1,GW,336.61,2.63,7.9
4.0,2022.0,China,CHN,Wind,1,GW,338.29,1.68,9.58
5.0,2022.0,China,CHN,Wind,1,GW,339.53,1.24,10.82
6.0,2022.0,China,CHN,Wind,1,GW,341.65,2.12,12.94
7.0,2022.0,China,CHN,Wind,1,GW,343.64,1.99,14.93
8.0,2022.0,China,CHN,Wind,1,GW,344.85,1.21,16.14
9.0,2022.0,China,CHN,Wind,1,GW,347.95,3.1,19.24
10.0,2022.0,China,CHN,Wind,1,GW,349.85,1.9,21.14
11.0,2022.0,China,CHN,Wind,1,GW,351.23,1.38,22.52
12.0,2022.0,China,CHN,Wind,1,GW,365.44,14.21,36.73
1.0,2023.0,China,CHN,Wind,1,GW,368.36,2.92,2.92
2.0,2023.0,China,CHN,Wind,1,GW,371.28,2.92,5.84
3.0,2023.0,China,CHN,Wind,1,GW,375.84,4.56,10.4
4.0,2023.0,China,CHN,Wind,1,GW,379.64,3.8,14.2
5.0,2023.0,China,CHN,Wind,1,GW,381.8,2.16,16.36
6.0,2023.0,China,CHN,Wind,1,GW,388.43,6.63,22.99
7.0,2023.0,China,CHN,Wind,1,GW,392.91,4.48,27.47
8.0,2023.0,China,CHN,Wind,1,GW,395.37,2.46,29.93
9.0,2023.0,China,CHN,Wind,1,GW,400.21,4.84,34.77
10.0,2023.0,China,CHN,Wind,1,GW,404.0,3.79,38.56
11.0,2023.0,China,CHN,Wind,1,GW,412.83,8.83,47.39
12.0,2023.0,China,CHN,Wind,1,GW,441.34,28.51,75.9
1.0,2024.0,China,CHN,Wind,1,GW,445.85,4.51,4.51
2.0,2024.0,China,CHN,Wind,1,GW,450.35,4.5,9.01
3.0,2024.0,China,CHN,Wind,1,GW,456.64,6.29,15.3
4.0,2024.0,China,CHN,Wind,1,GW,458.03,1.39,16.69
5.0,2024.0,China,CHN,Wind,1,GW,461.04,3.01,19.7
6.0,2024.0,China,CHN,Wind,1,GW,466.71,5.67,25.37
7.0,2024.0,China,CHN,Wind,1,GW,470.53,3.82,29.19
8.0,2024.0,China,CHN,Wind,1,GW,474.03,3.5,32.69
9.0,2024.0,China,CHN,Wind,1,GW,479.55,5.52,38.21
10.0,2024.0,China,CHN,Wind,1,GW,486.17,6.62,44.83
11.0,2024.0,China,CHN,Wind,1,GW,492.18,6.01,50.84
12.0,2024.0,China,CHN,Wind,1,GW,520.68,28.5,79.34
1.0,2025.0,China,CHN,Wind,1,GW,525.25,4.57,4.57
2.0,2025.0,China,CHN,Wind,1,GW,529.82,4.57,9.14
3.0,2025.0,China,CHN,Wind,1,GW,535.37,5.55,14.69
4.0,2025.0,China,CHN,Wind,1,GW,541.19,5.82,20.51
5.0,2025.0,China,CHN,Wind,1,GW,567.49,26.3,46.81
6.0,2025.0,China,CHN,Wind,1,GW,572.6,5.11,51.92
7.0,2025.0,China,CHN,Wind,1,GW,574.87,2.27,54.19
1.0,2016.0,China,CHN,Wind and solar,1,GW,184.25,2.88,2.88
2.0,2016.0,China,CHN,Wind and solar,1,GW,187.14,2.89,5.77
3.0,2016.0,China,CHN,Wind and solar,1,GW,189.18,2.04,7.81
4.0,2016.0,China,CHN,Wind and solar,1,GW,194.14,4.96,12.77
5.0,2016.0,China,CHN,Wind and solar,1,GW,199.07,4.93,17.7
6.0,2016.0,China,CHN,Wind and solar,1,GW,204.29,5.22,22.92
7.0,2016.0,China,CHN,Wind and solar,1,GW,209.32,5.03,27.95
8.0,2016.0,China,CHN,Wind and solar,1,GW,213.9,4.58,32.53
9.0,2016.0,China,CHN,Wind and solar,1,GW,218.68,4.78,37.31
10.0,2016.0,China,CHN,Wind and solar,1,GW,224.42,5.74,43.05
11.0,2016.0,China,CHN,Wind and solar,1,GW,230.37,5.95,49.0
12.0,2016.0,China,CHN,Wind and solar,1,GW,239.04,8.67,57.67
1.0,2017.0,China,CHN,Wind and solar,1,GW,245.25,6.21,6.21
2.0,2017.0,China,CHN,Wind and solar,1,GW,251.45,6.2,12.41
3.0,2017.0,China,CHN,Wind and solar,1,GW,256.73,5.28,17.69
4.0,2017.0,China,CHN,Wind and solar,1,GW,262.35,5.62,23.31
5.0,2017.0,China,CHN,Wind and solar,1,GW,267.88,5.53,28.84
6.0,2017.0,China,CHN,Wind and solar,1,GW,273.4,5.52,34.36
7.0,2017.0,China,CHN,Wind and solar,1,GW,288.25,14.85,49.21
8.0,2017.0,China,CHN,Wind and solar,1,GW,293.57,5.32,54.53
9.0,2017.0,China,CHN,Wind and solar,1,GW,299.51,5.94,60.47
10.0,2017.0,China,CHN,Wind and solar,1,GW,303.5,3.99,64.46
11.0,2017.0,China,CHN,Wind and solar,1,GW,309.94,6.44,70.9
12.0,2017.0,China,CHN,Wind and solar,1,GW,320.5,10.56,81.46
1.0,2018.0,China,CHN,Wind and solar,1,GW,329.52,9.02,9.02
2.0,2018.0,China,CHN,Wind and solar,1,GW,338.54,9.02,18.04
3.0,2018.0,China,CHN,Wind and solar,1,GW,339.4,0.86,18.9
4.0,2018.0,China,CHN,Wind and solar,1,GW,341.37,1.97,20.87
5.0,2018.0,China,CHN,Wind and solar,1,GW,345.02,3.65,24.52
6.0,2018.0,China,CHN,Wind and solar,1,GW,359.01,13.99,38.51
7.0,2018.0,China,CHN,Wind and solar,1,GW,367.49,8.48,46.99
8.0,2018.0,China,CHN,Wind and solar,1,GW,370.4,2.91,49.9
9.0,2018.0,China,CHN,Wind and solar,1,GW,373.06,2.66,52.56
10.0,2018.0,China,CHN,Wind and solar,1,GW,378.79,5.73,58.29
11.0,2018.0,China,CHN,Wind and solar,1,GW,383.57,4.78,63.07
12.0,2018.0,China,CHN,Wind and solar,1,GW,393.47,9.9,72.97
1.0,2019.0,China,CHN,Wind and solar,1,GW,396.26,2.79,2.79
2.0,2019.0,China,CHN,Wind and solar,1,GW,399.06,2.8,5.59
3.0,2019.0,China,CHN,Wind and solar,1,GW,404.19,5.13,10.72
4.0,2019.0,China,CHN,Wind and solar,1,GW,405.57,1.38,12.1
5.0,2019.0,China,CHN,Wind and solar,1,GW,409.97,4.4,16.5
6.0,2019.0,China,CHN,Wind and solar,1,GW,416.52,6.55,23.05
7.0,2019.0,China,CHN,Wind and solar,1,GW,419.89,3.37,26.42
8.0,2019.0,China,CHN,Wind and solar,1,GW,422.5,2.61,29.03
9.0,2019.0,China,CHN,Wind and solar,1,GW,425.89,3.39,32.42
10.0,2019.0,China,CHN,Wind and solar,1,GW,428.69,2.8,35.22
11.0,2019.0,China,CHN,Wind and solar,1,GW,431.48,2.79,38.01
12.0,2019.0,China,CHN,Wind and solar,1,GW,454.3,22.82,60.83
1.0,2020.0,China,CHN,Wind and solar,1,GW,455.42,1.12,1.12
2.0,2020.0,China,CHN,Wind and solar,1,GW,456.57,1.15,2.27
3.0,2020.0,China,CHN,Wind and solar,1,GW,460.76,4.19,6.46
4.0,2020.0,China,CHN,Wind and solar,1,GW,463.32,2.56,9.02
5.0,2020.0,China,CHN,Wind and solar,1,GW,466.58,3.26,12.28
6.0,2020.0,China,CHN,Wind and solar,1,GW,472.8,6.22,18.5
7.0,2020.0,China,CHN,Wind and solar,1,GW,478.57,5.77,24.27
8.0,2020.0,China,CHN,Wind and solar,1,GW,482.54,3.97,28.24
9.0,2020.0,China,CHN,Wind and solar,1,GW,488.61,6.07,34.31
10.0,2020.0,China,CHN,Wind and solar,1,GW,498.84,10.23,44.54
11.0,2020.0,China,CHN,Wind and solar,1,GW,510.0,11.16,55.7
12.0,2020.0,China,CHN,Wind and solar,1,GW,585.92,75.92,131.62
1.0,2021.0,China,CHN,Wind and solar,1,GW,589.67,3.75,3.75
2.0,2021.0,China,CHN,Wind and solar,1,GW,593.39,3.72,7.47
3.0,2021.0,China,CHN,Wind and solar,1,GW,597.58,4.19,11.66
4.0,2021.0,China,CHN,Wind and solar,1,GW,601.02,3.44,15.1
5.0,2021.0,China,CHN,Wind and solar,1,GW,605.6,4.58,19.68
6.0,2021.0,China,CHN,Wind and solar,1,GW,612.37,6.77,26.45
7.0,2021.0,China,CHN,Wind and solar,1,GW,620.02,7.65,34.1
8.0,2021.0,China,CHN,Wind and solar,1,GW,627.01,6.99,41.09
9.0,2021.0,China,CHN,Wind and solar,1,GW,633.02,6.01,47.1
10.0,2021.0,China,CHN,Wind and solar,1,GW,640.28,7.26,54.36
11.0,2021.0,China,CHN,Wind and solar,1,GW,652.42,12.14,66.5
12.0,2021.0,China,CHN,Wind and solar,1,GW,696.56,44.14,110.64
1.0,2022.0,China,CHN,Wind and solar,1,GW,704.47,7.91,7.91
2.0,2022.0,China,CHN,Wind and solar,1,GW,712.4,7.93,15.84
3.0,2022.0,China,CHN,Wind and solar,1,GW,720.31,7.91,23.75
4.0,2022.0,China,CHN,Wind and solar,1,GW,726.39,6.08,29.83
5.0,2022.0,China,CHN,Wind and solar,1,GW,735.83,9.44,39.27
6.0,2022.0,China,CHN,Wind and solar,1,GW,746.55,10.72,49.99
7.0,2022.0,China,CHN,Wind and solar,1,GW,756.76,10.21,60.2
8.0,2022.0,China,CHN,Wind and solar,1,GW,766.06,9.3,69.5
9.0,2022.0,China,CHN,Wind and solar,1,GW,778.92,12.86,82.36
10.0,2022.0,China,CHN,Wind and solar,1,GW,787.59,8.67,91.03
11.0,2022.0,China,CHN,Wind and solar,1,GW,797.93,10.34,101.37
12.0,2022.0,China,CHN,Wind and solar,1,GW,836.57,38.64,140.01
1.0,2023.0,China,CHN,Wind and solar,1,GW,853.88,17.31,17.31
2.0,2023.0,China,CHN,Wind and solar,1,GW,871.18,17.3,34.61
3.0,2023.0,China,CHN,Wind and solar,1,GW,891.68,20.5,55.11
4.0,2023.0,China,CHN,Wind and solar,1,GW,913.06,21.38,76.49
5.0,2023.0,China,CHN,Wind and solar,1,GW,930.7,17.64,94.13
6.0,2023.0,China,CHN,Wind and solar,1,GW,957.99,27.29,121.42
7.0,2023.0,China,CHN,Wind and solar,1,GW,981.88,23.89,145.31
8.0,2023.0,China,CHN,Wind and solar,1,GW,1001.86,19.98,165.29
9.0,2023.0,China,CHN,Wind and solar,1,GW,1025.51,23.65,188.94
10.0,2023.0,China,CHN,Wind and solar,1,GW,1046.91,21.4,210.34
11.0,2023.0,China,CHN,Wind and solar,1,GW,1081.97,35.06,245.4
12.0,2023.0,China,CHN,Wind and solar,1,GW,1172.73,90.76,336.16
1.0,2024.0,China,CHN,Wind and solar,1,GW,1200.27,27.54,27.54
2.0,2024.0,China,CHN,Wind and solar,1,GW,1227.81,27.54,55.08
3.0,2024.0,China,CHN,Wind and solar,1,GW,1248.7,20.89,75.97
4.0,2024.0,China,CHN,Wind and solar,1,GW,1263.79,15.09,91.06
5.0,2024.0,China,CHN,Wind and solar,1,GW,1290.22,26.43,117.49
6.0,2024.0,China,CHN,Wind and solar,1,GW,1322.91,32.69,150.18
7.0,2024.0,China,CHN,Wind and solar,1,GW,1353.21,30.3,180.48
8.0,2024.0,China,CHN,Wind and solar,1,GW,1376.85,23.64,204.12
9.0,2024.0,China,CHN,Wind and solar,1,GW,1407.05,30.2,234.32
10.0,2024.0,China,CHN,Wind and solar,1,GW,1437.9,30.85,265.17
11.0,2024.0,China,CHN,Wind and solar,1,GW,1474.18,36.28,301.45
12.0,2024.0,China,CHN,Wind and solar,1,GW,1584.67,110.49,411.94
1.0,2025.0,China,CHN,Wind and solar,1,GW,1612.98,28.31,28.31
2.0,2025.0,China,CHN,Wind and solar,1,GW,1641.28,28.3,56.61
3.0,2025.0,China,CHN,Wind and solar,1,GW,1670.95,29.67,86.28
4.0,2025.0,China,CHN,Wind and solar,1,GW,1731.65,60.7,146.98
5.0,2025.0,China,CHN,Wind and solar,1,GW,1868.83,137.18,284.16
6.0,2025.0,China,CHN,Wind and solar,1,GW,1892.64,23.81,307.97
7.0,2025.0,China,CHN,Wind and solar,1,GW,1906.39,13.75,321.72
1.0,2016.0,Germany,DEU,Solar,0,GWAC,30.18,0.05,0.05
2.0,2016.0,Germany,DEU,Solar,0,GWAC,30.22,0.04,0.09
3.0,2016.0,Germany,DEU,Solar,0,GWAC,30.27,0.05,0.14
4.0,2016.0,Germany,DEU,Solar,0,GWAC,30.34,0.07,0.21
5.0,2016.0,Germany,DEU,Solar,0,GWAC,30.42,0.08,0.29
6.0,2016.0,Germany,DEU,Solar,0,GWAC,30.49,0.07,0.36
7.0,2016.0,Germany,DEU,Solar,0,GWAC,30.55,0.06,0.42
8.0,2016.0,Germany,DEU,Solar,0,GWAC,30.64,0.09,0.51
9.0,2016.0,Germany,DEU,Solar,0,GWAC,30.72,0.08,0.59
10.0,2016.0,Germany,DEU,Solar,0,GWAC,30.8,0.08,0.67
11.0,2016.0,Germany,DEU,Solar,0,GWAC,30.92,0.12,0.79
12.0,2016.0,Germany,DEU,Solar,0,GWAC,31.29,0.37,1.16
1.0,2017.0,Germany,DEU,Solar,0,GWAC,31.32,0.03,0.03
2.0,2017.0,Germany,DEU,Solar,0,GWAC,31.43,0.11,0.14
3.0,2017.0,Germany,DEU,Solar,0,GWAC,31.52,0.09,0.23
4.0,2017.0,Germany,DEU,Solar,0,GWAC,31.63,0.11,0.34
5.0,2017.0,Germany,DEU,Solar,0,GWAC,31.78,0.15,0.49
6.0,2017.0,Germany,DEU,Solar,0,GWAC,31.94,0.16,0.65
7.0,2017.0,Germany,DEU,Solar,0,GWAC,32.05,0.11,0.76
8.0,2017.0,Germany,DEU,Solar,0,GWAC,32.16,0.11,0.87
9.0,2017.0,Germany,DEU,Solar,0,GWAC,32.24,0.08,0.95
10.0,2017.0,Germany,DEU,Solar,0,GWAC,32.36,0.12,1.07
11.0,2017.0,Germany,DEU,Solar,0,GWAC,32.45,0.09,1.16
12.0,2017.0,Germany,DEU,Solar,0,GWAC,32.57,0.12,1.28
1.0,2018.0,Germany,DEU,Solar,0,GWAC,32.77,0.2,0.2
2.0,2018.0,Germany,DEU,Solar,0,GWAC,32.92,0.15,0.35
3.0,2018.0,Germany,DEU,Solar,0,GWAC,33.05,0.13,0.48
4.0,2018.0,Germany,DEU,Solar,0,GWAC,33.22,0.17,0.65
5.0,2018.0,Germany,DEU,Solar,0,GWAC,33.41,0.19,0.84
6.0,2018.0,Germany,DEU,Solar,0,GWAC,33.69,0.28,1.12
7.0,2018.0,Germany,DEU,Solar,0,GWAC,33.92,0.23,1.35
8.0,2018.0,Germany,DEU,Solar,0,GWAC,34.17,0.25,1.6
9.0,2018.0,Germany,DEU,Solar,0,GWAC,34.32,0.15,1.75
10.0,2018.0,Germany,DEU,Solar,0,GWAC,34.46,0.14,1.89
11.0,2018.0,Germany,DEU,Solar,0,GWAC,34.62,0.16,2.05
12.0,2018.0,Germany,DEU,Solar,0,GWAC,34.88,0.26,2.31
1.0,2019.0,Germany,DEU,Solar,0,GWAC,35.52,0.64,0.64
2.0,2019.0,Germany,DEU,Solar,0,GWAC,35.77,0.25,0.89
3.0,2019.0,Germany,DEU,Solar,0,GWAC,36.02,0.25,1.14
4.0,2019.0,Germany,DEU,Solar,0,GWAC,36.22,0.2,1.34
5.0,2019.0,Germany,DEU,Solar,0,GWAC,36.43,0.21,1.55
6.0,2019.0,Germany,DEU,Solar,0,GWAC,36.62,0.19,1.74
7.0,2019.0,Germany,DEU,Solar,0,GWAC,36.84,0.22,1.96
8.0,2019.0,Germany,DEU,Solar,0,GWAC,37.1,0.26,2.22
9.0,2019.0,Germany,DEU,Solar,0,GWAC,37.32,0.22,2.44
10.0,2019.0,Germany,DEU,Solar,0,GWAC,37.61,0.29,2.73
11.0,2019.0,Germany,DEU,Solar,0,GWAC,37.77,0.16,2.89
12.0,2019.0,Germany,DEU,Solar,0,GWAC,37.96,0.19,3.08
1.0,2020.0,Germany,DEU,Solar,0,GWAC,38.36,0.4,0.4
2.0,2020.0,Germany,DEU,Solar,0,GWAC,38.59,0.23,0.63
3.0,2020.0,Germany,DEU,Solar,0,GWAC,38.87,0.28,0.91
4.0,2020.0,Germany,DEU,Solar,0,GWAC,39.16,0.29,1.2
5.0,2020.0,Germany,DEU,Solar,0,GWAC,39.53,0.37,1.57
6.0,2020.0,Germany,DEU,Solar,0,GWAC,39.88,0.35,1.92
7.0,2020.0,Germany,DEU,Solar,0,GWAC,40.21,0.33,2.25
8.0,2020.0,Germany,DEU,Solar,0,GWAC,40.51,0.3,2.55
9.0,2020.0,Germany,DEU,Solar,0,GWAC,40.81,0.3,2.85
10.0,2020.0,Germany,DEU,Solar,0,GWAC,41.13,0.32,3.17
11.0,2020.0,Germany,DEU,Solar,0,GWAC,41.52,0.39,3.56
12.0,2020.0,Germany,DEU,Solar,0,GWAC,41.93,0.41,3.97
1.0,2021.0,Germany,DEU,Solar,0,GWAC,42.23,0.3,0.3
2.0,2021.0,Germany,DEU,Solar,0,GWAC,42.53,0.3,0.6
3.0,2021.0,Germany,DEU,Solar,0,GWAC,43.05,0.52,1.12
4.0,2021.0,Germany,DEU,Solar,0,GWAC,43.52,0.47,1.59
5.0,2021.0,Germany,DEU,Solar,0,GWAC,43.82,0.3,1.89
6.0,2021.0,Germany,DEU,Solar,0,GWAC,44.17,0.35,2.24
7.0,2021.0,Germany,DEU,Solar,0,GWAC,44.57,0.4,2.64
8.0,2021.0,Germany,DEU,Solar,0,GWAC,44.89,0.32,2.96
9.0,2021.0,Germany,DEU,Solar,0,GWAC,45.25,0.36,3.32
10.0,2021.0,Germany,DEU,Solar,0,GWAC,45.57,0.32,3.64
11.0,2021.0,Germany,DEU,Solar,0,GWAC,45.85,0.28,3.92
12.0,2021.0,Germany,DEU,Solar,0,GWAC,46.32,0.47,4.39
1.0,2022.0,Germany,DEU,Solar,0,GWAC,46.71,0.39,0.39
2.0,2022.0,Germany,DEU,Solar,0,GWAC,47.24,0.53,0.92
3.0,2022.0,Germany,DEU,Solar,0,GWAC,47.9,0.66,1.58
4.0,2022.0,Germany,DEU,Solar,0,GWAC,48.27,0.37,1.95
5.0,2022.0,Germany,DEU,Solar,0,GWAC,48.78,0.51,2.46
6.0,2022.0,Germany,DEU,Solar,0,GWAC,49.21,0.43,2.89
7.0,2022.0,Germany,DEU,Solar,0,GWAC,49.6,0.39,3.28
8.0,2022.0,Germany,DEU,Solar,0,GWAC,50.13,0.53,3.81
9.0,2022.0,Germany,DEU,Solar,0,GWAC,50.78,0.65,4.46
10.0,2022.0,Germany,DEU,Solar,0,GWAC,51.27,0.49,4.95
11.0,2022.0,Germany,DEU,Solar,0,GWAC,51.77,0.5,5.45
12.0,2022.0,Germany,DEU,Solar,0,GWAC,52.13,0.36,5.81
1.0,2023.0,Germany,DEU,Solar,0,GWAC,52.91,0.78,0.78
2.0,2023.0,Germany,DEU,Solar,0,GWAC,53.63,0.72,1.5
3.0,2023.0,Germany,DEU,Solar,0,GWAC,54.6,0.97,2.47
4.0,2023.0,Germany,DEU,Solar,0,GWAC,55.51,0.91,3.38
5.0,2023.0,Germany,DEU,Solar,0,GWAC,56.55,1.04,4.42
6.0,2023.0,Germany,DEU,Solar,0,GWAC,57.62,1.07,5.49
7.0,2023.0,Germany,DEU,Solar,0,GWAC,58.78,1.16,6.65
8.0,2023.0,Germany,DEU,Solar,0,GWAC,59.85,1.07,7.72
9.0,2023.0,Germany,DEU,Solar,0,GWAC,60.79,0.94,8.66
10.0,2023.0,Germany,DEU,Solar,0,GWAC,61.97,1.18,9.84
11.0,2023.0,Germany,DEU,Solar,0,GWAC,63.08,1.11,10.95
12.0,2023.0,Germany,DEU,Solar,0,GWAC,63.98,0.9,11.85
1.0,2024.0,Germany,DEU,Solar,0,GWAC,65.22,1.24,1.24
2.0,2024.0,Germany,DEU,Solar,0,GWAC,66.18,0.96,2.2
3.0,2024.0,Germany,DEU,Solar,0,GWAC,67.28,1.1,3.3
4.0,2024.0,Germany,DEU,Solar,0,GWAC,68.31,1.03,4.33
5.0,2024.0,Germany,DEU,Solar,0,GWAC,69.26,0.95,5.28
6.0,2024.0,Germany,DEU,Solar,0,GWAC,70.38,1.12,6.4
7.0,2024.0,Germany,DEU,Solar,0,GWAC,71.66,1.28,7.68
8.0,2024.0,Germany,DEU,Solar,0,GWAC,72.48,0.82,8.5
9.0,2024.0,Germany,DEU,Solar,0,GWAC,73.46,0.98,9.48
10.0,2024.0,Germany,DEU,Solar,0,GWAC,74.8,1.34,10.82
11.0,2024.0,Germany,DEU,Solar,0,GWAC,75.75,0.95,11.77
12.0,2024.0,Germany,DEU,Solar,0,GWAC,77.27,1.52,13.29
1.0,2025.0,Germany,DEU,Solar,0,GWAC,78.43,1.16,1.16
2.0,2025.0,Germany,DEU,Solar,0,GWAC,79.81,1.38,2.54
3.0,2025.0,Germany,DEU,Solar,0,GWAC,80.46,0.65,3.19
4.0,2025.0,Germany,DEU,Solar,0,GWAC,81.22,0.76,3.95
5.0,2025.0,Germany,DEU,Solar,0,GWAC,82.17,0.95,4.9
6.0,2025.0,Germany,DEU,Solar,0,GWAC,82.96,0.79,5.69
7.0,2025.0,Germany,DEU,Solar,0,GWAC,83.99,1.03,6.72
1.0,2016.0,Germany,DEU,Solar,0,GWDC,39.24,0.07,0.07
2.0,2016.0,Germany,DEU,Solar,0,GWDC,39.28,0.04,0.11
3.0,2016.0,Germany,DEU,Solar,0,GWDC,39.35,0.07,0.18
4.0,2016.0,Germany,DEU,Solar,0,GWDC,39.44,0.09,0.27
5.0,2016.0,Germany,DEU,Solar,0,GWDC,39.54,0.1,0.37
6.0,2016.0,Germany,DEU,Solar,0,GWDC,39.64,0.1,0.47
7.0,2016.0,Germany,DEU,Solar,0,GWDC,39.72,0.08,0.55
8.0,2016.0,Germany,DEU,Solar,0,GWDC,39.83,0.11,0.66
9.0,2016.0,Germany,DEU,Solar,0,GWDC,39.94,0.11,0.77
10.0,2016.0,Germany,DEU,Solar,0,GWDC,40.05,0.11,0.88
11.0,2016.0,Germany,DEU,Solar,0,GWDC,40.2,0.15,1.03
12.0,2016.0,Germany,DEU,Solar,0,GWDC,40.67,0.47,1.5
1.0,2017.0,Germany,DEU,Solar,0,GWDC,40.72,0.05,0.05
2.0,2017.0,Germany,DEU,Solar,0,GWDC,40.86,0.14,0.19
3.0,2017.0,Germany,DEU,Solar,0,GWDC,40.98,0.12,0.31
4.0,2017.0,Germany,DEU,Solar,0,GWDC,41.12,0.14,0.45
5.0,2017.0,Germany,DEU,Solar,0,GWDC,41.31,0.19,0.64
6.0,2017.0,Germany,DEU,Solar,0,GWDC,41.53,0.22,0.86
7.0,2017.0,Germany,DEU,Solar,0,GWDC,41.66,0.13,0.99
8.0,2017.0,Germany,DEU,Solar,0,GWDC,41.81,0.15,1.14
9.0,2017.0,Germany,DEU,Solar,0,GWDC,41.92,0.11,1.25
10.0,2017.0,Germany,DEU,Solar,0,GWDC,42.07,0.15,1.4
11.0,2017.0,Germany,DEU,Solar,0,GWDC,42.18,0.11,1.51
12.0,2017.0,Germany,DEU,Solar,0,GWDC,42.34,0.16,1.67
1.0,2018.0,Germany,DEU,Solar,0,GWDC,42.6,0.26,0.26
2.0,2018.0,Germany,DEU,Solar,0,GWDC,42.8,0.2,0.46
3.0,2018.0,Germany,DEU,Solar,0,GWDC,42.96,0.16,0.62
4.0,2018.0,Germany,DEU,Solar,0,GWDC,43.19,0.23,0.85
5.0,2018.0,Germany,DEU,Solar,0,GWDC,43.44,0.25,1.1
6.0,2018.0,Germany,DEU,Solar,0,GWDC,43.79,0.35,1.45
7.0,2018.0,Germany,DEU,Solar,0,GWDC,44.1,0.31,1.76
8.0,2018.0,Germany,DEU,Solar,0,GWDC,44.42,0.32,2.08
9.0,2018.0,Germany,DEU,Solar,0,GWDC,44.61,0.19,2.27
10.0,2018.0,Germany,DEU,Solar,0,GWDC,44.8,0.19,2.46
11.0,2018.0,Germany,DEU,Solar,0,GWDC,45.01,0.21,2.67
12.0,2018.0,Germany,DEU,Solar,0,GWDC,45.34,0.33,3.0
1.0,2019.0,Germany,DEU,Solar,0,GWDC,46.17,0.83,0.83
2.0,2019.0,Germany,DEU,Solar,0,GWDC,46.51,0.34,1.17
3.0,2019.0,Germany,DEU,Solar,0,GWDC,46.83,0.32,1.49
4.0,2019.0,Germany,DEU,Solar,0,GWDC,47.09,0.26,1.75
5.0,2019.0,Germany,DEU,Solar,0,GWDC,47.36,0.27,2.02
6.0,2019.0,Germany,DEU,Solar,0,GWDC,47.61,0.25,2.27
7.0,2019.0,Germany,DEU,Solar,0,GWDC,47.89,0.28,2.55
8.0,2019.0,Germany,DEU,Solar,0,GWDC,48.22,0.33,2.88
9.0,2019.0,Germany,DEU,Solar,0,GWDC,48.51,0.29,3.17
10.0,2019.0,Germany,DEU,Solar,0,GWDC,48.9,0.39,3.56
11.0,2019.0,Germany,DEU,Solar,0,GWDC,49.1,0.2,3.76
12.0,2019.0,Germany,DEU,Solar,0,GWDC,49.35,0.25,4.01
1.0,2020.0,Germany,DEU,Solar,0,GWDC,49.87,0.52,0.52
2.0,2020.0,Germany,DEU,Solar,0,GWDC,50.17,0.3,0.82
3.0,2020.0,Germany,DEU,Solar,0,GWDC,50.53,0.36,1.18
4.0,2020.0,Germany,DEU,Solar,0,GWDC,50.91,0.38,1.56
5.0,2020.0,Germany,DEU,Solar,0,GWDC,51.39,0.48,2.04
6.0,2020.0,Germany,DEU,Solar,0,GWDC,51.85,0.46,2.5
7.0,2020.0,Germany,DEU,Solar,0,GWDC,52.27,0.42,2.92
8.0,2020.0,Germany,DEU,Solar,0,GWDC,52.66,0.39,3.31
9.0,2020.0,Germany,DEU,Solar,0,GWDC,53.05,0.39,3.7
10.0,2020.0,Germany,DEU,Solar,0,GWDC,53.47,0.42,4.12
11.0,2020.0,Germany,DEU,Solar,0,GWDC,53.98,0.51,4.63
12.0,2020.0,Germany,DEU,Solar,0,GWDC,54.5,0.52,5.15
1.0,2021.0,Germany,DEU,Solar,0,GWDC,54.9,0.4,0.4
2.0,2021.0,Germany,DEU,Solar,0,GWDC,55.29,0.39,0.79
3.0,2021.0,Germany,DEU,Solar,0,GWDC,55.97,0.68,1.47
4.0,2021.0,Germany,DEU,Solar,0,GWDC,56.57,0.6,2.07
5.0,2021.0,Germany,DEU,Solar,0,GWDC,56.97,0.4,2.47
6.0,2021.0,Germany,DEU,Solar,0,GWDC,57.42,0.45,2.92
7.0,2021.0,Germany,DEU,Solar,0,GWDC,57.94,0.52,3.44
8.0,2021.0,Germany,DEU,Solar,0,GWDC,58.35,0.41,3.85
9.0,2021.0,Germany,DEU,Solar,0,GWDC,58.82,0.47,4.32
10.0,2021.0,Germany,DEU,Solar,0,GWDC,59.24,0.42,4.74
11.0,2021.0,Germany,DEU,Solar,0,GWDC,59.61,0.37,5.11
12.0,2021.0,Germany,DEU,Solar,0,GWDC,60.21,0.6,5.71
1.0,2022.0,Germany,DEU,Solar,0,GWDC,60.72,0.51,0.51
2.0,2022.0,Germany,DEU,Solar,0,GWDC,61.42,0.7,1.21
3.0,2022.0,Germany,DEU,Solar,0,GWDC,62.27,0.85,2.06
4.0,2022.0,Germany,DEU,Solar,0,GWDC,62.75,0.48,2.54
5.0,2022.0,Germany,DEU,Solar,0,GWDC,63.41,0.66,3.2
6.0,2022.0,Germany,DEU,Solar,0,GWDC,63.98,0.57,3.77
7.0,2022.0,Germany,DEU,Solar,0,GWDC,64.48,0.5,4.27
8.0,2022.0,Germany,DEU,Solar,0,GWDC,65.17,0.69,4.96
9.0,2022.0,Germany,DEU,Solar,0,GWDC,66.02,0.85,5.81
10.0,2022.0,Germany,DEU,Solar,0,GWDC,66.65,0.63,6.44
11.0,2022.0,Germany,DEU,Solar,0,GWDC,67.31,0.66,7.1
12.0,2022.0,Germany,DEU,Solar,0,GWDC,67.77,0.46,7.56
1.0,2023.0,Germany,DEU,Solar,0,GWDC,68.79,1.02,1.02
2.0,2023.0,Germany,DEU,Solar,0,GWDC,69.72,0.93,1.95
3.0,2023.0,Germany,DEU,Solar,0,GWDC,70.98,1.26,3.21
4.0,2023.0,Germany,DEU,Solar,0,GWDC,72.17,1.19,4.4
5.0,2023.0,Germany,DEU,Solar,0,GWDC,73.51,1.34,5.74
6.0,2023.0,Germany,DEU,Solar,0,GWDC,74.9,1.39,7.13
7.0,2023.0,Germany,DEU,Solar,0,GWDC,76.41,1.51,8.64
8.0,2023.0,Germany,DEU,Solar,0,GWDC,77.8,1.39,10.03
9.0,2023.0,Germany,DEU,Solar,0,GWDC,79.03,1.23,11.26
10.0,2023.0,Germany,DEU,Solar,0,GWDC,80.56,1.53,12.79
11.0,2023.0,Germany,DEU,Solar,0,GWDC,82.01,1.45,14.24
12.0,2023.0,Germany,DEU,Solar,0,GWDC,83.17,1.16,15.4
1.0,2024.0,Germany,DEU,Solar,0,GWDC,84.79,1.62,1.62
2.0,2024.0,Germany,DEU,Solar,0,GWDC,86.04,1.25,2.87
3.0,2024.0,Germany,DEU,Solar,0,GWDC,87.46,1.42,4.29
4.0,2024.0,Germany,DEU,Solar,0,GWDC,88.81,1.35,5.64
5.0,2024.0,Germany,DEU,Solar,0,GWDC,90.04,1.23,6.87
6.0,2024.0,Germany,DEU,Solar,0,GWDC,91.5,1.46,8.33
7.0,2024.0,Germany,DEU,Solar,0,GWDC,93.16,1.66,9.99
8.0,2024.0,Germany,DEU,Solar,0,GWDC,94.22,1.06,11.05
9.0,2024.0,Germany,DEU,Solar,0,GWDC,95.5,1.28,12.33
10.0,2024.0,Germany,DEU,Solar,0,GWDC,97.24,1.74,14.07
11.0,2024.0,Germany,DEU,Solar,0,GWDC,98.48,1.24,15.31
12.0,2024.0,Germany,DEU,Solar,0,GWDC,100.45,1.97,17.28
1.0,2025.0,Germany,DEU,Solar,0,GWDC,101.96,1.51,1.51
2.0,2025.0,Germany,DEU,Solar,0,GWDC,103.75,1.79,3.3
3.0,2025.0,Germany,DEU,Solar,0,GWDC,104.6,0.85,4.15
4.0,2025.0,Germany,DEU,Solar,0,GWDC,105.59,0.99,5.14
5.0,2025.0,Germany,DEU,Solar,0,GWDC,106.82,1.23,6.37
6.0,2025.0,Germany,DEU,Solar,0,GWDC,107.85,1.03,7.4
7.0,2025.0,Germany,DEU,Solar,0,GWDC,109.19,1.34,8.74
1.0,2016.0,Germany,DEU,Wind offshore,0,GW,3.38,0.0,0.0
2.0,2016.0,Germany,DEU,Wind offshore,0,GW,3.46,0.08,0.08
3.0,2016.0,Germany,DEU,Wind offshore,0,GW,3.49,0.03,0.11
4.0,2016.0,Germany,DEU,Wind offshore,0,GW,3.49,0.0,0.11
5.0,2016.0,Germany,DEU,Wind offshore,0,GW,3.61,0.12,0.23
6.0,2016.0,Germany,DEU,Wind offshore,0,GW,3.65,0.04,0.27
7.0,2016.0,Germany,DEU,Wind offshore,0,GW,3.93,0.28,0.55
8.0,2016.0,Germany,DEU,Wind offshore,0,GW,3.99,0.06,0.61
9.0,2016.0,Germany,DEU,Wind offshore,0,GW,4.05,0.06,0.67
10.0,2016.0,Germany,DEU,Wind offshore,0,GW,4.14,0.09,0.76
11.0,2016.0,Germany,DEU,Wind offshore,0,GW,4.19,0.05,0.81
12.0,2016.0,Germany,DEU,Wind offshore,0,GW,4.24,0.05,0.86
1.0,2017.0,Germany,DEU,Wind offshore,0,GW,4.34,0.1,0.1
2.0,2017.0,Germany,DEU,Wind offshore,0,GW,4.4,0.06,0.16
3.0,2017.0,Germany,DEU,Wind offshore,0,GW,4.52,0.12,0.28
4.0,2017.0,Germany,DEU,Wind offshore,0,GW,4.66,0.14,0.42
5.0,2017.0,Germany,DEU,Wind offshore,0,GW,4.83,0.17,0.59
6.0,2017.0,Germany,DEU,Wind offshore,0,GW,4.89,0.06,0.65
7.0,2017.0,Germany,DEU,Wind offshore,0,GW,4.95,0.06,0.71
8.0,2017.0,Germany,DEU,Wind offshore,0,GW,5.01,0.06,0.77
9.0,2017.0,Germany,DEU,Wind offshore,0,GW,5.05,0.04,0.81
10.0,2017.0,Germany,DEU,Wind offshore,0,GW,5.06,0.01,0.82
11.0,2017.0,Germany,DEU,Wind offshore,0,GW,5.36,0.3,1.12
12.0,2017.0,Germany,DEU,Wind offshore,0,GW,5.52,0.16,1.28
1.0,2018.0,Germany,DEU,Wind offshore,0,GW,5.52,0.0,0.0
2.0,2018.0,Germany,DEU,Wind offshore,0,GW,5.52,0.0,0.0
3.0,2018.0,Germany,DEU,Wind offshore,0,GW,5.52,0.0,0.0
4.0,2018.0,Germany,DEU,Wind offshore,0,GW,5.52,0.0,0.0
5.0,2018.0,Germany,DEU,Wind offshore,0,GW,5.52,0.0,0.0
6.0,2018.0,Germany,DEU,Wind offshore,0,GW,5.52,0.0,0.0
7.0,2018.0,Germany,DEU,Wind offshore,0,GW,5.55,0.03,0.03
8.0,2018.0,Germany,DEU,Wind offshore,0,GW,5.74,0.19,0.22
9.0,2018.0,Germany,DEU,Wind offshore,0,GW,6.13,0.39,0.61
10.0,2018.0,Germany,DEU,Wind offshore,0,GW,6.43,0.3,0.91
11.0,2018.0,Germany,DEU,Wind offshore,0,GW,6.48,0.05,0.96
12.0,2018.0,Germany,DEU,Wind offshore,0,GW,6.51,0.03,0.99
1.0,2019.0,Germany,DEU,Wind offshore,0,GW,6.52,0.01,0.01
2.0,2019.0,Germany,DEU,Wind offshore,0,GW,6.56,0.04,0.05
3.0,2019.0,Germany,DEU,Wind offshore,0,GW,6.63,0.07,0.12
4.0,2019.0,Germany,DEU,Wind offshore,0,GW,6.7,0.07,0.19
5.0,2019.0,Germany,DEU,Wind offshore,0,GW,6.77,0.07,0.26
6.0,2019.0,Germany,DEU,Wind offshore,0,GW,6.77,0.0,0.26
7.0,2019.0,Germany,DEU,Wind offshore,0,GW,6.89,0.12,0.38
8.0,2019.0,Germany,DEU,Wind offshore,0,GW,7.48,0.59,0.97
9.0,2019.0,Germany,DEU,Wind offshore,0,GW,7.55,0.07,1.04
10.0,2019.0,Germany,DEU,Wind offshore,0,GW,7.6,0.05,1.09
11.0,2019.0,Germany,DEU,Wind offshore,0,GW,7.64,0.04,1.13
12.0,2019.0,Germany,DEU,Wind offshore,0,GW,7.66,0.02,1.15
1.0,2020.0,Germany,DEU,Wind offshore,0,GW,7.78,0.12,0.12
2.0,2020.0,Germany,DEU,Wind offshore,0,GW,7.78,0.0,0.12
3.0,2020.0,Germany,DEU,Wind offshore,0,GW,7.79,0.01,0.13
4.0,2020.0,Germany,DEU,Wind offshore,0,GW,7.82,0.03,0.16
5.0,2020.0,Germany,DEU,Wind offshore,0,GW,7.84,0.02,0.18
6.0,2020.0,Germany,DEU,Wind offshore,0,GW,7.87,0.03,0.21
7.0,2020.0,Germany,DEU,Wind offshore,0,GW,7.87,0.0,0.21
8.0,2020.0,Germany,DEU,Wind offshore,0,GW,7.87,0.0,0.21
9.0,2020.0,Germany,DEU,Wind offshore,0,GW,7.87,0.0,0.21
10.0,2020.0,Germany,DEU,Wind offshore,0,GW,7.87,0.0,0.21
11.0,2020.0,Germany,DEU,Wind offshore,0,GW,7.87,0.0,0.21
12.0,2020.0,Germany,DEU,Wind offshore,0,GW,7.87,0.0,0.21
1.0,2021.0,Germany,DEU,Wind offshore,0,GW,7.87,0.0,0.0
2.0,2021.0,Germany,DEU,Wind offshore,0,GW,7.87,0.0,0.0
3.0,2021.0,Germany,DEU,Wind offshore,0,GW,7.87,0.0,0.0
4.0,2021.0,Germany,DEU,Wind offshore,0,GW,7.87,0.0,0.0
5.0,2021.0,Germany,DEU,Wind offshore,0,GW,7.87,0.0,0.0
6.0,2021.0,Germany,DEU,Wind offshore,0,GW,7.87,0.0,0.0
7.0,2021.0,Germany,DEU,Wind offshore,0,GW,7.87,0.0,0.0
8.0,2021.0,Germany,DEU,Wind offshore,0,GW,7.87,0.0,0.0
9.0,2021.0,Germany,DEU,Wind offshore,0,GW,7.87,0.0,0.0
10.0,2021.0,Germany,DEU,Wind offshore,0,GW,7.87,0.0,0.0
11.0,2021.0,Germany,DEU,Wind offshore,0,GW,7.87,0.0,0.0
12.0,2021.0,Germany,DEU,Wind offshore,0,GW,7.87,0.0,0.0
1.0,2022.0,Germany,DEU,Wind offshore,0,GW,7.87,0.0,0.0
2.0,2022.0,Germany,DEU,Wind offshore,0,GW,7.87,0.0,0.0
3.0,2022.0,Germany,DEU,Wind offshore,0,GW,7.87,0.0,0.0
4.0,2022.0,Germany,DEU,Wind offshore,0,GW,7.87,0.0,0.0
5.0,2022.0,Germany,DEU,Wind offshore,0,GW,7.87,0.0,0.0
6.0,2022.0,Germany,DEU,Wind offshore,0,GW,7.87,0.0,0.0
7.0,2022.0,Germany,DEU,Wind offshore,0,GW,7.88,0.01,0.01
8.0,2022.0,Germany,DEU,Wind offshore,0,GW,8.04,0.16,0.17
9.0,2022.0,Germany,DEU,Wind offshore,0,GW,8.05,0.01,0.18
10.0,2022.0,Germany,DEU,Wind offshore,0,GW,8.1,0.05,0.23
11.0,2022.0,Germany,DEU,Wind offshore,0,GW,8.17,0.07,0.3
12.0,2022.0,Germany,DEU,Wind offshore,0,GW,8.22,0.05,0.35
1.0,2023.0,Germany,DEU,Wind offshore,0,GW,8.25,0.03,0.03
2.0,2023.0,Germany,DEU,Wind offshore,0,GW,8.29,0.04,0.07
3.0,2023.0,Germany,DEU,Wind offshore,0,GW,8.36,0.07,0.14
4.0,2023.0,Germany,DEU,Wind offshore,0,GW,8.43,0.07,0.21
5.0,2023.0,Germany,DEU,Wind offshore,0,GW,8.44,0.01,0.22
6.0,2023.0,Germany,DEU,Wind offshore,0,GW,8.44,0.0,0.22
7.0,2023.0,Germany,DEU,Wind offshore,0,GW,8.44,0.0,0.22
8.0,2023.0,Germany,DEU,Wind offshore,0,GW,8.44,0.0,0.22
9.0,2023.0,Germany,DEU,Wind offshore,0,GW,8.44,0.0,0.22
10.0,2023.0,Germany,DEU,Wind offshore,0,GW,8.44,0.0,0.22
11.0,2023.0,Germany,DEU,Wind offshore,0,GW,8.47,0.03,0.25
12.0,2023.0,Germany,DEU,Wind offshore,0,GW,8.47,0.0,0.25
1.0,2024.0,Germany,DEU,Wind offshore,0,GW,8.47,0.0,0.0
2.0,2024.0,Germany,DEU,Wind offshore,0,GW,8.47,0.0,0.0
3.0,2024.0,Germany,DEU,Wind offshore,0,GW,8.47,0.0,0.0
4.0,2024.0,Germany,DEU,Wind offshore,0,GW,8.47,0.0,0.0
5.0,2024.0,Germany,DEU,Wind offshore,0,GW,8.7,0.23,0.23
6.0,2024.0,Germany,DEU,Wind offshore,0,GW,8.85,0.15,0.38
7.0,2024.0,Germany,DEU,Wind offshore,0,GW,9.04,0.19,0.57
8.0,2024.0,Germany,DEU,Wind offshore,0,GW,9.13,0.09,0.66
9.0,2024.0,Germany,DEU,Wind offshore,0,GW,9.22,0.09,0.75
10.0,2024.0,Germany,DEU,Wind offshore,0,GW,9.22,0.0,0.75
11.0,2024.0,Germany,DEU,Wind offshore,0,GW,9.22,0.0,0.75
12.0,2024.0,Germany,DEU,Wind offshore,0,GW,9.22,0.0,0.75
1.0,2025.0,Germany,DEU,Wind offshore,0,GW,9.22,0.0,0.0
2.0,2025.0,Germany,DEU,Wind offshore,0,GW,9.22,0.0,0.0
3.0,2025.0,Germany,DEU,Wind offshore,0,GW,9.22,0.0,0.0
4.0,2025.0,Germany,DEU,Wind offshore,0,GW,9.22,0.0,0.0
5.0,2025.0,Germany,DEU,Wind offshore,0,GW,9.22,0.0,0.0
6.0,2025.0,Germany,DEU,Wind offshore,0,GW,9.22,0.0,0.0
7.0,2025.0,Germany,DEU,Wind offshore,0,GW,9.22,0.0,0.0
1.0,2016.0,Germany,DEU,Wind onshore,0,GW,41.41,0.11,0.11
2.0,2016.0,Germany,DEU,Wind onshore,0,GW,41.6,0.19,0.3
3.0,2016.0,Germany,DEU,Wind onshore,0,GW,42.1,0.5,0.8
4.0,2016.0,Germany,DEU,Wind onshore,0,GW,42.26,0.16,0.96
5.0,2016.0,Germany,DEU,Wind onshore,0,GW,42.52,0.26,1.22
6.0,2016.0,Germany,DEU,Wind onshore,0,GW,43.13,0.61,1.83
7.0,2016.0,Germany,DEU,Wind onshore,0,GW,43.2,0.07,1.9
8.0,2016.0,Germany,DEU,Wind onshore,0,GW,43.45,0.25,2.15
9.0,2016.0,Germany,DEU,Wind onshore,0,GW,44.09,0.64,2.79
10.0,2016.0,Germany,DEU,Wind onshore,0,GW,44.2,0.11,2.9
11.0,2016.0,Germany,DEU,Wind onshore,0,GW,44.49,0.29,3.19
12.0,2016.0,Germany,DEU,Wind onshore,0,GW,45.28,0.79,3.98
1.0,2017.0,Germany,DEU,Wind onshore,0,GW,45.53,0.25,0.25
2.0,2017.0,Germany,DEU,Wind onshore,0,GW,45.92,0.39,0.64
3.0,2017.0,Germany,DEU,Wind onshore,0,GW,46.26,0.34,0.98
4.0,2017.0,Germany,DEU,Wind onshore,0,GW,46.58,0.32,1.3
5.0,2017.0,Germany,DEU,Wind onshore,0,GW,47.1,0.52,1.82
6.0,2017.0,Germany,DEU,Wind onshore,0,GW,47.49,0.39,2.21
7.0,2017.0,Germany,DEU,Wind onshore,0,GW,47.89,0.4,2.61
8.0,2017.0,Germany,DEU,Wind onshore,0,GW,48.18,0.29,2.9
9.0,2017.0,Germany,DEU,Wind onshore,0,GW,48.98,0.8,3.7
10.0,2017.0,Germany,DEU,Wind onshore,0,GW,49.08,0.1,3.8
11.0,2017.0,Germany,DEU,Wind onshore,0,GW,49.39,0.31,4.11
12.0,2017.0,Germany,DEU,Wind onshore,0,GW,50.17,0.78,4.89
1.0,2018.0,Germany,DEU,Wind onshore,0,GW,50.28,0.11,0.11
2.0,2018.0,Germany,DEU,Wind onshore,0,GW,50.47,0.19,0.3
3.0,2018.0,Germany,DEU,Wind onshore,0,GW,51.09,0.62,0.92
4.0,2018.0,Germany,DEU,Wind onshore,0,GW,51.14,0.05,0.97
5.0,2018.0,Germany,DEU,Wind onshore,0,GW,51.23,0.09,1.06
6.0,2018.0,Germany,DEU,Wind onshore,0,GW,51.68,0.45,1.51
7.0,2018.0,Germany,DEU,Wind onshore,0,GW,51.7,0.02,1.53
8.0,2018.0,Germany,DEU,Wind onshore,0,GW,51.74,0.04,1.57
9.0,2018.0,Germany,DEU,Wind onshore,0,GW,51.99,0.25,1.82
10.0,2018.0,Germany,DEU,Wind onshore,0,GW,52.03,0.04,1.86
11.0,2018.0,Germany,DEU,Wind onshore,0,GW,52.12,0.09,1.95
12.0,2018.0,Germany,DEU,Wind onshore,0,GW,52.33,0.21,2.16
1.0,2019.0,Germany,DEU,Wind onshore,0,GW,52.38,0.05,0.05
2.0,2019.0,Germany,DEU,Wind onshore,0,GW,52.41,0.03,0.08
3.0,2019.0,Germany,DEU,Wind onshore,0,GW,52.46,0.05,0.13
4.0,2019.0,Germany,DEU,Wind onshore,0,GW,52.48,0.02,0.15
5.0,2019.0,Germany,DEU,Wind onshore,0,GW,52.5,0.02,0.17
6.0,2019.0,Germany,DEU,Wind onshore,0,GW,52.55,0.05,0.22
7.0,2019.0,Germany,DEU,Wind onshore,0,GW,52.61,0.06,0.28
8.0,2019.0,Germany,DEU,Wind onshore,0,GW,52.64,0.03,0.31
9.0,2019.0,Germany,DEU,Wind onshore,0,GW,52.76,0.12,0.43
10.0,2019.0,Germany,DEU,Wind onshore,0,GW,52.83,0.07,0.5
11.0,2019.0,Germany,DEU,Wind onshore,0,GW,52.94,0.11,0.61
12.0,2019.0,Germany,DEU,Wind onshore,0,GW,53.19,0.25,0.86
1.0,2020.0,Germany,DEU,Wind onshore,0,GW,53.29,0.1,0.1
2.0,2020.0,Germany,DEU,Wind onshore,0,GW,53.42,0.13,0.23
3.0,2020.0,Germany,DEU,Wind onshore,0,GW,53.51,0.09,0.32
4.0,2020.0,Germany,DEU,Wind onshore,0,GW,53.58,0.07,0.39
5.0,2020.0,Germany,DEU,Wind onshore,0,GW,53.65,0.07,0.46
6.0,2020.0,Germany,DEU,Wind onshore,0,GW,53.72,0.07,0.53
7.0,2020.0,Germany,DEU,Wind onshore,0,GW,53.78,0.06,0.59
8.0,2020.0,Germany,DEU,Wind onshore,0,GW,53.86,0.08,0.67
9.0,2020.0,Germany,DEU,Wind onshore,0,GW,53.93,0.07,0.74
10.0,2020.0,Germany,DEU,Wind onshore,0,GW,54.06,0.13,0.87
11.0,2020.0,Germany,DEU,Wind onshore,0,GW,54.24,0.18,1.05
12.0,2020.0,Germany,DEU,Wind onshore,0,GW,54.41,0.17,1.22
1.0,2021.0,Germany,DEU,Wind onshore,0,GW,54.49,0.08,0.08
2.0,2021.0,Germany,DEU,Wind onshore,0,GW,54.66,0.17,0.25
3.0,2021.0,Germany,DEU,Wind onshore,0,GW,54.86,0.2,0.45
4.0,2021.0,Germany,DEU,Wind onshore,0,GW,54.99,0.13,0.58
5.0,2021.0,Germany,DEU,Wind onshore,0,GW,55.05,0.06,0.64
6.0,2021.0,Germany,DEU,Wind onshore,0,GW,55.24,0.19,0.83
7.0,2021.0,Germany,DEU,Wind onshore,0,GW,55.36,0.12,0.95
8.0,2021.0,Germany,DEU,Wind onshore,0,GW,55.45,0.09,1.04
9.0,2021.0,Germany,DEU,Wind onshore,0,GW,55.56,0.11,1.15
10.0,2021.0,Germany,DEU,Wind onshore,0,GW,55.71,0.15,1.3
11.0,2021.0,Germany,DEU,Wind onshore,0,GW,55.8,0.09,1.39
12.0,2021.0,Germany,DEU,Wind onshore,0,GW,56.05,0.25,1.64
1.0,2022.0,Germany,DEU,Wind onshore,0,GW,56.12,0.07,0.07
2.0,2022.0,Germany,DEU,Wind onshore,0,GW,56.26,0.14,0.21
3.0,2022.0,Germany,DEU,Wind onshore,0,GW,56.36,0.1,0.31
4.0,2022.0,Germany,DEU,Wind onshore,0,GW,56.45,0.09,0.4
5.0,2022.0,Germany,DEU,Wind onshore,0,GW,56.64,0.19,0.59
6.0,2022.0,Germany,DEU,Wind onshore,0,GW,56.85,0.21,0.8
7.0,2022.0,Germany,DEU,Wind onshore,0,GW,57.01,0.16,0.96
8.0,2022.0,Germany,DEU,Wind onshore,0,GW,57.14,0.13,1.09
9.0,2022.0,Germany,DEU,Wind onshore,0,GW,57.37,0.23,1.32
10.0,2022.0,Germany,DEU,Wind onshore,0,GW,57.51,0.14,1.46
11.0,2022.0,Germany,DEU,Wind onshore,0,GW,57.74,0.23,1.69
12.0,2022.0,Germany,DEU,Wind onshore,0,GW,58.01,0.27,1.96
1.0,2023.0,Germany,DEU,Wind onshore,0,GW,58.06,0.05,0.05
2.0,2023.0,Germany,DEU,Wind onshore,0,GW,58.21,0.15,0.2
3.0,2023.0,Germany,DEU,Wind onshore,0,GW,58.48,0.27,0.47
4.0,2023.0,Germany,DEU,Wind onshore,0,GW,58.73,0.25,0.72
5.0,2023.0,Germany,DEU,Wind onshore,0,GW,58.99,0.26,0.98
6.0,2023.0,Germany,DEU,Wind onshore,0,GW,59.31,0.32,1.3
7.0,2023.0,Germany,DEU,Wind onshore,0,GW,59.51,0.2,1.5
8.0,2023.0,Germany,DEU,Wind onshore,0,GW,59.67,0.16,1.66
9.0,2023.0,Germany,DEU,Wind onshore,0,GW,60.03,0.36,2.02
10.0,2023.0,Germany,DEU,Wind onshore,0,GW,60.44,0.41,2.43
11.0,2023.0,Germany,DEU,Wind onshore,0,GW,60.64,0.2,2.63
12.0,2023.0,Germany,DEU,Wind onshore,0,GW,61.01,0.37,3.0
1.0,2024.0,Germany,DEU,Wind onshore,0,GW,61.13,0.12,0.12
2.0,2024.0,Germany,DEU,Wind onshore,0,GW,61.35,0.22,0.34
3.0,2024.0,Germany,DEU,Wind onshore,0,GW,61.55,0.2,0.54
4.0,2024.0,Germany,DEU,Wind onshore,0,GW,61.69,0.14,0.68
5.0,2024.0,Germany,DEU,Wind onshore,0,GW,61.74,0.05,0.73
6.0,2024.0,Germany,DEU,Wind onshore,0,GW,61.91,0.17,0.9
7.0,2024.0,Germany,DEU,Wind onshore,0,GW,62.13,0.22,1.12
8.0,2024.0,Germany,DEU,Wind onshore,0,GW,62.3,0.17,1.29
9.0,2024.0,Germany,DEU,Wind onshore,0,GW,62.52,0.22,1.51
10.0,2024.0,Germany,DEU,Wind onshore,0,GW,62.72,0.2,1.71
11.0,2024.0,Germany,DEU,Wind onshore,0,GW,63.18,0.46,2.17
12.0,2024.0,Germany,DEU,Wind onshore,0,GW,63.59,0.41,2.58
1.0,2025.0,Germany,DEU,Wind onshore,0,GW,63.78,0.19,0.19
2.0,2025.0,Germany,DEU,Wind onshore,0,GW,64.1,0.32,0.51
3.0,2025.0,Germany,DEU,Wind onshore,0,GW,64.46,0.36,0.87
4.0,2025.0,Germany,DEU,Wind onshore,0,GW,64.72,0.26,1.13
5.0,2025.0,Germany,DEU,Wind onshore,0,GW,65.09,0.37,1.5
6.0,2025.0,Germany,DEU,Wind onshore,0,GW,65.46,0.37,1.87
7.0,2025.0,Germany,DEU,Wind onshore,0,GW,65.81,0.35,2.22
1.0,2016.0,Germany,DEU,Wind,1,GW,44.79,0.11,0.11
2.0,2016.0,Germany,DEU,Wind,1,GW,45.06,0.27,0.38
3.0,2016.0,Germany,DEU,Wind,1,GW,45.59,0.53,0.91
4.0,2016.0,Germany,DEU,Wind,1,GW,45.74,0.15,1.06
5.0,2016.0,Germany,DEU,Wind,1,GW,46.12,0.38,1.44
6.0,2016.0,Germany,DEU,Wind,1,GW,46.78,0.66,2.1
7.0,2016.0,Germany,DEU,Wind,1,GW,47.13,0.35,2.45
8.0,2016.0,Germany,DEU,Wind,1,GW,47.44,0.31,2.76
9.0,2016.0,Germany,DEU,Wind,1,GW,48.15,0.71,3.47
10.0,2016.0,Germany,DEU,Wind,1,GW,48.34,0.19,3.66
11.0,2016.0,Germany,DEU,Wind,1,GW,48.68,0.34,4.0
12.0,2016.0,Germany,DEU,Wind,1,GW,49.52,0.84,4.84
1.0,2017.0,Germany,DEU,Wind,1,GW,49.87,0.35,0.35
2.0,2017.0,Germany,DEU,Wind,1,GW,50.32,0.45,0.8
3.0,2017.0,Germany,DEU,Wind,1,GW,50.78,0.46,1.26
4.0,2017.0,Germany,DEU,Wind,1,GW,51.23,0.45,1.71
5.0,2017.0,Germany,DEU,Wind,1,GW,51.93,0.7,2.41
6.0,2017.0,Germany,DEU,Wind,1,GW,52.38,0.45,2.86
7.0,2017.0,Germany,DEU,Wind,1,GW,52.85,0.47,3.33
8.0,2017.0,Germany,DEU,Wind,1,GW,53.2,0.35,3.68
9.0,2017.0,Germany,DEU,Wind,1,GW,54.03,0.83,4.51
10.0,2017.0,Germany,DEU,Wind,1,GW,54.14,0.11,4.62
11.0,2017.0,Germany,DEU,Wind,1,GW,54.75,0.61,5.23
12.0,2017.0,Germany,DEU,Wind,1,GW,55.7,0.95,6.18
1.0,2018.0,Germany,DEU,Wind,1,GW,55.8,0.1,0.1
2.0,2018.0,Germany,DEU,Wind,1,GW,55.99,0.19,0.29
3.0,2018.0,Germany,DEU,Wind,1,GW,56.61,0.62,0.91
4.0,2018.0,Germany,DEU,Wind,1,GW,56.66,0.05,0.96
5.0,2018.0,Germany,DEU,Wind,1,GW,56.75,0.09,1.05
6.0,2018.0,Germany,DEU,Wind,1,GW,57.2,0.45,1.5
7.0,2018.0,Germany,DEU,Wind,1,GW,57.24,0.04,1.54
8.0,2018.0,Germany,DEU,Wind,1,GW,57.48,0.24,1.78
9.0,2018.0,Germany,DEU,Wind,1,GW,58.12,0.64,2.42
10.0,2018.0,Germany,DEU,Wind,1,GW,58.46,0.34,2.76
11.0,2018.0,Germany,DEU,Wind,1,GW,58.6,0.14,2.9
12.0,2018.0,Germany,DEU,Wind,1,GW,58.84,0.24,3.14
1.0,2019.0,Germany,DEU,Wind,1,GW,58.9,0.06,0.06
2.0,2019.0,Germany,DEU,Wind,1,GW,58.97,0.07,0.13
3.0,2019.0,Germany,DEU,Wind,1,GW,59.09,0.12,0.25
4.0,2019.0,Germany,DEU,Wind,1,GW,59.18,0.09,0.34
5.0,2019.0,Germany,DEU,Wind,1,GW,59.27,0.09,0.43
6.0,2019.0,Germany,DEU,Wind,1,GW,59.32,0.05,0.48
7.0,2019.0,Germany,DEU,Wind,1,GW,59.5,0.18,0.66
8.0,2019.0,Germany,DEU,Wind,1,GW,60.12,0.62,1.28
9.0,2019.0,Germany,DEU,Wind,1,GW,60.31,0.19,1.47
10.0,2019.0,Germany,DEU,Wind,1,GW,60.44,0.13,1.6
11.0,2019.0,Germany,DEU,Wind,1,GW,60.57,0.13,1.73
12.0,2019.0,Germany,DEU,Wind,1,GW,60.85,0.28,2.01
1.0,2020.0,Germany,DEU,Wind,1,GW,61.08,0.23,0.23
2.0,2020.0,Germany,DEU,Wind,1,GW,61.21,0.13,0.36
3.0,2020.0,Germany,DEU,Wind,1,GW,61.3,0.09,0.45
4.0,2020.0,Germany,DEU,Wind,1,GW,61.4,0.1,0.55
5.0,2020.0,Germany,DEU,Wind,1,GW,61.5,0.1,0.65
6.0,2020.0,Germany,DEU,Wind,1,GW,61.59,0.09,0.74
7.0,2020.0,Germany,DEU,Wind,1,GW,61.66,0.07,0.81
8.0,2020.0,Germany,DEU,Wind,1,GW,61.74,0.08,0.89
9.0,2020.0,Germany,DEU,Wind,1,GW,61.81,0.07,0.96
10.0,2020.0,Germany,DEU,Wind,1,GW,61.94,0.13,1.09
11.0,2020.0,Germany,DEU,Wind,1,GW,62.11,0.17,1.26
12.0,2020.0,Germany,DEU,Wind,1,GW,62.29,0.18,1.44
1.0,2021.0,Germany,DEU,Wind,1,GW,62.36,0.07,0.07
2.0,2021.0,Germany,DEU,Wind,1,GW,62.53,0.17,0.24
3.0,2021.0,Germany,DEU,Wind,1,GW,62.74,0.21,0.45
4.0,2021.0,Germany,DEU,Wind,1,GW,62.87,0.13,0.58
5.0,2021.0,Germany,DEU,Wind,1,GW,62.93,0.06,0.64
6.0,2021.0,Germany,DEU,Wind,1,GW,63.11,0.18,0.82
7.0,2021.0,Germany,DEU,Wind,1,GW,63.23,0.12,0.94
8.0,2021.0,Germany,DEU,Wind,1,GW,63.32,0.09,1.03
9.0,2021.0,Germany,DEU,Wind,1,GW,63.44,0.12,1.15
10.0,2021.0,Germany,DEU,Wind,1,GW,63.59,0.15,1.3
11.0,2021.0,Germany,DEU,Wind,1,GW,63.68,0.09,1.39
12.0,2021.0,Germany,DEU,Wind,1,GW,63.92,0.24,1.63
1.0,2022.0,Germany,DEU,Wind,1,GW,64.0,0.08,0.08
2.0,2022.0,Germany,DEU,Wind,1,GW,64.13,0.13,0.21
3.0,2022.0,Germany,DEU,Wind,1,GW,64.24,0.11,0.32
4.0,2022.0,Germany,DEU,Wind,1,GW,64.32,0.08,0.4
5.0,2022.0,Germany,DEU,Wind,1,GW,64.51,0.19,0.59
6.0,2022.0,Germany,DEU,Wind,1,GW,64.72,0.21,0.8
7.0,2022.0,Germany,DEU,Wind,1,GW,64.89,0.17,0.97
8.0,2022.0,Germany,DEU,Wind,1,GW,65.19,0.3,1.27
9.0,2022.0,Germany,DEU,Wind,1,GW,65.42,0.23,1.5
10.0,2022.0,Germany,DEU,Wind,1,GW,65.61,0.19,1.69
11.0,2022.0,Germany,DEU,Wind,1,GW,65.91,0.3,1.99
12.0,2022.0,Germany,DEU,Wind,1,GW,66.23,0.32,2.31
1.0,2023.0,Germany,DEU,Wind,1,GW,66.32,0.09,0.09
2.0,2023.0,Germany,DEU,Wind,1,GW,66.5,0.18,0.27
3.0,2023.0,Germany,DEU,Wind,1,GW,66.83,0.33,0.6
4.0,2023.0,Germany,DEU,Wind,1,GW,67.15,0.32,0.92
5.0,2023.0,Germany,DEU,Wind,1,GW,67.44,0.29,1.21
6.0,2023.0,Germany,DEU,Wind,1,GW,67.76,0.32,1.53
7.0,2023.0,Germany,DEU,Wind,1,GW,67.95,0.19,1.72
8.0,2023.0,Germany,DEU,Wind,1,GW,68.11,0.16,1.88
9.0,2023.0,Germany,DEU,Wind,1,GW,68.47,0.36,2.24
10.0,2023.0,Germany,DEU,Wind,1,GW,68.88,0.41,2.65
11.0,2023.0,Germany,DEU,Wind,1,GW,69.12,0.24,2.89
12.0,2023.0,Germany,DEU,Wind,1,GW,69.49,0.37,3.26
1.0,2024.0,Germany,DEU,Wind,1,GW,69.61,0.12,0.12
2.0,2024.0,Germany,DEU,Wind,1,GW,69.82,0.21,0.33
3.0,2024.0,Germany,DEU,Wind,1,GW,70.02,0.2,0.53
4.0,2024.0,Germany,DEU,Wind,1,GW,70.16,0.14,0.67
5.0,2024.0,Germany,DEU,Wind,1,GW,70.43,0.27,0.94
6.0,2024.0,Germany,DEU,Wind,1,GW,70.76,0.33,1.27
7.0,2024.0,Germany,DEU,Wind,1,GW,71.17,0.41,1.68
8.0,2024.0,Germany,DEU,Wind,1,GW,71.43,0.26,1.94
9.0,2024.0,Germany,DEU,Wind,1,GW,71.73,0.3,2.24
10.0,2024.0,Germany,DEU,Wind,1,GW,71.94,0.21,2.45
11.0,2024.0,Germany,DEU,Wind,1,GW,72.4,0.46,2.91
12.0,2024.0,Germany,DEU,Wind,1,GW,72.8,0.4,3.31
1.0,2025.0,Germany,DEU,Wind,1,GW,72.99,0.19,0.19
2.0,2025.0,Germany,DEU,Wind,1,GW,73.31,0.32,0.51
3.0,2025.0,Germany,DEU,Wind,1,GW,73.68,0.37,0.88
4.0,2025.0,Germany,DEU,Wind,1,GW,73.94,0.26,1.14
5.0,2025.0,Germany,DEU,Wind,1,GW,74.31,0.37,1.51
6.0,2025.0,Germany,DEU,Wind,1,GW,74.68,0.37,1.88
7.0,2025.0,Germany,DEU,Wind,1,GW,75.03,0.35,2.23
1.0,2016.0,Germany,DEU,Wind and solar,1,GW,84.03,0.18,0.18
2.0,2016.0,Germany,DEU,Wind and solar,1,GW,84.34,0.31,0.49
3.0,2016.0,Germany,DEU,Wind and solar,1,GW,84.94,0.6,1.09
4.0,2016.0,Germany,DEU,Wind and solar,1,GW,85.19,0.25,1.34
5.0,2016.0,Germany,DEU,Wind and solar,1,GW,85.66,0.47,1.81
6.0,2016.0,Germany,DEU,Wind and solar,1,GW,86.42,0.76,2.57
7.0,2016.0,Germany,DEU,Wind and solar,1,GW,86.85,0.43,3.0
8.0,2016.0,Germany,DEU,Wind and solar,1,GW,87.27,0.42,3.42
9.0,2016.0,Germany,DEU,Wind and solar,1,GW,88.08,0.81,4.23
10.0,2016.0,Germany,DEU,Wind and solar,1,GW,88.38,0.3,4.53
11.0,2016.0,Germany,DEU,Wind and solar,1,GW,88.88,0.5,5.03
12.0,2016.0,Germany,DEU,Wind and solar,1,GW,90.19,1.31,6.34
1.0,2017.0,Germany,DEU,Wind and solar,1,GW,90.59,0.4,0.4
2.0,2017.0,Germany,DEU,Wind and solar,1,GW,91.19,0.6,1.0
3.0,2017.0,Germany,DEU,Wind and solar,1,GW,91.76,0.57,1.57
4.0,2017.0,Germany,DEU,Wind and solar,1,GW,92.35,0.59,2.16
5.0,2017.0,Germany,DEU,Wind and solar,1,GW,93.24,0.89,3.05
6.0,2017.0,Germany,DEU,Wind and solar,1,GW,93.9,0.66,3.71
7.0,2017.0,Germany,DEU,Wind and solar,1,GW,94.51,0.61,4.32
8.0,2017.0,Germany,DEU,Wind and solar,1,GW,95.01,0.5,4.82
9.0,2017.0,Germany,DEU,Wind and solar,1,GW,95.94,0.93,5.75
10.0,2017.0,Germany,DEU,Wind and solar,1,GW,96.21,0.27,6.02
11.0,2017.0,Germany,DEU,Wind and solar,1,GW,96.93,0.72,6.74
12.0,2017.0,Germany,DEU,Wind and solar,1,GW,98.04,1.11,7.85
1.0,2018.0,Germany,DEU,Wind and solar,1,GW,98.4,0.36,0.36
2.0,2018.0,Germany,DEU,Wind and solar,1,GW,98.79,0.39,0.75
3.0,2018.0,Germany,DEU,Wind and solar,1,GW,99.57,0.78,1.53
4.0,2018.0,Germany,DEU,Wind and solar,1,GW,99.85,0.28,1.81
5.0,2018.0,Germany,DEU,Wind and solar,1,GW,100.19,0.34,2.15
6.0,2018.0,Germany,DEU,Wind and solar,1,GW,100.99,0.8,2.95
7.0,2018.0,Germany,DEU,Wind and solar,1,GW,101.34,0.35,3.3
8.0,2018.0,Germany,DEU,Wind and solar,1,GW,101.91,0.57,3.87
9.0,2018.0,Germany,DEU,Wind and solar,1,GW,102.73,0.82,4.69
10.0,2018.0,Germany,DEU,Wind and solar,1,GW,103.27,0.54,5.23
11.0,2018.0,Germany,DEU,Wind and solar,1,GW,103.61,0.34,5.57
12.0,2018.0,Germany,DEU,Wind and solar,1,GW,104.18,0.57,6.14
1.0,2019.0,Germany,DEU,Wind and solar,1,GW,105.07,0.89,0.89
2.0,2019.0,Germany,DEU,Wind and solar,1,GW,105.48,0.41,1.3
3.0,2019.0,Germany,DEU,Wind and solar,1,GW,105.92,0.44,1.74
4.0,2019.0,Germany,DEU,Wind and solar,1,GW,106.27,0.35,2.09
5.0,2019.0,Germany,DEU,Wind and solar,1,GW,106.63,0.36,2.45
6.0,2019.0,Germany,DEU,Wind and solar,1,GW,106.94,0.31,2.76
7.0,2019.0,Germany,DEU,Wind and solar,1,GW,107.39,0.45,3.21
8.0,2019.0,Germany,DEU,Wind and solar,1,GW,108.34,0.95,4.16
9.0,2019.0,Germany,DEU,Wind and solar,1,GW,108.82,0.48,4.64
10.0,2019.0,Germany,DEU,Wind and solar,1,GW,109.33,0.51,5.15
11.0,2019.0,Germany,DEU,Wind and solar,1,GW,109.68,0.35,5.5
12.0,2019.0,Germany,DEU,Wind and solar,1,GW,110.2,0.52,6.02
1.0,2020.0,Germany,DEU,Wind and solar,1,GW,110.95,0.75,0.75
2.0,2020.0,Germany,DEU,Wind and solar,1,GW,111.38,0.43,1.18
3.0,2020.0,Germany,DEU,Wind and solar,1,GW,111.83,0.45,1.63
4.0,2020.0,Germany,DEU,Wind and solar,1,GW,112.31,0.48,2.11
5.0,2020.0,Germany,DEU,Wind and solar,1,GW,112.88,0.57,2.68
6.0,2020.0,Germany,DEU,Wind and solar,1,GW,113.44,0.56,3.24
7.0,2020.0,Germany,DEU,Wind and solar,1,GW,113.92,0.48,3.72
8.0,2020.0,Germany,DEU,Wind and solar,1,GW,114.4,0.48,4.2
9.0,2020.0,Germany,DEU,Wind and solar,1,GW,114.86,0.46,4.66
10.0,2020.0,Germany,DEU,Wind and solar,1,GW,115.4,0.54,5.2
11.0,2020.0,Germany,DEU,Wind and solar,1,GW,116.09,0.69,5.89
12.0,2020.0,Germany,DEU,Wind and solar,1,GW,116.79,0.7,6.59
1.0,2021.0,Germany,DEU,Wind and solar,1,GW,117.26,0.47,0.47
2.0,2021.0,Germany,DEU,Wind and solar,1,GW,117.82,0.56,1.03
3.0,2021.0,Germany,DEU,Wind and solar,1,GW,118.7,0.88,1.91
4.0,2021.0,Germany,DEU,Wind and solar,1,GW,119.44,0.74,2.65
5.0,2021.0,Germany,DEU,Wind and solar,1,GW,119.9,0.46,3.11
6.0,2021.0,Germany,DEU,Wind and solar,1,GW,120.54,0.64,3.75
7.0,2021.0,Germany,DEU,Wind and solar,1,GW,121.17,0.63,4.38
8.0,2021.0,Germany,DEU,Wind and solar,1,GW,121.68,0.51,4.89
9.0,2021.0,Germany,DEU,Wind and solar,1,GW,122.26,0.58,5.47
10.0,2021.0,Germany,DEU,Wind and solar,1,GW,122.83,0.57,6.04
11.0,2021.0,Germany,DEU,Wind and solar,1,GW,123.29,0.46,6.5
12.0,2021.0,Germany,DEU,Wind and solar,1,GW,124.13,0.84,7.34
1.0,2022.0,Germany,DEU,Wind and solar,1,GW,124.72,0.59,0.59
2.0,2022.0,Germany,DEU,Wind and solar,1,GW,125.55,0.83,1.42
3.0,2022.0,Germany,DEU,Wind and solar,1,GW,126.5,0.95,2.37
4.0,2022.0,Germany,DEU,Wind and solar,1,GW,127.08,0.58,2.95
5.0,2022.0,Germany,DEU,Wind and solar,1,GW,127.92,0.84,3.79
6.0,2022.0,Germany,DEU,Wind and solar,1,GW,128.7,0.78,4.57
7.0,2022.0,Germany,DEU,Wind and solar,1,GW,129.37,0.67,5.24
8.0,2022.0,Germany,DEU,Wind and solar,1,GW,130.36,0.99,6.23
9.0,2022.0,Germany,DEU,Wind and solar,1,GW,131.44,1.08,7.31
10.0,2022.0,Germany,DEU,Wind and solar,1,GW,132.26,0.82,8.13
11.0,2022.0,Germany,DEU,Wind and solar,1,GW,133.22,0.96,9.09
12.0,2022.0,Germany,DEU,Wind and solar,1,GW,134.0,0.78,9.87
1.0,2023.0,Germany,DEU,Wind and solar,1,GW,135.11,1.11,1.11
2.0,2023.0,Germany,DEU,Wind and solar,1,GW,136.21,1.1,2.21
3.0,2023.0,Germany,DEU,Wind and solar,1,GW,137.81,1.6,3.81
4.0,2023.0,Germany,DEU,Wind and solar,1,GW,139.32,1.51,5.32
5.0,2023.0,Germany,DEU,Wind and solar,1,GW,140.95,1.63,6.95
6.0,2023.0,Germany,DEU,Wind and solar,1,GW,142.66,1.71,8.66
7.0,2023.0,Germany,DEU,Wind and solar,1,GW,144.36,1.7,10.36
8.0,2023.0,Germany,DEU,Wind and solar,1,GW,145.92,1.56,11.92
9.0,2023.0,Germany,DEU,Wind and solar,1,GW,147.5,1.58,13.5
10.0,2023.0,Germany,DEU,Wind and solar,1,GW,149.44,1.94,15.44
11.0,2023.0,Germany,DEU,Wind and solar,1,GW,151.12,1.68,17.12
12.0,2023.0,Germany,DEU,Wind and solar,1,GW,152.65,1.53,18.65
1.0,2024.0,Germany,DEU,Wind and solar,1,GW,154.4,1.75,1.75
2.0,2024.0,Germany,DEU,Wind and solar,1,GW,155.86,1.46,3.21
3.0,2024.0,Germany,DEU,Wind and solar,1,GW,157.48,1.62,4.83
4.0,2024.0,Germany,DEU,Wind and solar,1,GW,158.97,1.49,6.32
5.0,2024.0,Germany,DEU,Wind and solar,1,GW,160.47,1.5,7.82
6.0,2024.0,Germany,DEU,Wind and solar,1,GW,162.26,1.79,9.61
7.0,2024.0,Germany,DEU,Wind and solar,1,GW,164.33,2.07,11.68
8.0,2024.0,Germany,DEU,Wind and solar,1,GW,165.65,1.32,13.0
9.0,2024.0,Germany,DEU,Wind and solar,1,GW,167.23,1.58,14.58
10.0,2024.0,Germany,DEU,Wind and solar,1,GW,169.18,1.95,16.53
11.0,2024.0,Germany,DEU,Wind and solar,1,GW,170.88,1.7,18.23
12.0,2024.0,Germany,DEU,Wind and solar,1,GW,173.26,2.38,20.61
1.0,2025.0,Germany,DEU,Wind and solar,1,GW,174.95,1.69,1.69
2.0,2025.0,Germany,DEU,Wind and solar,1,GW,177.06,2.11,3.8
3.0,2025.0,Germany,DEU,Wind and solar,1,GW,178.27,1.21,5.01
4.0,2025.0,Germany,DEU,Wind and solar,1,GW,179.53,1.26,6.27
5.0,2025.0,Germany,DEU,Wind and solar,1,GW,181.13,1.6,7.87
6.0,2025.0,Germany,DEU,Wind and solar,1,GW,182.53,1.4,9.27
7.0,2025.0,Germany,DEU,Wind and solar,1,GW,184.21,1.68,10.95
1.0,2016.0,Denmark,DNK,Solar,0,GWAC,0.78,,
2.0,2016.0,Denmark,DNK,Solar,0,GWAC,0.78,0.0,
3.0,2016.0,Denmark,DNK,Solar,0,GWAC,0.78,0.0,
4.0,2016.0,Denmark,DNK,Solar,0,GWAC,0.78,0.0,
5.0,2016.0,Denmark,DNK,Solar,0,GWAC,0.78,0.0,
6.0,2016.0,Denmark,DNK,Solar,0,GWAC,0.78,0.0,
7.0,2016.0,Denmark,DNK,Solar,0,GWAC,0.78,0.0,
8.0,2016.0,Denmark,DNK,Solar,0,GWAC,0.79,0.01,
9.0,2016.0,Denmark,DNK,Solar,0,GWAC,0.79,0.0,
10.0,2016.0,Denmark,DNK,Solar,0,GWAC,0.79,0.0,
11.0,2016.0,Denmark,DNK,Solar,0,GWAC,0.8,0.01,
12.0,2016.0,Denmark,DNK,Solar,0,GWAC,0.84,0.04,
1.0,2017.0,Denmark,DNK,Solar,0,GWAC,0.84,0.0,0.0
2.0,2017.0,Denmark,DNK,Solar,0,GWAC,0.85,0.01,0.01
3.0,2017.0,Denmark,DNK,Solar,0,GWAC,0.85,0.0,0.01
4.0,2017.0,Denmark,DNK,Solar,0,GWAC,0.85,0.0,0.01
5.0,2017.0,Denmark,DNK,Solar,0,GWAC,0.85,0.0,0.01
6.0,2017.0,Denmark,DNK,Solar,0,GWAC,0.85,0.0,0.01
7.0,2017.0,Denmark,DNK,Solar,0,GWAC,0.85,0.0,0.01
8.0,2017.0,Denmark,DNK,Solar,0,GWAC,0.86,0.01,0.02
9.0,2017.0,Denmark,DNK,Solar,0,GWAC,0.86,0.0,0.02
10.0,2017.0,Denmark,DNK,Solar,0,GWAC,0.87,0.01,0.03
11.0,2017.0,Denmark,DNK,Solar,0,GWAC,0.87,0.0,0.03
12.0,2017.0,Denmark,DNK,Solar,0,GWAC,0.9,0.03,0.06
1.0,2018.0,Denmark,DNK,Solar,0,GWAC,0.9,0.0,0.0
2.0,2018.0,Denmark,DNK,Solar,0,GWAC,0.91,0.01,0.01
3.0,2018.0,Denmark,DNK,Solar,0,GWAC,0.92,0.01,0.02
4.0,2018.0,Denmark,DNK,Solar,0,GWAC,0.93,0.01,0.03
5.0,2018.0,Denmark,DNK,Solar,0,GWAC,0.96,0.03,0.06
6.0,2018.0,Denmark,DNK,Solar,0,GWAC,0.97,0.01,0.07
7.0,2018.0,Denmark,DNK,Solar,0,GWAC,0.97,0.0,0.07
8.0,2018.0,Denmark,DNK,Solar,0,GWAC,0.97,0.0,0.07
9.0,2018.0,Denmark,DNK,Solar,0,GWAC,0.97,0.0,0.07
10.0,2018.0,Denmark,DNK,Solar,0,GWAC,0.97,0.0,0.07
11.0,2018.0,Denmark,DNK,Solar,0,GWAC,0.99,0.02,0.09
12.0,2018.0,Denmark,DNK,Solar,0,GWAC,1.0,0.01,0.1
1.0,2019.0,Denmark,DNK,Solar,0,GWAC,1.0,0.0,0.0
2.0,2019.0,Denmark,DNK,Solar,0,GWAC,1.0,0.0,0.0
3.0,2019.0,Denmark,DNK,Solar,0,GWAC,1.0,0.0,0.0
4.0,2019.0,Denmark,DNK,Solar,0,GWAC,1.0,0.0,0.0
5.0,2019.0,Denmark,DNK,Solar,0,GWAC,1.01,0.01,0.01
6.0,2019.0,Denmark,DNK,Solar,0,GWAC,1.01,0.0,0.01
7.0,2019.0,Denmark,DNK,Solar,0,GWAC,1.01,0.0,0.01
8.0,2019.0,Denmark,DNK,Solar,0,GWAC,1.01,0.0,0.01
9.0,2019.0,Denmark,DNK,Solar,0,GWAC,1.01,0.0,0.01
10.0,2019.0,Denmark,DNK,Solar,0,GWAC,1.01,0.0,0.01
11.0,2019.0,Denmark,DNK,Solar,0,GWAC,1.02,0.01,0.02
12.0,2019.0,Denmark,DNK,Solar,0,GWAC,1.09,0.07,0.09
1.0,2020.0,Denmark,DNK,Solar,0,GWAC,1.09,0.0,0.0
2.0,2020.0,Denmark,DNK,Solar,0,GWAC,1.1,0.01,0.01
3.0,2020.0,Denmark,DNK,Solar,0,GWAC,1.11,0.01,0.02
4.0,2020.0,Denmark,DNK,Solar,0,GWAC,1.16,0.05,0.07
5.0,2020.0,Denmark,DNK,Solar,0,GWAC,1.2,0.04,0.11
6.0,2020.0,Denmark,DNK,Solar,0,GWAC,1.18,-0.02,0.09
7.0,2020.0,Denmark,DNK,Solar,0,GWAC,1.19,0.01,0.1
8.0,2020.0,Denmark,DNK,Solar,0,GWAC,1.21,0.02,0.12
9.0,2020.0,Denmark,DNK,Solar,0,GWAC,1.27,0.06,0.18
10.0,2020.0,Denmark,DNK,Solar,0,GWAC,1.27,0.0,0.18
11.0,2020.0,Denmark,DNK,Solar,0,GWAC,1.32,0.05,0.23
12.0,2020.0,Denmark,DNK,Solar,0,GWAC,1.33,0.01,0.24
1.0,2021.0,Denmark,DNK,Solar,0,GWAC,1.34,0.01,0.01
2.0,2021.0,Denmark,DNK,Solar,0,GWAC,1.34,0.0,0.01
3.0,2021.0,Denmark,DNK,Solar,0,GWAC,1.34,0.0,0.01
4.0,2021.0,Denmark,DNK,Solar,0,GWAC,1.34,0.0,0.01
5.0,2021.0,Denmark,DNK,Solar,0,GWAC,1.35,0.01,0.02
6.0,2021.0,Denmark,DNK,Solar,0,GWAC,1.35,0.0,0.02
7.0,2021.0,Denmark,DNK,Solar,0,GWAC,1.36,0.01,0.03
8.0,2021.0,Denmark,DNK,Solar,0,GWAC,1.36,0.0,0.03
9.0,2021.0,Denmark,DNK,Solar,0,GWAC,1.37,0.01,0.04
10.0,2021.0,Denmark,DNK,Solar,0,GWAC,1.53,0.16,0.2
11.0,2021.0,Denmark,DNK,Solar,0,GWAC,1.53,0.0,0.2
12.0,2021.0,Denmark,DNK,Solar,0,GWAC,1.6,0.07,0.27
1.0,2022.0,Denmark,DNK,Solar,0,GWAC,1.6,0.0,0.0
2.0,2022.0,Denmark,DNK,Solar,0,GWAC,1.69,0.09,0.09
3.0,2022.0,Denmark,DNK,Solar,0,GWAC,1.71,0.02,0.11
4.0,2022.0,Denmark,DNK,Solar,0,GWAC,1.78,0.07,0.18
5.0,2022.0,Denmark,DNK,Solar,0,GWAC,2.14,0.36,0.54
6.0,2022.0,Denmark,DNK,Solar,0,GWAC,2.31,0.17,0.71
7.0,2022.0,Denmark,DNK,Solar,0,GWAC,2.32,0.01,0.72
8.0,2022.0,Denmark,DNK,Solar,0,GWAC,2.3,-0.02,0.7
9.0,2022.0,Denmark,DNK,Solar,0,GWAC,2.34,0.04,0.74
10.0,2022.0,Denmark,DNK,Solar,0,GWAC,2.39,0.05,0.79
11.0,2022.0,Denmark,DNK,Solar,0,GWAC,2.59,0.2,0.99
12.0,2022.0,Denmark,DNK,Solar,0,GWAC,2.75,0.16,1.15
1.0,2023.0,Denmark,DNK,Solar,0,GWAC,3.16,0.41,0.41
2.0,2023.0,Denmark,DNK,Solar,0,GWAC,3.18,0.02,0.43
3.0,2023.0,Denmark,DNK,Solar,0,GWAC,3.2,0.02,0.45
4.0,2023.0,Denmark,DNK,Solar,0,GWAC,3.23,0.03,0.48
5.0,2023.0,Denmark,DNK,Solar,0,GWAC,3.25,0.02,0.5
6.0,2023.0,Denmark,DNK,Solar,0,GWAC,3.28,0.03,0.53
7.0,2023.0,Denmark,DNK,Solar,0,GWAC,3.36,0.08,0.61
8.0,2023.0,Denmark,DNK,Solar,0,GWAC,3.4,0.04,0.65
9.0,2023.0,Denmark,DNK,Solar,0,GWAC,3.47,0.07,0.72
10.0,2023.0,Denmark,DNK,Solar,0,GWAC,3.5,0.03,0.75
11.0,2023.0,Denmark,DNK,Solar,0,GWAC,3.52,0.02,0.77
12.0,2023.0,Denmark,DNK,Solar,0,GWAC,3.53,0.01,0.78
1.0,2024.0,Denmark,DNK,Solar,0,GWAC,3.54,0.01,0.01
2.0,2024.0,Denmark,DNK,Solar,0,GWAC,3.56,0.02,0.03
3.0,2024.0,Denmark,DNK,Solar,0,GWAC,3.57,0.01,0.04
4.0,2024.0,Denmark,DNK,Solar,0,GWAC,3.65,0.08,0.12
5.0,2024.0,Denmark,DNK,Solar,0,GWAC,3.67,0.02,0.14
6.0,2024.0,Denmark,DNK,Solar,0,GWAC,3.69,0.02,0.16
7.0,2024.0,Denmark,DNK,Solar,0,GWAC,3.71,0.02,0.18
8.0,2024.0,Denmark,DNK,Solar,0,GWAC,3.72,0.01,0.19
9.0,2024.0,Denmark,DNK,Solar,0,GWAC,3.77,0.05,0.24
10.0,2024.0,Denmark,DNK,Solar,0,GWAC,3.85,0.08,0.32
11.0,2024.0,Denmark,DNK,Solar,0,GWAC,3.87,0.02,0.34
12.0,2024.0,Denmark,DNK,Solar,0,GWAC,3.91,0.04,0.38
1.0,2025.0,Denmark,DNK,Solar,0,GWAC,4.15,0.24,0.24
2.0,2025.0,Denmark,DNK,Solar,0,GWAC,4.21,0.06,0.3
3.0,2025.0,Denmark,DNK,Solar,0,GWAC,4.23,0.02,0.32
4.0,2025.0,Denmark,DNK,Solar,0,GWAC,4.24,0.01,0.33
5.0,2025.0,Denmark,DNK,Solar,0,GWAC,4.4,0.16,0.49
6.0,2025.0,Denmark,DNK,Solar,0,GWAC,4.43,0.03,0.52
7.0,2025.0,Denmark,DNK,Solar,0,GWAC,4.6,0.17,0.69
1.0,2016.0,Denmark,DNK,Solar,0,GWDC,1.01,,
2.0,2016.0,Denmark,DNK,Solar,0,GWDC,1.01,0.0,
3.0,2016.0,Denmark,DNK,Solar,0,GWDC,1.01,0.0,
4.0,2016.0,Denmark,DNK,Solar,0,GWDC,1.02,0.01,
5.0,2016.0,Denmark,DNK,Solar,0,GWDC,1.02,0.0,
6.0,2016.0,Denmark,DNK,Solar,0,GWDC,1.02,0.0,
7.0,2016.0,Denmark,DNK,Solar,0,GWDC,1.02,0.0,
8.0,2016.0,Denmark,DNK,Solar,0,GWDC,1.02,0.0,
9.0,2016.0,Denmark,DNK,Solar,0,GWDC,1.02,0.0,
10.0,2016.0,Denmark,DNK,Solar,0,GWDC,1.03,0.01,
11.0,2016.0,Denmark,DNK,Solar,0,GWDC,1.03,0.0,
12.0,2016.0,Denmark,DNK,Solar,0,GWDC,1.09,0.06,
1.0,2017.0,Denmark,DNK,Solar,0,GWDC,1.1,0.01,0.01
2.0,2017.0,Denmark,DNK,Solar,0,GWDC,1.1,0.0,0.01
3.0,2017.0,Denmark,DNK,Solar,0,GWDC,1.1,0.0,0.01
4.0,2017.0,Denmark,DNK,Solar,0,GWDC,1.1,0.0,0.01
5.0,2017.0,Denmark,DNK,Solar,0,GWDC,1.11,0.01,0.02
6.0,2017.0,Denmark,DNK,Solar,0,GWDC,1.11,0.0,0.02
7.0,2017.0,Denmark,DNK,Solar,0,GWDC,1.11,0.0,0.02
8.0,2017.0,Denmark,DNK,Solar,0,GWDC,1.11,0.0,0.02
9.0,2017.0,Denmark,DNK,Solar,0,GWDC,1.12,0.01,0.03
10.0,2017.0,Denmark,DNK,Solar,0,GWDC,1.12,0.0,0.03
11.0,2017.0,Denmark,DNK,Solar,0,GWDC,1.13,0.01,0.04
12.0,2017.0,Denmark,DNK,Solar,0,GWDC,1.17,0.04,0.08
1.0,2018.0,Denmark,DNK,Solar,0,GWDC,1.18,0.01,0.01
2.0,2018.0,Denmark,DNK,Solar,0,GWDC,1.18,0.0,0.01
3.0,2018.0,Denmark,DNK,Solar,0,GWDC,1.2,0.02,0.03
4.0,2018.0,Denmark,DNK,Solar,0,GWDC,1.21,0.01,0.04
5.0,2018.0,Denmark,DNK,Solar,0,GWDC,1.25,0.04,0.08
6.0,2018.0,Denmark,DNK,Solar,0,GWDC,1.26,0.01,0.09
7.0,2018.0,Denmark,DNK,Solar,0,GWDC,1.26,0.0,0.09
8.0,2018.0,Denmark,DNK,Solar,0,GWDC,1.26,0.0,0.09
9.0,2018.0,Denmark,DNK,Solar,0,GWDC,1.26,0.0,0.09
10.0,2018.0,Denmark,DNK,Solar,0,GWDC,1.26,0.0,0.09
11.0,2018.0,Denmark,DNK,Solar,0,GWDC,1.29,0.03,0.12
12.0,2018.0,Denmark,DNK,Solar,0,GWDC,1.3,0.01,0.13
1.0,2019.0,Denmark,DNK,Solar,0,GWDC,1.3,0.0,0.0
2.0,2019.0,Denmark,DNK,Solar,0,GWDC,1.3,0.0,0.0
3.0,2019.0,Denmark,DNK,Solar,0,GWDC,1.3,0.0,0.0
4.0,2019.0,Denmark,DNK,Solar,0,GWDC,1.31,0.01,0.01
5.0,2019.0,Denmark,DNK,Solar,0,GWDC,1.31,0.0,0.01
6.0,2019.0,Denmark,DNK,Solar,0,GWDC,1.31,0.0,0.01
7.0,2019.0,Denmark,DNK,Solar,0,GWDC,1.31,0.0,0.01
8.0,2019.0,Denmark,DNK,Solar,0,GWDC,1.31,0.0,0.01
9.0,2019.0,Denmark,DNK,Solar,0,GWDC,1.32,0.01,0.02
10.0,2019.0,Denmark,DNK,Solar,0,GWDC,1.32,0.0,0.02
11.0,2019.0,Denmark,DNK,Solar,0,GWDC,1.32,0.0,0.02
12.0,2019.0,Denmark,DNK,Solar,0,GWDC,1.41,0.09,0.11
1.0,2020.0,Denmark,DNK,Solar,0,GWDC,1.42,0.01,0.01
2.0,2020.0,Denmark,DNK,Solar,0,GWDC,1.44,0.02,0.03
3.0,2020.0,Denmark,DNK,Solar,0,GWDC,1.44,0.0,0.03
4.0,2020.0,Denmark,DNK,Solar,0,GWDC,1.5,0.06,0.09
5.0,2020.0,Denmark,DNK,Solar,0,GWDC,1.56,0.06,0.15
6.0,2020.0,Denmark,DNK,Solar,0,GWDC,1.54,-0.02,0.13
7.0,2020.0,Denmark,DNK,Solar,0,GWDC,1.54,0.0,0.13
8.0,2020.0,Denmark,DNK,Solar,0,GWDC,1.58,0.04,0.17
9.0,2020.0,Denmark,DNK,Solar,0,GWDC,1.65,0.07,0.24
10.0,2020.0,Denmark,DNK,Solar,0,GWDC,1.65,0.0,0.24
11.0,2020.0,Denmark,DNK,Solar,0,GWDC,1.71,0.06,0.3
12.0,2020.0,Denmark,DNK,Solar,0,GWDC,1.74,0.03,0.33
1.0,2021.0,Denmark,DNK,Solar,0,GWDC,1.74,0.0,0.0
2.0,2021.0,Denmark,DNK,Solar,0,GWDC,1.74,0.0,0.0
3.0,2021.0,Denmark,DNK,Solar,0,GWDC,1.74,0.0,0.0
4.0,2021.0,Denmark,DNK,Solar,0,GWDC,1.75,0.01,0.01
5.0,2021.0,Denmark,DNK,Solar,0,GWDC,1.76,0.01,0.02
6.0,2021.0,Denmark,DNK,Solar,0,GWDC,1.76,0.0,0.02
7.0,2021.0,Denmark,DNK,Solar,0,GWDC,1.77,0.01,0.03
8.0,2021.0,Denmark,DNK,Solar,0,GWDC,1.77,0.0,0.03
9.0,2021.0,Denmark,DNK,Solar,0,GWDC,1.78,0.01,0.04
10.0,2021.0,Denmark,DNK,Solar,0,GWDC,1.99,0.21,0.25
11.0,2021.0,Denmark,DNK,Solar,0,GWDC,1.99,0.0,0.25
12.0,2021.0,Denmark,DNK,Solar,0,GWDC,2.08,0.09,0.34
1.0,2022.0,Denmark,DNK,Solar,0,GWDC,2.09,0.01,0.01
2.0,2022.0,Denmark,DNK,Solar,0,GWDC,2.19,0.1,0.11
3.0,2022.0,Denmark,DNK,Solar,0,GWDC,2.22,0.03,0.14
4.0,2022.0,Denmark,DNK,Solar,0,GWDC,2.31,0.09,0.23
5.0,2022.0,Denmark,DNK,Solar,0,GWDC,2.78,0.47,0.7
6.0,2022.0,Denmark,DNK,Solar,0,GWDC,3.0,0.22,0.92
7.0,2022.0,Denmark,DNK,Solar,0,GWDC,3.01,0.01,0.93
8.0,2022.0,Denmark,DNK,Solar,0,GWDC,2.99,-0.02,0.91
9.0,2022.0,Denmark,DNK,Solar,0,GWDC,3.04,0.05,0.96
10.0,2022.0,Denmark,DNK,Solar,0,GWDC,3.11,0.07,1.03
11.0,2022.0,Denmark,DNK,Solar,0,GWDC,3.36,0.25,1.28
12.0,2022.0,Denmark,DNK,Solar,0,GWDC,3.58,0.22,1.5
1.0,2023.0,Denmark,DNK,Solar,0,GWDC,4.11,0.53,0.53
2.0,2023.0,Denmark,DNK,Solar,0,GWDC,4.14,0.03,0.56
3.0,2023.0,Denmark,DNK,Solar,0,GWDC,4.16,0.02,0.58
4.0,2023.0,Denmark,DNK,Solar,0,GWDC,4.2,0.04,0.62
5.0,2023.0,Denmark,DNK,Solar,0,GWDC,4.23,0.03,0.65
6.0,2023.0,Denmark,DNK,Solar,0,GWDC,4.26,0.03,0.68
7.0,2023.0,Denmark,DNK,Solar,0,GWDC,4.36,0.1,0.78
8.0,2023.0,Denmark,DNK,Solar,0,GWDC,4.42,0.06,0.84
9.0,2023.0,Denmark,DNK,Solar,0,GWDC,4.51,0.09,0.93
10.0,2023.0,Denmark,DNK,Solar,0,GWDC,4.55,0.04,0.97
11.0,2023.0,Denmark,DNK,Solar,0,GWDC,4.57,0.02,0.99
12.0,2023.0,Denmark,DNK,Solar,0,GWDC,4.59,0.02,1.01
1.0,2024.0,Denmark,DNK,Solar,0,GWDC,4.6,0.01,0.01
2.0,2024.0,Denmark,DNK,Solar,0,GWDC,4.62,0.02,0.03
3.0,2024.0,Denmark,DNK,Solar,0,GWDC,4.64,0.02,0.05
4.0,2024.0,Denmark,DNK,Solar,0,GWDC,4.75,0.11,0.16
5.0,2024.0,Denmark,DNK,Solar,0,GWDC,4.77,0.02,0.18
6.0,2024.0,Denmark,DNK,Solar,0,GWDC,4.8,0.03,0.21
7.0,2024.0,Denmark,DNK,Solar,0,GWDC,4.82,0.02,0.23
8.0,2024.0,Denmark,DNK,Solar,0,GWDC,4.84,0.02,0.25
9.0,2024.0,Denmark,DNK,Solar,0,GWDC,4.9,0.06,0.31
10.0,2024.0,Denmark,DNK,Solar,0,GWDC,5.01,0.11,0.42
11.0,2024.0,Denmark,DNK,Solar,0,GWDC,5.04,0.03,0.45
12.0,2024.0,Denmark,DNK,Solar,0,GWDC,5.09,0.05,0.5
1.0,2025.0,Denmark,DNK,Solar,0,GWDC,5.39,0.3,0.3
2.0,2025.0,Denmark,DNK,Solar,0,GWDC,5.48,0.09,0.39
3.0,2025.0,Denmark,DNK,Solar,0,GWDC,5.5,0.02,0.41
4.0,2025.0,Denmark,DNK,Solar,0,GWDC,5.52,0.02,0.43
5.0,2025.0,Denmark,DNK,Solar,0,GWDC,5.72,0.2,0.63
6.0,2025.0,Denmark,DNK,Solar,0,GWDC,5.76,0.04,0.67
7.0,2025.0,Denmark,DNK,Solar,0,GWDC,5.98,0.22,0.89
1.0,2016.0,Denmark,DNK,Wind offshore,0,GW,1.27,,
2.0,2016.0,Denmark,DNK,Wind offshore,0,GW,1.27,0.0,
3.0,2016.0,Denmark,DNK,Wind offshore,0,GW,1.27,0.0,
4.0,2016.0,Denmark,DNK,Wind offshore,0,GW,1.27,0.0,
5.0,2016.0,Denmark,DNK,Wind offshore,0,GW,1.27,0.0,
6.0,2016.0,Denmark,DNK,Wind offshore,0,GW,1.27,0.0,
7.0,2016.0,Denmark,DNK,Wind offshore,0,GW,1.27,0.0,
8.0,2016.0,Denmark,DNK,Wind offshore,0,GW,1.27,0.0,
9.0,2016.0,Denmark,DNK,Wind offshore,0,GW,1.27,0.0,
10.0,2016.0,Denmark,DNK,Wind offshore,0,GW,1.27,0.0,
11.0,2016.0,Denmark,DNK,Wind offshore,0,GW,1.27,0.0,
12.0,2016.0,Denmark,DNK,Wind offshore,0,GW,1.27,0.0,
1.0,2017.0,Denmark,DNK,Wind offshore,0,GW,1.27,0.0,0.0
2.0,2017.0,Denmark,DNK,Wind offshore,0,GW,1.27,0.0,0.0
3.0,2017.0,Denmark,DNK,Wind offshore,0,GW,1.27,0.0,0.0
4.0,2017.0,Denmark,DNK,Wind offshore,0,GW,1.27,0.0,0.0
5.0,2017.0,Denmark,DNK,Wind offshore,0,GW,1.27,0.0,0.0
6.0,2017.0,Denmark,DNK,Wind offshore,0,GW,1.27,0.0,0.0
7.0,2017.0,Denmark,DNK,Wind offshore,0,GW,1.27,0.0,0.0
8.0,2017.0,Denmark,DNK,Wind offshore,0,GW,1.27,0.0,0.0
9.0,2017.0,Denmark,DNK,Wind offshore,0,GW,1.27,0.0,0.0
10.0,2017.0,Denmark,DNK,Wind offshore,0,GW,1.27,0.0,0.0
11.0,2017.0,Denmark,DNK,Wind offshore,0,GW,1.27,0.0,0.0
12.0,2017.0,Denmark,DNK,Wind offshore,0,GW,1.26,-0.01,-0.01
1.0,2018.0,Denmark,DNK,Wind offshore,0,GW,1.27,0.01,0.01
2.0,2018.0,Denmark,DNK,Wind offshore,0,GW,1.29,0.02,0.03
3.0,2018.0,Denmark,DNK,Wind offshore,0,GW,1.29,0.0,0.03
4.0,2018.0,Denmark,DNK,Wind offshore,0,GW,1.29,0.0,0.03
5.0,2018.0,Denmark,DNK,Wind offshore,0,GW,1.29,0.0,0.03
6.0,2018.0,Denmark,DNK,Wind offshore,0,GW,1.29,0.0,0.03
7.0,2018.0,Denmark,DNK,Wind offshore,0,GW,1.29,0.0,0.03
8.0,2018.0,Denmark,DNK,Wind offshore,0,GW,1.29,0.0,0.03
9.0,2018.0,Denmark,DNK,Wind offshore,0,GW,1.29,0.0,0.03
10.0,2018.0,Denmark,DNK,Wind offshore,0,GW,1.29,0.0,0.03
11.0,2018.0,Denmark,DNK,Wind offshore,0,GW,1.29,0.0,0.03
12.0,2018.0,Denmark,DNK,Wind offshore,0,GW,1.7,0.41,0.44
1.0,2019.0,Denmark,DNK,Wind offshore,0,GW,1.7,0.0,0.0
2.0,2019.0,Denmark,DNK,Wind offshore,0,GW,1.7,0.0,0.0
3.0,2019.0,Denmark,DNK,Wind offshore,0,GW,1.7,0.0,0.0
4.0,2019.0,Denmark,DNK,Wind offshore,0,GW,1.7,0.0,0.0
5.0,2019.0,Denmark,DNK,Wind offshore,0,GW,1.7,0.0,0.0
6.0,2019.0,Denmark,DNK,Wind offshore,0,GW,1.7,0.0,0.0
7.0,2019.0,Denmark,DNK,Wind offshore,0,GW,1.7,0.0,0.0
8.0,2019.0,Denmark,DNK,Wind offshore,0,GW,1.7,0.0,0.0
9.0,2019.0,Denmark,DNK,Wind offshore,0,GW,1.7,0.0,0.0
10.0,2019.0,Denmark,DNK,Wind offshore,0,GW,1.7,0.0,0.0
11.0,2019.0,Denmark,DNK,Wind offshore,0,GW,1.7,0.0,0.0
12.0,2019.0,Denmark,DNK,Wind offshore,0,GW,1.7,0.0,0.0
1.0,2020.0,Denmark,DNK,Wind offshore,0,GW,1.7,0.0,0.0
2.0,2020.0,Denmark,DNK,Wind offshore,0,GW,1.7,0.0,0.0
3.0,2020.0,Denmark,DNK,Wind offshore,0,GW,1.7,0.0,0.0
4.0,2020.0,Denmark,DNK,Wind offshore,0,GW,1.7,0.0,0.0
5.0,2020.0,Denmark,DNK,Wind offshore,0,GW,1.7,0.0,0.0
6.0,2020.0,Denmark,DNK,Wind offshore,0,GW,1.7,0.0,0.0
7.0,2020.0,Denmark,DNK,Wind offshore,0,GW,1.7,0.0,0.0
8.0,2020.0,Denmark,DNK,Wind offshore,0,GW,1.7,0.0,0.0
9.0,2020.0,Denmark,DNK,Wind offshore,0,GW,1.7,0.0,0.0
10.0,2020.0,Denmark,DNK,Wind offshore,0,GW,2.31,0.61,0.61
11.0,2020.0,Denmark,DNK,Wind offshore,0,GW,2.31,0.0,0.61
12.0,2020.0,Denmark,DNK,Wind offshore,0,GW,2.31,0.0,0.61
1.0,2021.0,Denmark,DNK,Wind offshore,0,GW,1.92,-0.39,-0.39
2.0,2021.0,Denmark,DNK,Wind offshore,0,GW,2.03,0.11,-0.28
3.0,2021.0,Denmark,DNK,Wind offshore,0,GW,2.15,0.12,-0.16
4.0,2021.0,Denmark,DNK,Wind offshore,0,GW,2.31,0.16,0.0
5.0,2021.0,Denmark,DNK,Wind offshore,0,GW,2.31,0.0,0.0
6.0,2021.0,Denmark,DNK,Wind offshore,0,GW,2.31,0.0,0.0
7.0,2021.0,Denmark,DNK,Wind offshore,0,GW,2.31,0.0,0.0
8.0,2021.0,Denmark,DNK,Wind offshore,0,GW,2.31,0.0,0.0
9.0,2021.0,Denmark,DNK,Wind offshore,0,GW,2.31,0.0,0.0
10.0,2021.0,Denmark,DNK,Wind offshore,0,GW,2.31,0.0,0.0
11.0,2021.0,Denmark,DNK,Wind offshore,0,GW,2.31,0.0,0.0
12.0,2021.0,Denmark,DNK,Wind offshore,0,GW,2.31,0.0,0.0
1.0,2022.0,Denmark,DNK,Wind offshore,0,GW,2.31,0.0,0.0
2.0,2022.0,Denmark,DNK,Wind offshore,0,GW,2.31,0.0,0.0
3.0,2022.0,Denmark,DNK,Wind offshore,0,GW,2.31,0.0,0.0
4.0,2022.0,Denmark,DNK,Wind offshore,0,GW,2.31,0.0,0.0
5.0,2022.0,Denmark,DNK,Wind offshore,0,GW,2.31,0.0,0.0
6.0,2022.0,Denmark,DNK,Wind offshore,0,GW,2.31,0.0,0.0
7.0,2022.0,Denmark,DNK,Wind offshore,0,GW,2.31,0.0,0.0
8.0,2022.0,Denmark,DNK,Wind offshore,0,GW,2.3,-0.01,-0.01
9.0,2022.0,Denmark,DNK,Wind offshore,0,GW,2.3,0.0,-0.01
10.0,2022.0,Denmark,DNK,Wind offshore,0,GW,2.3,0.0,-0.01
11.0,2022.0,Denmark,DNK,Wind offshore,0,GW,2.3,0.0,-0.01
12.0,2022.0,Denmark,DNK,Wind offshore,0,GW,2.3,0.0,-0.01
1.0,2023.0,Denmark,DNK,Wind offshore,0,GW,2.3,0.0,0.0
2.0,2023.0,Denmark,DNK,Wind offshore,0,GW,2.3,0.0,0.0
3.0,2023.0,Denmark,DNK,Wind offshore,0,GW,2.3,0.0,0.0
4.0,2023.0,Denmark,DNK,Wind offshore,0,GW,2.3,0.0,0.0
5.0,2023.0,Denmark,DNK,Wind offshore,0,GW,2.3,0.0,0.0
6.0,2023.0,Denmark,DNK,Wind offshore,0,GW,2.3,0.0,0.0
7.0,2023.0,Denmark,DNK,Wind offshore,0,GW,2.3,0.0,0.0
8.0,2023.0,Denmark,DNK,Wind offshore,0,GW,2.3,0.0,0.0
9.0,2023.0,Denmark,DNK,Wind offshore,0,GW,2.3,0.0,0.0
10.0,2023.0,Denmark,DNK,Wind offshore,0,GW,2.3,0.0,0.0
11.0,2023.0,Denmark,DNK,Wind offshore,0,GW,2.3,0.0,0.0
12.0,2023.0,Denmark,DNK,Wind offshore,0,GW,2.47,0.17,0.17
1.0,2024.0,Denmark,DNK,Wind offshore,0,GW,2.47,0.0,0.0
2.0,2024.0,Denmark,DNK,Wind offshore,0,GW,2.47,0.0,0.0
3.0,2024.0,Denmark,DNK,Wind offshore,0,GW,2.65,0.18,0.18
4.0,2024.0,Denmark,DNK,Wind offshore,0,GW,2.65,0.0,0.18
5.0,2024.0,Denmark,DNK,Wind offshore,0,GW,2.65,0.0,0.18
6.0,2024.0,Denmark,DNK,Wind offshore,0,GW,2.65,0.0,0.18
7.0,2024.0,Denmark,DNK,Wind offshore,0,GW,2.65,0.0,0.18
8.0,2024.0,Denmark,DNK,Wind offshore,0,GW,2.65,0.0,0.18
9.0,2024.0,Denmark,DNK,Wind offshore,0,GW,2.65,0.0,0.18
10.0,2024.0,Denmark,DNK,Wind offshore,0,GW,2.65,0.0,0.18
11.0,2024.0,Denmark,DNK,Wind offshore,0,GW,2.65,0.0,0.18
12.0,2024.0,Denmark,DNK,Wind offshore,0,GW,2.65,0.0,0.18
1.0,2025.0,Denmark,DNK,Wind offshore,0,GW,2.65,0.0,0.0
2.0,2025.0,Denmark,DNK,Wind offshore,0,GW,2.65,0.0,0.0
3.0,2025.0,Denmark,DNK,Wind offshore,0,GW,2.65,0.0,0.0
4.0,2025.0,Denmark,DNK,Wind offshore,0,GW,2.65,0.0,0.0
5.0,2025.0,Denmark,DNK,Wind offshore,0,GW,2.65,0.0,0.0
6.0,2025.0,Denmark,DNK,Wind offshore,0,GW,2.65,0.0,0.0
7.0,2025.0,Denmark,DNK,Wind offshore,0,GW,2.65,0.0,0.0
1.0,2016.0,Denmark,DNK,Wind onshore,0,GW,3.81,,
2.0,2016.0,Denmark,DNK,Wind onshore,0,GW,3.82,0.01,
3.0,2016.0,Denmark,DNK,Wind onshore,0,GW,3.82,0.0,
4.0,2016.0,Denmark,DNK,Wind onshore,0,GW,3.83,0.01,
5.0,2016.0,Denmark,DNK,Wind onshore,0,GW,3.83,0.0,
6.0,2016.0,Denmark,DNK,Wind onshore,0,GW,3.83,0.0,
7.0,2016.0,Denmark,DNK,Wind onshore,0,GW,3.86,0.03,
8.0,2016.0,Denmark,DNK,Wind onshore,0,GW,3.88,0.02,
9.0,2016.0,Denmark,DNK,Wind onshore,0,GW,3.89,0.01,
10.0,2016.0,Denmark,DNK,Wind onshore,0,GW,3.89,0.0,
11.0,2016.0,Denmark,DNK,Wind onshore,0,GW,3.93,0.04,
12.0,2016.0,Denmark,DNK,Wind onshore,0,GW,3.98,0.05,
1.0,2017.0,Denmark,DNK,Wind onshore,0,GW,3.98,0.0,0.0
2.0,2017.0,Denmark,DNK,Wind onshore,0,GW,3.97,-0.01,-0.01
3.0,2017.0,Denmark,DNK,Wind onshore,0,GW,4.0,0.03,0.02
4.0,2017.0,Denmark,DNK,Wind onshore,0,GW,4.0,0.0,0.02
5.0,2017.0,Denmark,DNK,Wind onshore,0,GW,4.01,0.01,0.03
6.0,2017.0,Denmark,DNK,Wind onshore,0,GW,4.04,0.03,0.06
7.0,2017.0,Denmark,DNK,Wind onshore,0,GW,4.04,0.0,0.06
8.0,2017.0,Denmark,DNK,Wind onshore,0,GW,4.04,0.0,0.06
9.0,2017.0,Denmark,DNK,Wind onshore,0,GW,4.06,0.02,0.08
10.0,2017.0,Denmark,DNK,Wind onshore,0,GW,4.03,-0.03,0.05
11.0,2017.0,Denmark,DNK,Wind onshore,0,GW,4.05,0.02,0.07
12.0,2017.0,Denmark,DNK,Wind onshore,0,GW,4.23,0.18,0.25
1.0,2018.0,Denmark,DNK,Wind onshore,0,GW,4.31,0.08,0.08
2.0,2018.0,Denmark,DNK,Wind onshore,0,GW,4.42,0.11,0.19
3.0,2018.0,Denmark,DNK,Wind onshore,0,GW,4.42,0.0,0.19
4.0,2018.0,Denmark,DNK,Wind onshore,0,GW,4.42,0.0,0.19
5.0,2018.0,Denmark,DNK,Wind onshore,0,GW,4.41,-0.01,0.18
6.0,2018.0,Denmark,DNK,Wind onshore,0,GW,4.41,0.0,0.18
7.0,2018.0,Denmark,DNK,Wind onshore,0,GW,4.41,0.0,0.18
8.0,2018.0,Denmark,DNK,Wind onshore,0,GW,4.41,0.0,0.18
9.0,2018.0,Denmark,DNK,Wind onshore,0,GW,4.42,0.01,0.19
10.0,2018.0,Denmark,DNK,Wind onshore,0,GW,4.43,0.01,0.2
11.0,2018.0,Denmark,DNK,Wind onshore,0,GW,4.43,0.0,0.2
12.0,2018.0,Denmark,DNK,Wind onshore,0,GW,4.43,0.0,0.2
1.0,2019.0,Denmark,DNK,Wind onshore,0,GW,4.41,-0.02,-0.02
2.0,2019.0,Denmark,DNK,Wind onshore,0,GW,4.41,0.0,-0.02
3.0,2019.0,Denmark,DNK,Wind onshore,0,GW,4.41,0.0,-0.02
4.0,2019.0,Denmark,DNK,Wind onshore,0,GW,4.41,0.0,-0.02
5.0,2019.0,Denmark,DNK,Wind onshore,0,GW,4.41,0.0,-0.02
6.0,2019.0,Denmark,DNK,Wind onshore,0,GW,4.41,0.0,-0.02
7.0,2019.0,Denmark,DNK,Wind onshore,0,GW,4.4,-0.01,-0.03
8.0,2019.0,Denmark,DNK,Wind onshore,0,GW,4.4,0.0,-0.03
9.0,2019.0,Denmark,DNK,Wind onshore,0,GW,4.4,0.0,-0.03
10.0,2019.0,Denmark,DNK,Wind onshore,0,GW,4.4,0.0,-0.03
11.0,2019.0,Denmark,DNK,Wind onshore,0,GW,4.39,-0.01,-0.04
12.0,2019.0,Denmark,DNK,Wind onshore,0,GW,4.41,0.02,-0.02
1.0,2020.0,Denmark,DNK,Wind onshore,0,GW,4.41,0.0,0.0
2.0,2020.0,Denmark,DNK,Wind onshore,0,GW,4.45,0.04,0.04
3.0,2020.0,Denmark,DNK,Wind onshore,0,GW,4.48,0.03,0.07
4.0,2020.0,Denmark,DNK,Wind onshore,0,GW,4.5,0.02,0.09
5.0,2020.0,Denmark,DNK,Wind onshore,0,GW,4.5,0.0,0.09
6.0,2020.0,Denmark,DNK,Wind onshore,0,GW,4.49,-0.01,0.08
7.0,2020.0,Denmark,DNK,Wind onshore,0,GW,4.49,0.0,0.08
8.0,2020.0,Denmark,DNK,Wind onshore,0,GW,4.49,0.0,0.08
9.0,2020.0,Denmark,DNK,Wind onshore,0,GW,4.49,0.0,0.08
10.0,2020.0,Denmark,DNK,Wind onshore,0,GW,4.54,0.05,0.13
11.0,2020.0,Denmark,DNK,Wind onshore,0,GW,4.57,0.03,0.16
12.0,2020.0,Denmark,DNK,Wind onshore,0,GW,4.57,0.0,0.16
1.0,2021.0,Denmark,DNK,Wind onshore,0,GW,4.6,0.03,0.03
2.0,2021.0,Denmark,DNK,Wind onshore,0,GW,4.62,0.02,0.05
3.0,2021.0,Denmark,DNK,Wind onshore,0,GW,4.6,-0.02,0.03
4.0,2021.0,Denmark,DNK,Wind onshore,0,GW,4.6,0.0,0.03
5.0,2021.0,Denmark,DNK,Wind onshore,0,GW,4.6,0.0,0.03
6.0,2021.0,Denmark,DNK,Wind onshore,0,GW,4.6,0.0,0.03
7.0,2021.0,Denmark,DNK,Wind onshore,0,GW,4.6,0.0,0.03
8.0,2021.0,Denmark,DNK,Wind onshore,0,GW,4.6,0.0,0.03
9.0,2021.0,Denmark,DNK,Wind onshore,0,GW,4.64,0.04,0.07
10.0,2021.0,Denmark,DNK,Wind onshore,0,GW,4.64,0.0,0.07
11.0,2021.0,Denmark,DNK,Wind onshore,0,GW,4.64,0.0,0.07
12.0,2021.0,Denmark,DNK,Wind onshore,0,GW,4.72,0.08,0.15
1.0,2022.0,Denmark,DNK,Wind onshore,0,GW,4.72,0.0,0.0
2.0,2022.0,Denmark,DNK,Wind onshore,0,GW,4.73,0.01,0.01
3.0,2022.0,Denmark,DNK,Wind onshore,0,GW,4.73,0.0,0.01
4.0,2022.0,Denmark,DNK,Wind onshore,0,GW,4.71,-0.02,-0.01
5.0,2022.0,Denmark,DNK,Wind onshore,0,GW,4.71,0.0,-0.01
6.0,2022.0,Denmark,DNK,Wind onshore,0,GW,4.71,0.0,-0.01
7.0,2022.0,Denmark,DNK,Wind onshore,0,GW,4.71,0.0,-0.01
8.0,2022.0,Denmark,DNK,Wind onshore,0,GW,4.7,-0.01,-0.02
9.0,2022.0,Denmark,DNK,Wind onshore,0,GW,4.69,-0.01,-0.03
10.0,2022.0,Denmark,DNK,Wind onshore,0,GW,4.71,0.02,-0.01
11.0,2022.0,Denmark,DNK,Wind onshore,0,GW,4.72,0.01,0.0
12.0,2022.0,Denmark,DNK,Wind onshore,0,GW,4.72,0.0,0.0
1.0,2023.0,Denmark,DNK,Wind onshore,0,GW,4.79,0.07,0.07
2.0,2023.0,Denmark,DNK,Wind onshore,0,GW,4.79,0.0,0.07
3.0,2023.0,Denmark,DNK,Wind onshore,0,GW,4.79,0.0,0.07
4.0,2023.0,Denmark,DNK,Wind onshore,0,GW,4.8,0.01,0.08
5.0,2023.0,Denmark,DNK,Wind onshore,0,GW,4.8,0.0,0.08
6.0,2023.0,Denmark,DNK,Wind onshore,0,GW,4.8,0.0,0.08
7.0,2023.0,Denmark,DNK,Wind onshore,0,GW,4.8,0.0,0.08
8.0,2023.0,Denmark,DNK,Wind onshore,0,GW,4.8,0.0,0.08
9.0,2023.0,Denmark,DNK,Wind onshore,0,GW,4.8,0.0,0.08
10.0,2023.0,Denmark,DNK,Wind onshore,0,GW,4.8,0.0,0.08
11.0,2023.0,Denmark,DNK,Wind onshore,0,GW,4.8,0.0,0.08
12.0,2023.0,Denmark,DNK,Wind onshore,0,GW,4.8,0.0,0.08
1.0,2024.0,Denmark,DNK,Wind onshore,0,GW,4.8,0.0,0.0
2.0,2024.0,Denmark,DNK,Wind onshore,0,GW,4.8,0.0,0.0
3.0,2024.0,Denmark,DNK,Wind onshore,0,GW,4.85,0.05,0.05
4.0,2024.0,Denmark,DNK,Wind onshore,0,GW,4.85,0.0,0.05
5.0,2024.0,Denmark,DNK,Wind onshore,0,GW,4.85,0.0,0.05
6.0,2024.0,Denmark,DNK,Wind onshore,0,GW,4.85,0.0,0.05
7.0,2024.0,Denmark,DNK,Wind onshore,0,GW,4.87,0.02,0.07
8.0,2024.0,Denmark,DNK,Wind onshore,0,GW,4.89,0.02,0.09
9.0,2024.0,Denmark,DNK,Wind onshore,0,GW,4.89,0.0,0.09
10.0,2024.0,Denmark,DNK,Wind onshore,0,GW,4.88,-0.01,0.08
11.0,2024.0,Denmark,DNK,Wind onshore,0,GW,4.87,-0.01,0.07
12.0,2024.0,Denmark,DNK,Wind onshore,0,GW,4.86,-0.01,0.06
1.0,2025.0,Denmark,DNK,Wind onshore,0,GW,4.86,0.0,0.0
2.0,2025.0,Denmark,DNK,Wind onshore,0,GW,4.89,0.03,0.03
3.0,2025.0,Denmark,DNK,Wind onshore,0,GW,4.88,-0.01,0.02
4.0,2025.0,Denmark,DNK,Wind onshore,0,GW,4.86,-0.02,0.0
5.0,2025.0,Denmark,DNK,Wind onshore,0,GW,4.86,0.0,0.0
6.0,2025.0,Denmark,DNK,Wind onshore,0,GW,4.86,0.0,0.0
7.0,2025.0,Denmark,DNK,Wind onshore,0,GW,4.86,0.0,0.0
1.0,2016.0,Denmark,DNK,Wind,1,GW,5.08,,
2.0,2016.0,Denmark,DNK,Wind,1,GW,5.09,0.01,
3.0,2016.0,Denmark,DNK,Wind,1,GW,5.09,0.0,
4.0,2016.0,Denmark,DNK,Wind,1,GW,5.1,0.01,
5.0,2016.0,Denmark,DNK,Wind,1,GW,5.1,0.0,
6.0,2016.0,Denmark,DNK,Wind,1,GW,5.1,0.0,
7.0,2016.0,Denmark,DNK,Wind,1,GW,5.13,0.03,
8.0,2016.0,Denmark,DNK,Wind,1,GW,5.15,0.02,
9.0,2016.0,Denmark,DNK,Wind,1,GW,5.16,0.01,
10.0,2016.0,Denmark,DNK,Wind,1,GW,5.16,0.0,
11.0,2016.0,Denmark,DNK,Wind,1,GW,5.2,0.04,
12.0,2016.0,Denmark,DNK,Wind,1,GW,5.25,0.05,
1.0,2017.0,Denmark,DNK,Wind,1,GW,5.25,0.0,0.0
2.0,2017.0,Denmark,DNK,Wind,1,GW,5.24,-0.01,-0.01
3.0,2017.0,Denmark,DNK,Wind,1,GW,5.26,0.02,0.01
4.0,2017.0,Denmark,DNK,Wind,1,GW,5.27,0.01,0.02
5.0,2017.0,Denmark,DNK,Wind,1,GW,5.27,0.0,0.02
6.0,2017.0,Denmark,DNK,Wind,1,GW,5.3,0.03,0.05
7.0,2017.0,Denmark,DNK,Wind,1,GW,5.3,0.0,0.05
8.0,2017.0,Denmark,DNK,Wind,1,GW,5.31,0.01,0.06
9.0,2017.0,Denmark,DNK,Wind,1,GW,5.33,0.02,0.08
10.0,2017.0,Denmark,DNK,Wind,1,GW,5.29,-0.04,0.04
11.0,2017.0,Denmark,DNK,Wind,1,GW,5.31,0.02,0.06
12.0,2017.0,Denmark,DNK,Wind,1,GW,5.49,0.18,0.24
1.0,2018.0,Denmark,DNK,Wind,1,GW,5.58,0.09,0.09
2.0,2018.0,Denmark,DNK,Wind,1,GW,5.72,0.14,0.23
3.0,2018.0,Denmark,DNK,Wind,1,GW,5.72,0.0,0.23
4.0,2018.0,Denmark,DNK,Wind,1,GW,5.72,0.0,0.23
5.0,2018.0,Denmark,DNK,Wind,1,GW,5.71,-0.01,0.22
6.0,2018.0,Denmark,DNK,Wind,1,GW,5.71,0.0,0.22
7.0,2018.0,Denmark,DNK,Wind,1,GW,5.71,0.0,0.22
8.0,2018.0,Denmark,DNK,Wind,1,GW,5.71,0.0,0.22
9.0,2018.0,Denmark,DNK,Wind,1,GW,5.72,0.01,0.23
10.0,2018.0,Denmark,DNK,Wind,1,GW,5.73,0.01,0.24
11.0,2018.0,Denmark,DNK,Wind,1,GW,5.73,0.0,0.24
12.0,2018.0,Denmark,DNK,Wind,1,GW,6.13,0.4,0.64
1.0,2019.0,Denmark,DNK,Wind,1,GW,6.11,-0.02,-0.02
2.0,2019.0,Denmark,DNK,Wind,1,GW,6.11,0.0,-0.02
3.0,2019.0,Denmark,DNK,Wind,1,GW,6.11,0.0,-0.02
4.0,2019.0,Denmark,DNK,Wind,1,GW,6.11,0.0,-0.02
5.0,2019.0,Denmark,DNK,Wind,1,GW,6.11,0.0,-0.02
6.0,2019.0,Denmark,DNK,Wind,1,GW,6.11,0.0,-0.02
7.0,2019.0,Denmark,DNK,Wind,1,GW,6.1,-0.01,-0.03
8.0,2019.0,Denmark,DNK,Wind,1,GW,6.1,0.0,-0.03
9.0,2019.0,Denmark,DNK,Wind,1,GW,6.1,0.0,-0.03
10.0,2019.0,Denmark,DNK,Wind,1,GW,6.1,0.0,-0.03
11.0,2019.0,Denmark,DNK,Wind,1,GW,6.1,0.0,-0.03
12.0,2019.0,Denmark,DNK,Wind,1,GW,6.11,0.01,-0.02
1.0,2020.0,Denmark,DNK,Wind,1,GW,6.12,0.01,0.01
2.0,2020.0,Denmark,DNK,Wind,1,GW,6.15,0.03,0.04
3.0,2020.0,Denmark,DNK,Wind,1,GW,6.18,0.03,0.07
4.0,2020.0,Denmark,DNK,Wind,1,GW,6.2,0.02,0.09
5.0,2020.0,Denmark,DNK,Wind,1,GW,6.2,0.0,0.09
6.0,2020.0,Denmark,DNK,Wind,1,GW,6.19,-0.01,0.08
7.0,2020.0,Denmark,DNK,Wind,1,GW,6.19,0.0,0.08
8.0,2020.0,Denmark,DNK,Wind,1,GW,6.19,0.0,0.08
9.0,2020.0,Denmark,DNK,Wind,1,GW,6.19,0.0,0.08
10.0,2020.0,Denmark,DNK,Wind,1,GW,6.85,0.66,0.74
11.0,2020.0,Denmark,DNK,Wind,1,GW,6.87,0.02,0.76
12.0,2020.0,Denmark,DNK,Wind,1,GW,6.87,0.0,0.76
1.0,2021.0,Denmark,DNK,Wind,1,GW,6.51,-0.36,-0.36
2.0,2021.0,Denmark,DNK,Wind,1,GW,6.64,0.13,-0.23
3.0,2021.0,Denmark,DNK,Wind,1,GW,6.74,0.1,-0.13
4.0,2021.0,Denmark,DNK,Wind,1,GW,6.9,0.16,0.03
5.0,2021.0,Denmark,DNK,Wind,1,GW,6.9,0.0,0.03
6.0,2021.0,Denmark,DNK,Wind,1,GW,6.9,0.0,0.03
7.0,2021.0,Denmark,DNK,Wind,1,GW,6.9,0.0,0.03
8.0,2021.0,Denmark,DNK,Wind,1,GW,6.9,0.0,0.03
9.0,2021.0,Denmark,DNK,Wind,1,GW,6.95,0.05,0.08
10.0,2021.0,Denmark,DNK,Wind,1,GW,6.95,0.0,0.08
11.0,2021.0,Denmark,DNK,Wind,1,GW,6.95,0.0,0.08
12.0,2021.0,Denmark,DNK,Wind,1,GW,7.02,0.07,0.15
1.0,2022.0,Denmark,DNK,Wind,1,GW,7.03,0.01,0.01
2.0,2022.0,Denmark,DNK,Wind,1,GW,7.04,0.01,0.02
3.0,2022.0,Denmark,DNK,Wind,1,GW,7.03,-0.01,0.01
4.0,2022.0,Denmark,DNK,Wind,1,GW,7.02,-0.01,0.0
5.0,2022.0,Denmark,DNK,Wind,1,GW,7.02,0.0,0.0
6.0,2022.0,Denmark,DNK,Wind,1,GW,7.02,0.0,0.0
7.0,2022.0,Denmark,DNK,Wind,1,GW,7.02,0.0,0.0
8.0,2022.0,Denmark,DNK,Wind,1,GW,7.0,-0.02,-0.02
9.0,2022.0,Denmark,DNK,Wind,1,GW,6.99,-0.01,-0.03
10.0,2022.0,Denmark,DNK,Wind,1,GW,7.01,0.02,-0.01
11.0,2022.0,Denmark,DNK,Wind,1,GW,7.02,0.01,0.0
12.0,2022.0,Denmark,DNK,Wind,1,GW,7.02,0.0,0.0
1.0,2023.0,Denmark,DNK,Wind,1,GW,7.09,0.07,0.07
2.0,2023.0,Denmark,DNK,Wind,1,GW,7.09,0.0,0.07
3.0,2023.0,Denmark,DNK,Wind,1,GW,7.09,0.0,0.07
4.0,2023.0,Denmark,DNK,Wind,1,GW,7.11,0.02,0.09
5.0,2023.0,Denmark,DNK,Wind,1,GW,7.11,0.0,0.09
6.0,2023.0,Denmark,DNK,Wind,1,GW,7.1,-0.01,0.08
7.0,2023.0,Denmark,DNK,Wind,1,GW,7.1,0.0,0.08
8.0,2023.0,Denmark,DNK,Wind,1,GW,7.1,0.0,0.08
9.0,2023.0,Denmark,DNK,Wind,1,GW,7.1,0.0,0.08
10.0,2023.0,Denmark,DNK,Wind,1,GW,7.11,0.01,0.09
11.0,2023.0,Denmark,DNK,Wind,1,GW,7.1,-0.01,0.08
12.0,2023.0,Denmark,DNK,Wind,1,GW,7.27,0.17,0.25
1.0,2024.0,Denmark,DNK,Wind,1,GW,7.27,0.0,0.0
2.0,2024.0,Denmark,DNK,Wind,1,GW,7.27,0.0,0.0
3.0,2024.0,Denmark,DNK,Wind,1,GW,7.5,0.23,0.23
4.0,2024.0,Denmark,DNK,Wind,1,GW,7.5,0.0,0.23
5.0,2024.0,Denmark,DNK,Wind,1,GW,7.5,0.0,0.23
6.0,2024.0,Denmark,DNK,Wind,1,GW,7.5,0.0,0.23
7.0,2024.0,Denmark,DNK,Wind,1,GW,7.51,0.01,0.24
8.0,2024.0,Denmark,DNK,Wind,1,GW,7.53,0.02,0.26
9.0,2024.0,Denmark,DNK,Wind,1,GW,7.53,0.0,0.26
10.0,2024.0,Denmark,DNK,Wind,1,GW,7.52,-0.01,0.25
11.0,2024.0,Denmark,DNK,Wind,1,GW,7.51,-0.01,0.24
12.0,2024.0,Denmark,DNK,Wind,1,GW,7.51,0.0,0.24
1.0,2025.0,Denmark,DNK,Wind,1,GW,7.51,0.0,0.0
2.0,2025.0,Denmark,DNK,Wind,1,GW,7.53,0.02,0.02
3.0,2025.0,Denmark,DNK,Wind,1,GW,7.52,-0.01,0.01
4.0,2025.0,Denmark,DNK,Wind,1,GW,7.5,-0.02,-0.01
5.0,2025.0,Denmark,DNK,Wind,1,GW,7.51,0.01,0.0
6.0,2025.0,Denmark,DNK,Wind,1,GW,7.51,0.0,0.0
7.0,2025.0,Denmark,DNK,Wind,1,GW,7.5,-0.01,-0.01
1.0,2016.0,Denmark,DNK,Wind and solar,1,GW,6.09,,
2.0,2016.0,Denmark,DNK,Wind and solar,1,GW,6.1,0.01,
3.0,2016.0,Denmark,DNK,Wind and solar,1,GW,6.1,0.0,
4.0,2016.0,Denmark,DNK,Wind and solar,1,GW,6.11,0.01,
5.0,2016.0,Denmark,DNK,Wind and solar,1,GW,6.12,0.01,
6.0,2016.0,Denmark,DNK,Wind and solar,1,GW,6.12,0.0,
7.0,2016.0,Denmark,DNK,Wind and solar,1,GW,6.15,0.03,
8.0,2016.0,Denmark,DNK,Wind and solar,1,GW,6.17,0.02,
9.0,2016.0,Denmark,DNK,Wind and solar,1,GW,6.19,0.02,
10.0,2016.0,Denmark,DNK,Wind and solar,1,GW,6.19,0.0,
11.0,2016.0,Denmark,DNK,Wind and solar,1,GW,6.24,0.05,
12.0,2016.0,Denmark,DNK,Wind and solar,1,GW,6.34,0.1,
1.0,2017.0,Denmark,DNK,Wind and solar,1,GW,6.34,0.0,0.0
2.0,2017.0,Denmark,DNK,Wind and solar,1,GW,6.34,0.0,0.0
3.0,2017.0,Denmark,DNK,Wind and solar,1,GW,6.37,0.03,0.03
4.0,2017.0,Denmark,DNK,Wind and solar,1,GW,6.38,0.01,0.04
5.0,2017.0,Denmark,DNK,Wind and solar,1,GW,6.38,0.0,0.04
6.0,2017.0,Denmark,DNK,Wind and solar,1,GW,6.41,0.03,0.07
7.0,2017.0,Denmark,DNK,Wind and solar,1,GW,6.41,0.0,0.07
8.0,2017.0,Denmark,DNK,Wind and solar,1,GW,6.42,0.01,0.08
9.0,2017.0,Denmark,DNK,Wind and solar,1,GW,6.45,0.03,0.11
10.0,2017.0,Denmark,DNK,Wind and solar,1,GW,6.42,-0.03,0.08
11.0,2017.0,Denmark,DNK,Wind and solar,1,GW,6.44,0.02,0.1
12.0,2017.0,Denmark,DNK,Wind and solar,1,GW,6.67,0.23,0.33
1.0,2018.0,Denmark,DNK,Wind and solar,1,GW,6.76,0.09,0.09
2.0,2018.0,Denmark,DNK,Wind and solar,1,GW,6.89,0.13,0.22
3.0,2018.0,Denmark,DNK,Wind and solar,1,GW,6.91,0.02,0.24
4.0,2018.0,Denmark,DNK,Wind and solar,1,GW,6.92,0.01,0.25
5.0,2018.0,Denmark,DNK,Wind and solar,1,GW,6.96,0.04,0.29
6.0,2018.0,Denmark,DNK,Wind and solar,1,GW,6.96,0.0,0.29
7.0,2018.0,Denmark,DNK,Wind and solar,1,GW,6.97,0.01,0.3
8.0,2018.0,Denmark,DNK,Wind and solar,1,GW,6.97,0.0,0.3
9.0,2018.0,Denmark,DNK,Wind and solar,1,GW,6.98,0.01,0.31
10.0,2018.0,Denmark,DNK,Wind and solar,1,GW,6.99,0.01,0.32
11.0,2018.0,Denmark,DNK,Wind and solar,1,GW,7.01,0.02,0.34
12.0,2018.0,Denmark,DNK,Wind and solar,1,GW,7.43,0.42,0.76
1.0,2019.0,Denmark,DNK,Wind and solar,1,GW,7.41,-0.02,-0.02
2.0,2019.0,Denmark,DNK,Wind and solar,1,GW,7.41,0.0,-0.02
3.0,2019.0,Denmark,DNK,Wind and solar,1,GW,7.42,0.01,-0.01
4.0,2019.0,Denmark,DNK,Wind and solar,1,GW,7.42,0.0,-0.01
5.0,2019.0,Denmark,DNK,Wind and solar,1,GW,7.42,0.0,-0.01
6.0,2019.0,Denmark,DNK,Wind and solar,1,GW,7.42,0.0,-0.01
7.0,2019.0,Denmark,DNK,Wind and solar,1,GW,7.42,0.0,-0.01
8.0,2019.0,Denmark,DNK,Wind and solar,1,GW,7.42,0.0,-0.01
9.0,2019.0,Denmark,DNK,Wind and solar,1,GW,7.42,0.0,-0.01
10.0,2019.0,Denmark,DNK,Wind and solar,1,GW,7.42,0.0,-0.01
11.0,2019.0,Denmark,DNK,Wind and solar,1,GW,7.42,0.0,-0.01
12.0,2019.0,Denmark,DNK,Wind and solar,1,GW,7.52,0.1,0.09
1.0,2020.0,Denmark,DNK,Wind and solar,1,GW,7.53,0.01,0.01
2.0,2020.0,Denmark,DNK,Wind and solar,1,GW,7.59,0.06,0.07
3.0,2020.0,Denmark,DNK,Wind and solar,1,GW,7.62,0.03,0.1
4.0,2020.0,Denmark,DNK,Wind and solar,1,GW,7.7,0.08,0.18
5.0,2020.0,Denmark,DNK,Wind and solar,1,GW,7.76,0.06,0.24
6.0,2020.0,Denmark,DNK,Wind and solar,1,GW,7.73,-0.03,0.21
7.0,2020.0,Denmark,DNK,Wind and solar,1,GW,7.74,0.01,0.22
8.0,2020.0,Denmark,DNK,Wind and solar,1,GW,7.77,0.03,0.25
9.0,2020.0,Denmark,DNK,Wind and solar,1,GW,7.84,0.07,0.32
10.0,2020.0,Denmark,DNK,Wind and solar,1,GW,8.5,0.66,0.98
11.0,2020.0,Denmark,DNK,Wind and solar,1,GW,8.58,0.08,1.06
12.0,2020.0,Denmark,DNK,Wind and solar,1,GW,8.61,0.03,1.09
1.0,2021.0,Denmark,DNK,Wind and solar,1,GW,8.25,-0.36,-0.36
2.0,2021.0,Denmark,DNK,Wind and solar,1,GW,8.39,0.14,-0.22
3.0,2021.0,Denmark,DNK,Wind and solar,1,GW,8.49,0.1,-0.12
4.0,2021.0,Denmark,DNK,Wind and solar,1,GW,8.65,0.16,0.04
5.0,2021.0,Denmark,DNK,Wind and solar,1,GW,8.66,0.01,0.05
6.0,2021.0,Denmark,DNK,Wind and solar,1,GW,8.66,0.0,0.05
7.0,2021.0,Denmark,DNK,Wind and solar,1,GW,8.67,0.01,0.06
8.0,2021.0,Denmark,DNK,Wind and solar,1,GW,8.67,0.0,0.06
9.0,2021.0,Denmark,DNK,Wind and solar,1,GW,8.73,0.06,0.12
10.0,2021.0,Denmark,DNK,Wind and solar,1,GW,8.94,0.21,0.33
11.0,2021.0,Denmark,DNK,Wind and solar,1,GW,8.94,0.0,0.33
12.0,2021.0,Denmark,DNK,Wind and solar,1,GW,9.1,0.16,0.49
1.0,2022.0,Denmark,DNK,Wind and solar,1,GW,9.11,0.01,0.01
2.0,2022.0,Denmark,DNK,Wind and solar,1,GW,9.23,0.12,0.13
3.0,2022.0,Denmark,DNK,Wind and solar,1,GW,9.26,0.03,0.16
4.0,2022.0,Denmark,DNK,Wind and solar,1,GW,9.33,0.07,0.23
5.0,2022.0,Denmark,DNK,Wind and solar,1,GW,9.8,0.47,0.7
6.0,2022.0,Denmark,DNK,Wind and solar,1,GW,10.02,0.22,0.92
7.0,2022.0,Denmark,DNK,Wind and solar,1,GW,10.03,0.01,0.93
8.0,2022.0,Denmark,DNK,Wind and solar,1,GW,9.99,-0.04,0.89
9.0,2022.0,Denmark,DNK,Wind and solar,1,GW,10.03,0.04,0.93
10.0,2022.0,Denmark,DNK,Wind and solar,1,GW,10.12,0.09,1.02
11.0,2022.0,Denmark,DNK,Wind and solar,1,GW,10.39,0.27,1.29
12.0,2022.0,Denmark,DNK,Wind and solar,1,GW,10.6,0.21,1.5
1.0,2023.0,Denmark,DNK,Wind and solar,1,GW,11.2,0.6,0.6
2.0,2023.0,Denmark,DNK,Wind and solar,1,GW,11.23,0.03,0.63
3.0,2023.0,Denmark,DNK,Wind and solar,1,GW,11.25,0.02,0.65
4.0,2023.0,Denmark,DNK,Wind and solar,1,GW,11.3,0.05,0.7
5.0,2023.0,Denmark,DNK,Wind and solar,1,GW,11.33,0.03,0.73
6.0,2023.0,Denmark,DNK,Wind and solar,1,GW,11.36,0.03,0.76
7.0,2023.0,Denmark,DNK,Wind and solar,1,GW,11.47,0.11,0.87
8.0,2023.0,Denmark,DNK,Wind and solar,1,GW,11.52,0.05,0.92
9.0,2023.0,Denmark,DNK,Wind and solar,1,GW,11.62,0.1,1.02
10.0,2023.0,Denmark,DNK,Wind and solar,1,GW,11.65,0.03,1.05
11.0,2023.0,Denmark,DNK,Wind and solar,1,GW,11.68,0.03,1.08
12.0,2023.0,Denmark,DNK,Wind and solar,1,GW,11.86,0.18,1.26
1.0,2024.0,Denmark,DNK,Wind and solar,1,GW,11.87,0.01,0.01
2.0,2024.0,Denmark,DNK,Wind and solar,1,GW,11.89,0.02,0.03
3.0,2024.0,Denmark,DNK,Wind and solar,1,GW,12.14,0.25,0.28
4.0,2024.0,Denmark,DNK,Wind and solar,1,GW,12.24,0.1,0.38
5.0,2024.0,Denmark,DNK,Wind and solar,1,GW,12.27,0.03,0.41
6.0,2024.0,Denmark,DNK,Wind and solar,1,GW,12.3,0.03,0.44
7.0,2024.0,Denmark,DNK,Wind and solar,1,GW,12.34,0.04,0.48
8.0,2024.0,Denmark,DNK,Wind and solar,1,GW,12.37,0.03,0.51
9.0,2024.0,Denmark,DNK,Wind and solar,1,GW,12.43,0.06,0.57
10.0,2024.0,Denmark,DNK,Wind and solar,1,GW,12.53,0.1,0.67
11.0,2024.0,Denmark,DNK,Wind and solar,1,GW,12.55,0.02,0.69
12.0,2024.0,Denmark,DNK,Wind and solar,1,GW,12.59,0.04,0.73
1.0,2025.0,Denmark,DNK,Wind and solar,1,GW,12.9,0.31,0.31
2.0,2025.0,Denmark,DNK,Wind and solar,1,GW,13.01,0.11,0.42
3.0,2025.0,Denmark,DNK,Wind and solar,1,GW,13.02,0.01,0.43
4.0,2025.0,Denmark,DNK,Wind and solar,1,GW,13.02,0.0,0.43
5.0,2025.0,Denmark,DNK,Wind and solar,1,GW,13.23,0.21,0.64
6.0,2025.0,Denmark,DNK,Wind and solar,1,GW,13.27,0.04,0.68
7.0,2025.0,Denmark,DNK,Wind and solar,1,GW,13.48,0.21,0.89
1.0,2016.0,Spain,ESP,Solar,0,GWAC,6.99,0.0,0.0
2.0,2016.0,Spain,ESP,Solar,0,GWAC,6.99,0.0,0.0
3.0,2016.0,Spain,ESP,Solar,0,GWAC,6.99,0.0,0.0
4.0,2016.0,Spain,ESP,Solar,0,GWAC,6.99,0.0,0.0
5.0,2016.0,Spain,ESP,Solar,0,GWAC,6.99,0.0,0.0
6.0,2016.0,Spain,ESP,Solar,0,GWAC,6.99,0.0,0.0
7.0,2016.0,Spain,ESP,Solar,0,GWAC,6.99,0.0,0.0
8.0,2016.0,Spain,ESP,Solar,0,GWAC,6.99,0.0,0.0
9.0,2016.0,Spain,ESP,Solar,0,GWAC,6.99,0.0,0.0
10.0,2016.0,Spain,ESP,Solar,0,GWAC,6.99,0.0,0.0
11.0,2016.0,Spain,ESP,Solar,0,GWAC,6.99,0.0,0.0
12.0,2016.0,Spain,ESP,Solar,0,GWAC,6.99,0.0,0.0
1.0,2017.0,Spain,ESP,Solar,0,GWAC,7.0,0.01,0.01
2.0,2017.0,Spain,ESP,Solar,0,GWAC,7.0,0.0,0.01
3.0,2017.0,Spain,ESP,Solar,0,GWAC,7.0,0.0,0.01
4.0,2017.0,Spain,ESP,Solar,0,GWAC,7.0,0.0,0.01
5.0,2017.0,Spain,ESP,Solar,0,GWAC,7.0,0.0,0.01
6.0,2017.0,Spain,ESP,Solar,0,GWAC,7.0,0.0,0.01
7.0,2017.0,Spain,ESP,Solar,0,GWAC,7.0,0.0,0.01
8.0,2017.0,Spain,ESP,Solar,0,GWAC,7.0,0.0,0.01
9.0,2017.0,Spain,ESP,Solar,0,GWAC,7.0,0.0,0.01
10.0,2017.0,Spain,ESP,Solar,0,GWAC,7.0,0.0,0.01
11.0,2017.0,Spain,ESP,Solar,0,GWAC,7.0,0.0,0.01
12.0,2017.0,Spain,ESP,Solar,0,GWAC,7.0,0.0,0.01
1.0,2018.0,Spain,ESP,Solar,0,GWAC,7.0,0.0,0.0
2.0,2018.0,Spain,ESP,Solar,0,GWAC,7.01,0.01,0.01
3.0,2018.0,Spain,ESP,Solar,0,GWAC,7.01,0.0,0.01
4.0,2018.0,Spain,ESP,Solar,0,GWAC,7.02,0.01,0.02
5.0,2018.0,Spain,ESP,Solar,0,GWAC,7.02,0.0,0.02
6.0,2018.0,Spain,ESP,Solar,0,GWAC,7.02,0.0,0.02
7.0,2018.0,Spain,ESP,Solar,0,GWAC,7.02,0.0,0.02
8.0,2018.0,Spain,ESP,Solar,0,GWAC,7.02,0.0,0.02
9.0,2018.0,Spain,ESP,Solar,0,GWAC,7.03,0.01,0.03
10.0,2018.0,Spain,ESP,Solar,0,GWAC,7.03,0.0,0.03
11.0,2018.0,Spain,ESP,Solar,0,GWAC,7.03,0.0,0.03
12.0,2018.0,Spain,ESP,Solar,0,GWAC,7.08,0.05,0.08
1.0,2019.0,Spain,ESP,Solar,0,GWAC,7.14,0.06,0.06
2.0,2019.0,Spain,ESP,Solar,0,GWAC,7.32,0.18,0.24
3.0,2019.0,Spain,ESP,Solar,0,GWAC,7.32,0.0,0.24
4.0,2019.0,Spain,ESP,Solar,0,GWAC,7.82,0.5,0.74
5.0,2019.0,Spain,ESP,Solar,0,GWAC,7.87,0.05,0.79
6.0,2019.0,Spain,ESP,Solar,0,GWAC,8.06,0.19,0.98
7.0,2019.0,Spain,ESP,Solar,0,GWAC,8.31,0.25,1.23
8.0,2019.0,Spain,ESP,Solar,0,GWAC,8.63,0.32,1.55
9.0,2019.0,Spain,ESP,Solar,0,GWAC,8.88,0.25,1.8
10.0,2019.0,Spain,ESP,Solar,0,GWAC,9.74,0.86,2.66
11.0,2019.0,Spain,ESP,Solar,0,GWAC,10.9,1.16,3.82
12.0,2019.0,Spain,ESP,Solar,0,GWAC,11.08,0.18,4.0
1.0,2020.0,Spain,ESP,Solar,0,GWAC,11.2,0.12,0.12
2.0,2020.0,Spain,ESP,Solar,0,GWAC,11.24,0.04,0.16
3.0,2020.0,Spain,ESP,Solar,0,GWAC,11.75,0.51,0.67
4.0,2020.0,Spain,ESP,Solar,0,GWAC,11.84,0.09,0.76
5.0,2020.0,Spain,ESP,Solar,0,GWAC,12.05,0.21,0.97
6.0,2020.0,Spain,ESP,Solar,0,GWAC,12.21,0.16,1.13
7.0,2020.0,Spain,ESP,Solar,0,GWAC,12.5,0.29,1.42
8.0,2020.0,Spain,ESP,Solar,0,GWAC,12.54,0.04,1.46
9.0,2020.0,Spain,ESP,Solar,0,GWAC,13.05,0.51,1.97
10.0,2020.0,Spain,ESP,Solar,0,GWAC,13.45,0.4,2.37
11.0,2020.0,Spain,ESP,Solar,0,GWAC,13.75,0.3,2.67
12.0,2020.0,Spain,ESP,Solar,0,GWAC,14.04,0.29,2.96
1.0,2021.0,Spain,ESP,Solar,0,GWAC,14.16,0.12,0.12
2.0,2021.0,Spain,ESP,Solar,0,GWAC,14.49,0.33,0.45
3.0,2021.0,Spain,ESP,Solar,0,GWAC,14.8,0.31,0.76
4.0,2021.0,Spain,ESP,Solar,0,GWAC,14.96,0.16,0.92
5.0,2021.0,Spain,ESP,Solar,0,GWAC,15.26,0.3,1.22
6.0,2021.0,Spain,ESP,Solar,0,GWAC,15.57,0.31,1.53
7.0,2021.0,Spain,ESP,Solar,0,GWAC,15.9,0.33,1.86
8.0,2021.0,Spain,ESP,Solar,0,GWAC,16.04,0.14,2.0
9.0,2021.0,Spain,ESP,Solar,0,GWAC,16.19,0.15,2.15
10.0,2021.0,Spain,ESP,Solar,0,GWAC,16.45,0.26,2.41
11.0,2021.0,Spain,ESP,Solar,0,GWAC,16.98,0.53,2.94
12.0,2021.0,Spain,ESP,Solar,0,GWAC,17.7,0.72,3.66
1.0,2022.0,Spain,ESP,Solar,0,GWAC,18.12,0.42,0.42
2.0,2022.0,Spain,ESP,Solar,0,GWAC,18.36,0.24,0.66
3.0,2022.0,Spain,ESP,Solar,0,GWAC,18.64,0.28,0.94
4.0,2022.0,Spain,ESP,Solar,0,GWAC,18.78,0.14,1.08
5.0,2022.0,Spain,ESP,Solar,0,GWAC,19.32,0.54,1.62
6.0,2022.0,Spain,ESP,Solar,0,GWAC,19.54,0.22,1.84
7.0,2022.0,Spain,ESP,Solar,0,GWAC,20.53,0.99,2.83
8.0,2022.0,Spain,ESP,Solar,0,GWAC,20.77,0.24,3.07
9.0,2022.0,Spain,ESP,Solar,0,GWAC,21.02,0.25,3.32
10.0,2022.0,Spain,ESP,Solar,0,GWAC,21.28,0.26,3.58
11.0,2022.0,Spain,ESP,Solar,0,GWAC,22.18,0.9,4.48
12.0,2022.0,Spain,ESP,Solar,0,GWAC,22.51,0.33,4.81
1.0,2023.0,Spain,ESP,Solar,0,GWAC,22.76,0.25,0.25
2.0,2023.0,Spain,ESP,Solar,0,GWAC,23.19,0.43,0.68
3.0,2023.0,Spain,ESP,Solar,0,GWAC,23.74,0.55,1.23
4.0,2023.0,Spain,ESP,Solar,0,GWAC,24.12,0.38,1.61
5.0,2023.0,Spain,ESP,Solar,0,GWAC,24.46,0.34,1.95
6.0,2023.0,Spain,ESP,Solar,0,GWAC,25.41,0.95,2.9
7.0,2023.0,Spain,ESP,Solar,0,GWAC,25.73,0.32,3.22
8.0,2023.0,Spain,ESP,Solar,0,GWAC,26.33,0.6,3.82
9.0,2023.0,Spain,ESP,Solar,0,GWAC,26.73,0.4,4.22
10.0,2023.0,Spain,ESP,Solar,0,GWAC,27.39,0.66,4.88
11.0,2023.0,Spain,ESP,Solar,0,GWAC,28.34,0.95,5.83
12.0,2023.0,Spain,ESP,Solar,0,GWAC,28.62,0.28,6.11
1.0,2024.0,Spain,ESP,Solar,0,GWAC,28.81,0.19,0.19
2.0,2024.0,Spain,ESP,Solar,0,GWAC,29.04,0.23,0.42
3.0,2024.0,Spain,ESP,Solar,0,GWAC,29.44,0.4,0.82
4.0,2024.0,Spain,ESP,Solar,0,GWAC,29.9,0.46,1.28
5.0,2024.0,Spain,ESP,Solar,0,GWAC,30.12,0.22,1.5
6.0,2024.0,Spain,ESP,Solar,0,GWAC,30.64,0.52,2.02
7.0,2024.0,Spain,ESP,Solar,0,GWAC,31.76,1.12,3.14
8.0,2024.0,Spain,ESP,Solar,0,GWAC,32.14,0.38,3.52
9.0,2024.0,Spain,ESP,Solar,0,GWAC,32.86,0.72,4.24
10.0,2024.0,Spain,ESP,Solar,0,GWAC,33.7,0.84,5.08
11.0,2024.0,Spain,ESP,Solar,0,GWAC,34.33,0.63,5.71
12.0,2024.0,Spain,ESP,Solar,0,GWAC,34.95,0.62,6.33
1.0,2025.0,Spain,ESP,Solar,0,GWAC,35.3,0.35,0.35
2.0,2025.0,Spain,ESP,Solar,0,GWAC,35.84,0.54,0.89
3.0,2025.0,Spain,ESP,Solar,0,GWAC,36.73,0.89,1.78
4.0,2025.0,Spain,ESP,Solar,0,GWAC,37.06,0.33,2.11
5.0,2025.0,Spain,ESP,Solar,0,GWAC,37.73,0.67,2.78
6.0,2025.0,Spain,ESP,Solar,0,GWAC,38.09,0.36,3.14
1.0,2016.0,Spain,ESP,Solar,0,GWDC,9.09,0.0,0.0
2.0,2016.0,Spain,ESP,Solar,0,GWDC,9.09,0.0,0.0
3.0,2016.0,Spain,ESP,Solar,0,GWDC,9.09,0.0,0.0
4.0,2016.0,Spain,ESP,Solar,0,GWDC,9.09,0.0,0.0
5.0,2016.0,Spain,ESP,Solar,0,GWDC,9.09,0.0,0.0
6.0,2016.0,Spain,ESP,Solar,0,GWDC,9.09,0.0,0.0
7.0,2016.0,Spain,ESP,Solar,0,GWDC,9.09,0.0,0.0
8.0,2016.0,Spain,ESP,Solar,0,GWDC,9.09,0.0,0.0
9.0,2016.0,Spain,ESP,Solar,0,GWDC,9.09,0.0,0.0
10.0,2016.0,Spain,ESP,Solar,0,GWDC,9.09,0.0,0.0
11.0,2016.0,Spain,ESP,Solar,0,GWDC,9.09,0.0,0.0
12.0,2016.0,Spain,ESP,Solar,0,GWDC,9.09,0.0,0.0
1.0,2017.0,Spain,ESP,Solar,0,GWDC,9.09,0.0,0.0
2.0,2017.0,Spain,ESP,Solar,0,GWDC,9.1,0.01,0.01
3.0,2017.0,Spain,ESP,Solar,0,GWDC,9.1,0.0,0.01
4.0,2017.0,Spain,ESP,Solar,0,GWDC,9.09,-0.01,0.0
5.0,2017.0,Spain,ESP,Solar,0,GWDC,9.1,0.01,0.01
6.0,2017.0,Spain,ESP,Solar,0,GWDC,9.1,0.0,0.01
7.0,2017.0,Spain,ESP,Solar,0,GWDC,9.1,0.0,0.01
8.0,2017.0,Spain,ESP,Solar,0,GWDC,9.1,0.0,0.01
9.0,2017.0,Spain,ESP,Solar,0,GWDC,9.1,0.0,0.01
10.0,2017.0,Spain,ESP,Solar,0,GWDC,9.1,0.0,0.01
11.0,2017.0,Spain,ESP,Solar,0,GWDC,9.1,0.0,0.01
12.0,2017.0,Spain,ESP,Solar,0,GWDC,9.1,0.0,0.01
1.0,2018.0,Spain,ESP,Solar,0,GWDC,9.1,0.0,0.0
2.0,2018.0,Spain,ESP,Solar,0,GWDC,9.12,0.02,0.02
3.0,2018.0,Spain,ESP,Solar,0,GWDC,9.12,0.0,0.02
4.0,2018.0,Spain,ESP,Solar,0,GWDC,9.12,0.0,0.02
5.0,2018.0,Spain,ESP,Solar,0,GWDC,9.12,0.0,0.02
6.0,2018.0,Spain,ESP,Solar,0,GWDC,9.13,0.01,0.03
7.0,2018.0,Spain,ESP,Solar,0,GWDC,9.13,0.0,0.03
8.0,2018.0,Spain,ESP,Solar,0,GWDC,9.13,0.0,0.03
9.0,2018.0,Spain,ESP,Solar,0,GWDC,9.13,0.0,0.03
10.0,2018.0,Spain,ESP,Solar,0,GWDC,9.13,0.0,0.03
11.0,2018.0,Spain,ESP,Solar,0,GWDC,9.14,0.01,0.04
12.0,2018.0,Spain,ESP,Solar,0,GWDC,9.2,0.06,0.1
1.0,2019.0,Spain,ESP,Solar,0,GWDC,9.28,0.08,0.08
2.0,2019.0,Spain,ESP,Solar,0,GWDC,9.51,0.23,0.31
3.0,2019.0,Spain,ESP,Solar,0,GWDC,9.52,0.01,0.32
4.0,2019.0,Spain,ESP,Solar,0,GWDC,10.16,0.64,0.96
5.0,2019.0,Spain,ESP,Solar,0,GWDC,10.23,0.07,1.03
6.0,2019.0,Spain,ESP,Solar,0,GWDC,10.47,0.24,1.27
7.0,2019.0,Spain,ESP,Solar,0,GWDC,10.8,0.33,1.6
8.0,2019.0,Spain,ESP,Solar,0,GWDC,11.21,0.41,2.01
9.0,2019.0,Spain,ESP,Solar,0,GWDC,11.54,0.33,2.34
10.0,2019.0,Spain,ESP,Solar,0,GWDC,12.67,1.13,3.47
11.0,2019.0,Spain,ESP,Solar,0,GWDC,14.17,1.5,4.97
12.0,2019.0,Spain,ESP,Solar,0,GWDC,14.41,0.24,5.21
1.0,2020.0,Spain,ESP,Solar,0,GWDC,14.56,0.15,0.15
2.0,2020.0,Spain,ESP,Solar,0,GWDC,14.62,0.06,0.21
3.0,2020.0,Spain,ESP,Solar,0,GWDC,15.27,0.65,0.86
4.0,2020.0,Spain,ESP,Solar,0,GWDC,15.39,0.12,0.98
5.0,2020.0,Spain,ESP,Solar,0,GWDC,15.67,0.28,1.26
6.0,2020.0,Spain,ESP,Solar,0,GWDC,15.87,0.2,1.46
7.0,2020.0,Spain,ESP,Solar,0,GWDC,16.25,0.38,1.84
8.0,2020.0,Spain,ESP,Solar,0,GWDC,16.3,0.05,1.89
9.0,2020.0,Spain,ESP,Solar,0,GWDC,16.96,0.66,2.55
10.0,2020.0,Spain,ESP,Solar,0,GWDC,17.49,0.53,3.08
11.0,2020.0,Spain,ESP,Solar,0,GWDC,17.88,0.39,3.47
12.0,2020.0,Spain,ESP,Solar,0,GWDC,18.25,0.37,3.84
1.0,2021.0,Spain,ESP,Solar,0,GWDC,18.41,0.16,0.16
2.0,2021.0,Spain,ESP,Solar,0,GWDC,18.83,0.42,0.58
3.0,2021.0,Spain,ESP,Solar,0,GWDC,19.25,0.42,1.0
4.0,2021.0,Spain,ESP,Solar,0,GWDC,19.45,0.2,1.2
5.0,2021.0,Spain,ESP,Solar,0,GWDC,19.83,0.38,1.58
6.0,2021.0,Spain,ESP,Solar,0,GWDC,20.24,0.41,1.99
7.0,2021.0,Spain,ESP,Solar,0,GWDC,20.67,0.43,2.42
8.0,2021.0,Spain,ESP,Solar,0,GWDC,20.85,0.18,2.6
9.0,2021.0,Spain,ESP,Solar,0,GWDC,21.05,0.2,2.8
10.0,2021.0,Spain,ESP,Solar,0,GWDC,21.38,0.33,3.13
11.0,2021.0,Spain,ESP,Solar,0,GWDC,22.07,0.69,3.82
12.0,2021.0,Spain,ESP,Solar,0,GWDC,23.0,0.93,4.75
1.0,2022.0,Spain,ESP,Solar,0,GWDC,23.55,0.55,0.55
2.0,2022.0,Spain,ESP,Solar,0,GWDC,23.87,0.32,0.87
3.0,2022.0,Spain,ESP,Solar,0,GWDC,24.23,0.36,1.23
4.0,2022.0,Spain,ESP,Solar,0,GWDC,24.42,0.19,1.42
5.0,2022.0,Spain,ESP,Solar,0,GWDC,25.11,0.69,2.11
6.0,2022.0,Spain,ESP,Solar,0,GWDC,25.4,0.29,2.4
7.0,2022.0,Spain,ESP,Solar,0,GWDC,26.68,1.28,3.68
8.0,2022.0,Spain,ESP,Solar,0,GWDC,27.0,0.32,4.0
9.0,2022.0,Spain,ESP,Solar,0,GWDC,27.33,0.33,4.33
10.0,2022.0,Spain,ESP,Solar,0,GWDC,27.66,0.33,4.66
11.0,2022.0,Spain,ESP,Solar,0,GWDC,28.84,1.18,5.84
12.0,2022.0,Spain,ESP,Solar,0,GWDC,29.26,0.42,6.26
1.0,2023.0,Spain,ESP,Solar,0,GWDC,29.59,0.33,0.33
2.0,2023.0,Spain,ESP,Solar,0,GWDC,30.14,0.55,0.88
3.0,2023.0,Spain,ESP,Solar,0,GWDC,30.86,0.72,1.6
4.0,2023.0,Spain,ESP,Solar,0,GWDC,31.35,0.49,2.09
5.0,2023.0,Spain,ESP,Solar,0,GWDC,31.79,0.44,2.53
6.0,2023.0,Spain,ESP,Solar,0,GWDC,33.03,1.24,3.77
7.0,2023.0,Spain,ESP,Solar,0,GWDC,33.44,0.41,4.18
8.0,2023.0,Spain,ESP,Solar,0,GWDC,34.23,0.79,4.97
9.0,2023.0,Spain,ESP,Solar,0,GWDC,34.75,0.52,5.49
10.0,2023.0,Spain,ESP,Solar,0,GWDC,35.61,0.86,6.35
11.0,2023.0,Spain,ESP,Solar,0,GWDC,36.84,1.23,7.58
12.0,2023.0,Spain,ESP,Solar,0,GWDC,37.21,0.37,7.95
1.0,2024.0,Spain,ESP,Solar,0,GWDC,37.46,0.25,0.25
2.0,2024.0,Spain,ESP,Solar,0,GWDC,37.75,0.29,0.54
3.0,2024.0,Spain,ESP,Solar,0,GWDC,38.28,0.53,1.07
4.0,2024.0,Spain,ESP,Solar,0,GWDC,38.88,0.6,1.67
5.0,2024.0,Spain,ESP,Solar,0,GWDC,39.16,0.28,1.95
6.0,2024.0,Spain,ESP,Solar,0,GWDC,39.84,0.68,2.63
7.0,2024.0,Spain,ESP,Solar,0,GWDC,41.28,1.44,4.07
8.0,2024.0,Spain,ESP,Solar,0,GWDC,41.78,0.5,4.57
9.0,2024.0,Spain,ESP,Solar,0,GWDC,42.72,0.94,5.51
10.0,2024.0,Spain,ESP,Solar,0,GWDC,43.81,1.09,6.6
11.0,2024.0,Spain,ESP,Solar,0,GWDC,44.63,0.82,7.42
12.0,2024.0,Spain,ESP,Solar,0,GWDC,45.43,0.8,8.22
1.0,2025.0,Spain,ESP,Solar,0,GWDC,45.88,0.45,0.45
2.0,2025.0,Spain,ESP,Solar,0,GWDC,46.6,0.72,1.17
3.0,2025.0,Spain,ESP,Solar,0,GWDC,47.75,1.15,2.32
4.0,2025.0,Spain,ESP,Solar,0,GWDC,48.18,0.43,2.75
5.0,2025.0,Spain,ESP,Solar,0,GWDC,49.05,0.87,3.62
6.0,2025.0,Spain,ESP,Solar,0,GWDC,49.52,0.47,4.09
1.0,2016.0,Spain,ESP,Wind onshore,0,GW,22.92,0.0,0.0
2.0,2016.0,Spain,ESP,Wind onshore,0,GW,22.92,0.0,0.0
3.0,2016.0,Spain,ESP,Wind onshore,0,GW,22.92,0.0,0.0
4.0,2016.0,Spain,ESP,Wind onshore,0,GW,22.92,0.0,0.0
5.0,2016.0,Spain,ESP,Wind onshore,0,GW,22.92,0.0,0.0
6.0,2016.0,Spain,ESP,Wind onshore,0,GW,22.92,0.0,0.0
7.0,2016.0,Spain,ESP,Wind onshore,0,GW,22.92,0.0,0.0
8.0,2016.0,Spain,ESP,Wind onshore,0,GW,22.92,0.0,0.0
9.0,2016.0,Spain,ESP,Wind onshore,0,GW,22.96,0.04,0.04
10.0,2016.0,Spain,ESP,Wind onshore,0,GW,22.96,0.0,0.04
11.0,2016.0,Spain,ESP,Wind onshore,0,GW,22.96,0.0,0.04
12.0,2016.0,Spain,ESP,Wind onshore,0,GW,22.97,0.01,0.05
1.0,2017.0,Spain,ESP,Wind onshore,0,GW,22.97,0.0,0.0
2.0,2017.0,Spain,ESP,Wind onshore,0,GW,22.97,0.0,0.0
3.0,2017.0,Spain,ESP,Wind onshore,0,GW,22.97,0.0,0.0
4.0,2017.0,Spain,ESP,Wind onshore,0,GW,22.97,0.0,0.0
5.0,2017.0,Spain,ESP,Wind onshore,0,GW,22.97,0.0,0.0
6.0,2017.0,Spain,ESP,Wind onshore,0,GW,23.0,0.03,0.03
7.0,2017.0,Spain,ESP,Wind onshore,0,GW,23.02,0.02,0.05
8.0,2017.0,Spain,ESP,Wind onshore,0,GW,23.02,0.0,0.05
9.0,2017.0,Spain,ESP,Wind onshore,0,GW,23.02,0.0,0.05
10.0,2017.0,Spain,ESP,Wind onshore,0,GW,23.02,0.0,0.05
11.0,2017.0,Spain,ESP,Wind onshore,0,GW,23.03,0.01,0.06
12.0,2017.0,Spain,ESP,Wind onshore,0,GW,23.06,0.03,0.09
1.0,2018.0,Spain,ESP,Wind onshore,0,GW,23.07,0.01,0.01
2.0,2018.0,Spain,ESP,Wind onshore,0,GW,23.08,0.01,0.02
3.0,2018.0,Spain,ESP,Wind onshore,0,GW,23.09,0.01,0.03
4.0,2018.0,Spain,ESP,Wind onshore,0,GW,23.1,0.01,0.04
5.0,2018.0,Spain,ESP,Wind onshore,0,GW,23.12,0.02,0.06
6.0,2018.0,Spain,ESP,Wind onshore,0,GW,23.12,0.0,0.06
7.0,2018.0,Spain,ESP,Wind onshore,0,GW,23.12,0.0,0.06
8.0,2018.0,Spain,ESP,Wind onshore,0,GW,23.2,0.08,0.14
9.0,2018.0,Spain,ESP,Wind onshore,0,GW,23.21,0.01,0.15
10.0,2018.0,Spain,ESP,Wind onshore,0,GW,23.26,0.05,0.2
11.0,2018.0,Spain,ESP,Wind onshore,0,GW,23.36,0.1,0.3
12.0,2018.0,Spain,ESP,Wind onshore,0,GW,23.43,0.07,0.37
1.0,2019.0,Spain,ESP,Wind onshore,0,GW,23.48,0.05,0.05
2.0,2019.0,Spain,ESP,Wind onshore,0,GW,23.52,0.04,0.09
3.0,2019.0,Spain,ESP,Wind onshore,0,GW,23.52,0.0,0.09
4.0,2019.0,Spain,ESP,Wind onshore,0,GW,23.57,0.05,0.14
5.0,2019.0,Spain,ESP,Wind onshore,0,GW,23.62,0.05,0.19
6.0,2019.0,Spain,ESP,Wind onshore,0,GW,23.66,0.04,0.23
7.0,2019.0,Spain,ESP,Wind onshore,0,GW,23.72,0.06,0.29
8.0,2019.0,Spain,ESP,Wind onshore,0,GW,24.07,0.35,0.64
9.0,2019.0,Spain,ESP,Wind onshore,0,GW,24.42,0.35,0.99
10.0,2019.0,Spain,ESP,Wind onshore,0,GW,25.06,0.64,1.63
11.0,2019.0,Spain,ESP,Wind onshore,0,GW,25.31,0.25,1.88
12.0,2019.0,Spain,ESP,Wind onshore,0,GW,25.68,0.37,2.25
1.0,2020.0,Spain,ESP,Wind onshore,0,GW,25.71,0.03,0.03
2.0,2020.0,Spain,ESP,Wind onshore,0,GW,25.72,0.01,0.04
3.0,2020.0,Spain,ESP,Wind onshore,0,GW,26.09,0.37,0.41
4.0,2020.0,Spain,ESP,Wind onshore,0,GW,26.11,0.02,0.43
5.0,2020.0,Spain,ESP,Wind onshore,0,GW,26.31,0.2,0.63
6.0,2020.0,Spain,ESP,Wind onshore,0,GW,26.43,0.12,0.75
7.0,2020.0,Spain,ESP,Wind onshore,0,GW,26.53,0.1,0.85
8.0,2020.0,Spain,ESP,Wind onshore,0,GW,26.73,0.2,1.05
9.0,2020.0,Spain,ESP,Wind onshore,0,GW,27.01,0.28,1.33
10.0,2020.0,Spain,ESP,Wind onshore,0,GW,27.23,0.22,1.55
11.0,2020.0,Spain,ESP,Wind onshore,0,GW,27.56,0.33,1.88
12.0,2020.0,Spain,ESP,Wind onshore,0,GW,27.67,0.11,1.99
1.0,2021.0,Spain,ESP,Wind onshore,0,GW,27.67,0.0,0.0
2.0,2021.0,Spain,ESP,Wind onshore,0,GW,27.77,0.1,0.1
3.0,2021.0,Spain,ESP,Wind onshore,0,GW,27.8,0.03,0.13
4.0,2021.0,Spain,ESP,Wind onshore,0,GW,27.84,0.04,0.17
5.0,2021.0,Spain,ESP,Wind onshore,0,GW,27.99,0.15,0.32
6.0,2021.0,Spain,ESP,Wind onshore,0,GW,28.12,0.13,0.45
7.0,2021.0,Spain,ESP,Wind onshore,0,GW,28.2,0.08,0.53
8.0,2021.0,Spain,ESP,Wind onshore,0,GW,28.2,0.0,0.53
9.0,2021.0,Spain,ESP,Wind onshore,0,GW,28.21,0.01,0.54
10.0,2021.0,Spain,ESP,Wind onshore,0,GW,28.41,0.2,0.74
11.0,2021.0,Spain,ESP,Wind onshore,0,GW,28.41,0.0,0.74
12.0,2021.0,Spain,ESP,Wind onshore,0,GW,28.67,0.26,1.0
1.0,2022.0,Spain,ESP,Wind onshore,0,GW,28.69,0.02,0.02
2.0,2022.0,Spain,ESP,Wind onshore,0,GW,28.9,0.21,0.23
3.0,2022.0,Spain,ESP,Wind onshore,0,GW,29.06,0.16,0.39
4.0,2022.0,Spain,ESP,Wind onshore,0,GW,29.11,0.05,0.44
5.0,2022.0,Spain,ESP,Wind onshore,0,GW,29.57,0.46,0.9
6.0,2022.0,Spain,ESP,Wind onshore,0,GW,29.63,0.06,0.96
7.0,2022.0,Spain,ESP,Wind onshore,0,GW,29.63,0.0,0.96
8.0,2022.0,Spain,ESP,Wind onshore,0,GW,29.69,0.06,1.02
9.0,2022.0,Spain,ESP,Wind onshore,0,GW,29.77,0.08,1.1
10.0,2022.0,Spain,ESP,Wind onshore,0,GW,29.83,0.06,1.16
11.0,2022.0,Spain,ESP,Wind onshore,0,GW,30.01,0.18,1.34
12.0,2022.0,Spain,ESP,Wind onshore,0,GW,30.14,0.13,1.47
1.0,2023.0,Spain,ESP,Wind onshore,0,GW,30.2,0.06,0.06
2.0,2023.0,Spain,ESP,Wind onshore,0,GW,30.28,0.08,0.14
3.0,2023.0,Spain,ESP,Wind onshore,0,GW,30.34,0.06,0.2
4.0,2023.0,Spain,ESP,Wind onshore,0,GW,30.35,0.01,0.21
5.0,2023.0,Spain,ESP,Wind onshore,0,GW,30.4,0.05,0.26
6.0,2023.0,Spain,ESP,Wind onshore,0,GW,30.47,0.07,0.33
7.0,2023.0,Spain,ESP,Wind onshore,0,GW,30.49,0.02,0.35
8.0,2023.0,Spain,ESP,Wind onshore,0,GW,30.53,0.04,0.39
9.0,2023.0,Spain,ESP,Wind onshore,0,GW,30.57,0.04,0.43
10.0,2023.0,Spain,ESP,Wind onshore,0,GW,30.65,0.08,0.51
11.0,2023.0,Spain,ESP,Wind onshore,0,GW,30.8,0.15,0.66
12.0,2023.0,Spain,ESP,Wind onshore,0,GW,30.81,0.01,0.67
1.0,2024.0,Spain,ESP,Wind onshore,0,GW,30.83,0.02,0.02
2.0,2024.0,Spain,ESP,Wind onshore,0,GW,30.97,0.14,0.16
3.0,2024.0,Spain,ESP,Wind onshore,0,GW,31.01,0.04,0.2
4.0,2024.0,Spain,ESP,Wind onshore,0,GW,31.2,0.19,0.39
5.0,2024.0,Spain,ESP,Wind onshore,0,GW,31.33,0.13,0.52
6.0,2024.0,Spain,ESP,Wind onshore,0,GW,31.43,0.1,0.62
7.0,2024.0,Spain,ESP,Wind onshore,0,GW,31.52,0.09,0.71
8.0,2024.0,Spain,ESP,Wind onshore,0,GW,31.56,0.04,0.75
9.0,2024.0,Spain,ESP,Wind onshore,0,GW,31.6,0.04,0.79
10.0,2024.0,Spain,ESP,Wind onshore,0,GW,31.62,0.02,0.81
11.0,2024.0,Spain,ESP,Wind onshore,0,GW,31.75,0.13,0.94
12.0,2024.0,Spain,ESP,Wind onshore,0,GW,32.12,0.37,1.31
1.0,2025.0,Spain,ESP,Wind onshore,0,GW,32.19,0.07,0.07
2.0,2025.0,Spain,ESP,Wind onshore,0,GW,32.26,0.07,0.14
3.0,2025.0,Spain,ESP,Wind onshore,0,GW,32.5,0.24,0.38
4.0,2025.0,Spain,ESP,Wind onshore,0,GW,32.57,0.07,0.45
5.0,2025.0,Spain,ESP,Wind onshore,0,GW,32.57,0.0,0.45
6.0,2025.0,Spain,ESP,Wind onshore,0,GW,32.57,0.0,0.45
1.0,2016.0,Spain,ESP,Wind,1,GW,22.92,0.0,0.0
2.0,2016.0,Spain,ESP,Wind,1,GW,22.92,0.0,0.0
3.0,2016.0,Spain,ESP,Wind,1,GW,22.92,0.0,0.0
4.0,2016.0,Spain,ESP,Wind,1,GW,22.92,0.0,0.0
5.0,2016.0,Spain,ESP,Wind,1,GW,22.92,0.0,0.0
6.0,2016.0,Spain,ESP,Wind,1,GW,22.92,0.0,0.0
7.0,2016.0,Spain,ESP,Wind,1,GW,22.92,0.0,0.0
8.0,2016.0,Spain,ESP,Wind,1,GW,22.92,0.0,0.0
9.0,2016.0,Spain,ESP,Wind,1,GW,22.96,0.04,0.04
10.0,2016.0,Spain,ESP,Wind,1,GW,22.96,0.0,0.04
11.0,2016.0,Spain,ESP,Wind,1,GW,22.96,0.0,0.04
12.0,2016.0,Spain,ESP,Wind,1,GW,22.97,0.01,0.05
1.0,2017.0,Spain,ESP,Wind,1,GW,22.97,0.0,0.0
2.0,2017.0,Spain,ESP,Wind,1,GW,22.97,0.0,0.0
3.0,2017.0,Spain,ESP,Wind,1,GW,22.97,0.0,0.0
4.0,2017.0,Spain,ESP,Wind,1,GW,22.97,0.0,0.0
5.0,2017.0,Spain,ESP,Wind,1,GW,22.97,0.0,0.0
6.0,2017.0,Spain,ESP,Wind,1,GW,23.0,0.03,0.03
7.0,2017.0,Spain,ESP,Wind,1,GW,23.02,0.02,0.05
8.0,2017.0,Spain,ESP,Wind,1,GW,23.02,0.0,0.05
9.0,2017.0,Spain,ESP,Wind,1,GW,23.02,0.0,0.05
10.0,2017.0,Spain,ESP,Wind,1,GW,23.02,0.0,0.05
11.0,2017.0,Spain,ESP,Wind,1,GW,23.03,0.01,0.06
12.0,2017.0,Spain,ESP,Wind,1,GW,23.06,0.03,0.09
1.0,2018.0,Spain,ESP,Wind,1,GW,23.07,0.01,0.01
2.0,2018.0,Spain,ESP,Wind,1,GW,23.08,0.01,0.02
3.0,2018.0,Spain,ESP,Wind,1,GW,23.09,0.01,0.03
4.0,2018.0,Spain,ESP,Wind,1,GW,23.1,0.01,0.04
5.0,2018.0,Spain,ESP,Wind,1,GW,23.12,0.02,0.06
6.0,2018.0,Spain,ESP,Wind,1,GW,23.12,0.0,0.06
7.0,2018.0,Spain,ESP,Wind,1,GW,23.12,0.0,0.06
8.0,2018.0,Spain,ESP,Wind,1,GW,23.2,0.08,0.14
9.0,2018.0,Spain,ESP,Wind,1,GW,23.21,0.01,0.15
10.0,2018.0,Spain,ESP,Wind,1,GW,23.26,0.05,0.2
11.0,2018.0,Spain,ESP,Wind,1,GW,23.36,0.1,0.3
12.0,2018.0,Spain,ESP,Wind,1,GW,23.43,0.07,0.37
1.0,2019.0,Spain,ESP,Wind,1,GW,23.48,0.05,0.05
2.0,2019.0,Spain,ESP,Wind,1,GW,23.52,0.04,0.09
3.0,2019.0,Spain,ESP,Wind,1,GW,23.52,0.0,0.09
4.0,2019.0,Spain,ESP,Wind,1,GW,23.57,0.05,0.14
5.0,2019.0,Spain,ESP,Wind,1,GW,23.62,0.05,0.19
6.0,2019.0,Spain,ESP,Wind,1,GW,23.66,0.04,0.23
7.0,2019.0,Spain,ESP,Wind,1,GW,23.72,0.06,0.29
8.0,2019.0,Spain,ESP,Wind,1,GW,24.07,0.35,0.64
9.0,2019.0,Spain,ESP,Wind,1,GW,24.42,0.35,0.99
10.0,2019.0,Spain,ESP,Wind,1,GW,25.06,0.64,1.63
11.0,2019.0,Spain,ESP,Wind,1,GW,25.31,0.25,1.88
12.0,2019.0,Spain,ESP,Wind,1,GW,25.68,0.37,2.25
1.0,2020.0,Spain,ESP,Wind,1,GW,25.71,0.03,0.03
2.0,2020.0,Spain,ESP,Wind,1,GW,25.72,0.01,0.04
3.0,2020.0,Spain,ESP,Wind,1,GW,26.09,0.37,0.41
4.0,2020.0,Spain,ESP,Wind,1,GW,26.11,0.02,0.43
5.0,2020.0,Spain,ESP,Wind,1,GW,26.31,0.2,0.63
6.0,2020.0,Spain,ESP,Wind,1,GW,26.43,0.12,0.75
7.0,2020.0,Spain,ESP,Wind,1,GW,26.53,0.1,0.85
8.0,2020.0,Spain,ESP,Wind,1,GW,26.73,0.2,1.05
9.0,2020.0,Spain,ESP,Wind,1,GW,27.01,0.28,1.33
10.0,2020.0,Spain,ESP,Wind,1,GW,27.23,0.22,1.55
11.0,2020.0,Spain,ESP,Wind,1,GW,27.56,0.33,1.88
12.0,2020.0,Spain,ESP,Wind,1,GW,27.67,0.11,1.99
1.0,2021.0,Spain,ESP,Wind,1,GW,27.67,0.0,0.0
2.0,2021.0,Spain,ESP,Wind,1,GW,27.77,0.1,0.1
3.0,2021.0,Spain,ESP,Wind,1,GW,27.8,0.03,0.13
4.0,2021.0,Spain,ESP,Wind,1,GW,27.84,0.04,0.17
5.0,2021.0,Spain,ESP,Wind,1,GW,27.99,0.15,0.32
6.0,2021.0,Spain,ESP,Wind,1,GW,28.12,0.13,0.45
7.0,2021.0,Spain,ESP,Wind,1,GW,28.2,0.08,0.53
8.0,2021.0,Spain,ESP,Wind,1,GW,28.2,0.0,0.53
9.0,2021.0,Spain,ESP,Wind,1,GW,28.21,0.01,0.54
10.0,2021.0,Spain,ESP,Wind,1,GW,28.41,0.2,0.74
11.0,2021.0,Spain,ESP,Wind,1,GW,28.41,0.0,0.74
12.0,2021.0,Spain,ESP,Wind,1,GW,28.67,0.26,1.0
1.0,2022.0,Spain,ESP,Wind,1,GW,28.69,0.02,0.02
2.0,2022.0,Spain,ESP,Wind,1,GW,28.9,0.21,0.23
3.0,2022.0,Spain,ESP,Wind,1,GW,29.06,0.16,0.39
4.0,2022.0,Spain,ESP,Wind,1,GW,29.11,0.05,0.44
5.0,2022.0,Spain,ESP,Wind,1,GW,29.57,0.46,0.9
6.0,2022.0,Spain,ESP,Wind,1,GW,29.63,0.06,0.96
7.0,2022.0,Spain,ESP,Wind,1,GW,29.63,0.0,0.96
8.0,2022.0,Spain,ESP,Wind,1,GW,29.69,0.06,1.02
9.0,2022.0,Spain,ESP,Wind,1,GW,29.77,0.08,1.1
10.0,2022.0,Spain,ESP,Wind,1,GW,29.83,0.06,1.16
11.0,2022.0,Spain,ESP,Wind,1,GW,30.01,0.18,1.34
12.0,2022.0,Spain,ESP,Wind,1,GW,30.14,0.13,1.47
1.0,2023.0,Spain,ESP,Wind,1,GW,30.2,0.06,0.06
2.0,2023.0,Spain,ESP,Wind,1,GW,30.28,0.08,0.14
3.0,2023.0,Spain,ESP,Wind,1,GW,30.34,0.06,0.2
4.0,2023.0,Spain,ESP,Wind,1,GW,30.35,0.01,0.21
5.0,2023.0,Spain,ESP,Wind,1,GW,30.4,0.05,0.26
6.0,2023.0,Spain,ESP,Wind,1,GW,30.47,0.07,0.33
7.0,2023.0,Spain,ESP,Wind,1,GW,30.49,0.02,0.35
8.0,2023.0,Spain,ESP,Wind,1,GW,30.53,0.04,0.39
9.0,2023.0,Spain,ESP,Wind,1,GW,30.57,0.04,0.43
10.0,2023.0,Spain,ESP,Wind,1,GW,30.65,0.08,0.51
11.0,2023.0,Spain,ESP,Wind,1,GW,30.8,0.15,0.66
12.0,2023.0,Spain,ESP,Wind,1,GW,30.81,0.01,0.67
1.0,2024.0,Spain,ESP,Wind,1,GW,30.83,0.02,0.02
2.0,2024.0,Spain,ESP,Wind,1,GW,30.97,0.14,0.16
3.0,2024.0,Spain,ESP,Wind,1,GW,31.01,0.04,0.2
4.0,2024.0,Spain,ESP,Wind,1,GW,31.2,0.19,0.39
5.0,2024.0,Spain,ESP,Wind,1,GW,31.33,0.13,0.52
6.0,2024.0,Spain,ESP,Wind,1,GW,31.43,0.1,0.62
7.0,2024.0,Spain,ESP,Wind,1,GW,31.52,0.09,0.71
8.0,2024.0,Spain,ESP,Wind,1,GW,31.56,0.04,0.75
9.0,2024.0,Spain,ESP,Wind,1,GW,31.6,0.04,0.79
10.0,2024.0,Spain,ESP,Wind,1,GW,31.62,0.02,0.81
11.0,2024.0,Spain,ESP,Wind,1,GW,31.75,0.13,0.94
12.0,2024.0,Spain,ESP,Wind,1,GW,32.12,0.37,1.31
1.0,2025.0,Spain,ESP,Wind,1,GW,32.19,0.07,0.07
2.0,2025.0,Spain,ESP,Wind,1,GW,32.26,0.07,0.14
3.0,2025.0,Spain,ESP,Wind,1,GW,32.5,0.24,0.38
4.0,2025.0,Spain,ESP,Wind,1,GW,32.57,0.07,0.45
5.0,2025.0,Spain,ESP,Wind,1,GW,32.57,0.0,0.45
6.0,2025.0,Spain,ESP,Wind,1,GW,32.57,0.0,0.45
1.0,2016.0,Spain,ESP,Wind and solar,1,GW,32.01,0.0,0.0
2.0,2016.0,Spain,ESP,Wind and solar,1,GW,32.01,0.0,0.0
3.0,2016.0,Spain,ESP,Wind and solar,1,GW,32.01,0.0,0.0
4.0,2016.0,Spain,ESP,Wind and solar,1,GW,32.01,0.0,0.0
5.0,2016.0,Spain,ESP,Wind and solar,1,GW,32.01,0.0,0.0
6.0,2016.0,Spain,ESP,Wind and solar,1,GW,32.01,0.0,0.0
7.0,2016.0,Spain,ESP,Wind and solar,1,GW,32.02,0.01,0.01
8.0,2016.0,Spain,ESP,Wind and solar,1,GW,32.02,0.0,0.01
9.0,2016.0,Spain,ESP,Wind and solar,1,GW,32.05,0.03,0.04
10.0,2016.0,Spain,ESP,Wind and solar,1,GW,32.05,0.0,0.04
11.0,2016.0,Spain,ESP,Wind and solar,1,GW,32.05,0.0,0.04
12.0,2016.0,Spain,ESP,Wind and solar,1,GW,32.06,0.01,0.05
1.0,2017.0,Spain,ESP,Wind and solar,1,GW,32.07,0.01,0.01
2.0,2017.0,Spain,ESP,Wind and solar,1,GW,32.07,0.0,0.01
3.0,2017.0,Spain,ESP,Wind and solar,1,GW,32.07,0.0,0.01
4.0,2017.0,Spain,ESP,Wind and solar,1,GW,32.07,0.0,0.01
5.0,2017.0,Spain,ESP,Wind and solar,1,GW,32.07,0.0,0.01
6.0,2017.0,Spain,ESP,Wind and solar,1,GW,32.1,0.03,0.04
7.0,2017.0,Spain,ESP,Wind and solar,1,GW,32.11,0.01,0.05
8.0,2017.0,Spain,ESP,Wind and solar,1,GW,32.12,0.01,0.06
9.0,2017.0,Spain,ESP,Wind and solar,1,GW,32.12,0.0,0.06
10.0,2017.0,Spain,ESP,Wind and solar,1,GW,32.12,0.0,0.06
11.0,2017.0,Spain,ESP,Wind and solar,1,GW,32.12,0.0,0.06
12.0,2017.0,Spain,ESP,Wind and solar,1,GW,32.16,0.04,0.1
1.0,2018.0,Spain,ESP,Wind and solar,1,GW,32.16,0.0,0.0
2.0,2018.0,Spain,ESP,Wind and solar,1,GW,32.19,0.03,0.03
3.0,2018.0,Spain,ESP,Wind and solar,1,GW,32.21,0.02,0.05
4.0,2018.0,Spain,ESP,Wind and solar,1,GW,32.22,0.01,0.06
5.0,2018.0,Spain,ESP,Wind and solar,1,GW,32.25,0.03,0.09
6.0,2018.0,Spain,ESP,Wind and solar,1,GW,32.25,0.0,0.09
7.0,2018.0,Spain,ESP,Wind and solar,1,GW,32.25,0.0,0.09
8.0,2018.0,Spain,ESP,Wind and solar,1,GW,32.34,0.09,0.18
9.0,2018.0,Spain,ESP,Wind and solar,1,GW,32.35,0.01,0.19
10.0,2018.0,Spain,ESP,Wind and solar,1,GW,32.39,0.04,0.23
11.0,2018.0,Spain,ESP,Wind and solar,1,GW,32.5,0.11,0.34
12.0,2018.0,Spain,ESP,Wind and solar,1,GW,32.63,0.13,0.47
1.0,2019.0,Spain,ESP,Wind and solar,1,GW,32.76,0.13,0.13
2.0,2019.0,Spain,ESP,Wind and solar,1,GW,33.03,0.27,0.4
3.0,2019.0,Spain,ESP,Wind and solar,1,GW,33.04,0.01,0.41
4.0,2019.0,Spain,ESP,Wind and solar,1,GW,33.73,0.69,1.1
5.0,2019.0,Spain,ESP,Wind and solar,1,GW,33.86,0.13,1.23
6.0,2019.0,Spain,ESP,Wind and solar,1,GW,34.14,0.28,1.51
7.0,2019.0,Spain,ESP,Wind and solar,1,GW,34.52,0.38,1.89
8.0,2019.0,Spain,ESP,Wind and solar,1,GW,35.28,0.76,2.65
9.0,2019.0,Spain,ESP,Wind and solar,1,GW,35.95,0.67,3.32
10.0,2019.0,Spain,ESP,Wind and solar,1,GW,37.72,1.77,5.09
11.0,2019.0,Spain,ESP,Wind and solar,1,GW,39.48,1.76,6.85
12.0,2019.0,Spain,ESP,Wind and solar,1,GW,40.08,0.6,7.45
1.0,2020.0,Spain,ESP,Wind and solar,1,GW,40.28,0.2,0.2
2.0,2020.0,Spain,ESP,Wind and solar,1,GW,40.34,0.06,0.26
3.0,2020.0,Spain,ESP,Wind and solar,1,GW,41.37,1.03,1.29
4.0,2020.0,Spain,ESP,Wind and solar,1,GW,41.5,0.13,1.42
5.0,2020.0,Spain,ESP,Wind and solar,1,GW,41.97,0.47,1.89
6.0,2020.0,Spain,ESP,Wind and solar,1,GW,42.31,0.34,2.23
7.0,2020.0,Spain,ESP,Wind and solar,1,GW,42.78,0.47,2.7
8.0,2020.0,Spain,ESP,Wind and solar,1,GW,43.03,0.25,2.95
9.0,2020.0,Spain,ESP,Wind and solar,1,GW,43.97,0.94,3.89
10.0,2020.0,Spain,ESP,Wind and solar,1,GW,44.71,0.74,4.63
11.0,2020.0,Spain,ESP,Wind and solar,1,GW,45.44,0.73,5.36
12.0,2020.0,Spain,ESP,Wind and solar,1,GW,45.92,0.48,5.84
1.0,2021.0,Spain,ESP,Wind and solar,1,GW,46.08,0.16,0.16
2.0,2021.0,Spain,ESP,Wind and solar,1,GW,46.6,0.52,0.68
3.0,2021.0,Spain,ESP,Wind and solar,1,GW,47.04,0.44,1.12
4.0,2021.0,Spain,ESP,Wind and solar,1,GW,47.29,0.25,1.37
5.0,2021.0,Spain,ESP,Wind and solar,1,GW,47.83,0.54,1.91
6.0,2021.0,Spain,ESP,Wind and solar,1,GW,48.36,0.53,2.44
7.0,2021.0,Spain,ESP,Wind and solar,1,GW,48.88,0.52,2.96
8.0,2021.0,Spain,ESP,Wind and solar,1,GW,49.05,0.17,3.13
9.0,2021.0,Spain,ESP,Wind and solar,1,GW,49.26,0.21,3.34
10.0,2021.0,Spain,ESP,Wind and solar,1,GW,49.79,0.53,3.87
11.0,2021.0,Spain,ESP,Wind and solar,1,GW,50.48,0.69,4.56
12.0,2021.0,Spain,ESP,Wind and solar,1,GW,51.67,1.19,5.75
1.0,2022.0,Spain,ESP,Wind and solar,1,GW,52.24,0.57,0.57
2.0,2022.0,Spain,ESP,Wind and solar,1,GW,52.77,0.53,1.1
3.0,2022.0,Spain,ESP,Wind and solar,1,GW,53.29,0.52,1.62
4.0,2022.0,Spain,ESP,Wind and solar,1,GW,53.53,0.24,1.86
5.0,2022.0,Spain,ESP,Wind and solar,1,GW,54.68,1.15,3.01
6.0,2022.0,Spain,ESP,Wind and solar,1,GW,55.02,0.34,3.35
7.0,2022.0,Spain,ESP,Wind and solar,1,GW,56.31,1.29,4.64
8.0,2022.0,Spain,ESP,Wind and solar,1,GW,56.69,0.38,5.02
9.0,2022.0,Spain,ESP,Wind and solar,1,GW,57.1,0.41,5.43
10.0,2022.0,Spain,ESP,Wind and solar,1,GW,57.49,0.39,5.82
11.0,2022.0,Spain,ESP,Wind and solar,1,GW,58.85,1.36,7.18
12.0,2022.0,Spain,ESP,Wind and solar,1,GW,59.4,0.55,7.73
1.0,2023.0,Spain,ESP,Wind and solar,1,GW,59.79,0.39,0.39
2.0,2023.0,Spain,ESP,Wind and solar,1,GW,60.42,0.63,1.02
3.0,2023.0,Spain,ESP,Wind and solar,1,GW,61.21,0.79,1.81
4.0,2023.0,Spain,ESP,Wind and solar,1,GW,61.71,0.5,2.31
5.0,2023.0,Spain,ESP,Wind and solar,1,GW,62.19,0.48,2.79
6.0,2023.0,Spain,ESP,Wind and solar,1,GW,63.5,1.31,4.1
7.0,2023.0,Spain,ESP,Wind and solar,1,GW,63.93,0.43,4.53
8.0,2023.0,Spain,ESP,Wind and solar,1,GW,64.76,0.83,5.36
9.0,2023.0,Spain,ESP,Wind and solar,1,GW,65.32,0.56,5.92
10.0,2023.0,Spain,ESP,Wind and solar,1,GW,66.26,0.94,6.86
11.0,2023.0,Spain,ESP,Wind and solar,1,GW,67.64,1.38,8.24
12.0,2023.0,Spain,ESP,Wind and solar,1,GW,68.02,0.38,8.62
1.0,2024.0,Spain,ESP,Wind and solar,1,GW,68.28,0.26,0.26
2.0,2024.0,Spain,ESP,Wind and solar,1,GW,68.71,0.43,0.69
3.0,2024.0,Spain,ESP,Wind and solar,1,GW,69.28,0.57,1.26
4.0,2024.0,Spain,ESP,Wind and solar,1,GW,70.07,0.79,2.05
5.0,2024.0,Spain,ESP,Wind and solar,1,GW,70.49,0.42,2.47
6.0,2024.0,Spain,ESP,Wind and solar,1,GW,71.26,0.77,3.24
7.0,2024.0,Spain,ESP,Wind and solar,1,GW,72.8,1.54,4.78
8.0,2024.0,Spain,ESP,Wind and solar,1,GW,73.33,0.53,5.31
9.0,2024.0,Spain,ESP,Wind and solar,1,GW,74.32,0.99,6.3
10.0,2024.0,Spain,ESP,Wind and solar,1,GW,75.43,1.11,7.41
11.0,2024.0,Spain,ESP,Wind and solar,1,GW,76.38,0.95,8.36
12.0,2024.0,Spain,ESP,Wind and solar,1,GW,77.55,1.17,9.53
1.0,2025.0,Spain,ESP,Wind and solar,1,GW,78.07,0.52,0.52
2.0,2025.0,Spain,ESP,Wind and solar,1,GW,78.86,0.79,1.31
3.0,2025.0,Spain,ESP,Wind and solar,1,GW,80.25,1.39,2.7
4.0,2025.0,Spain,ESP,Wind and solar,1,GW,80.74,0.49,3.19
5.0,2025.0,Spain,ESP,Wind and solar,1,GW,81.62,0.88,4.07
6.0,2025.0,Spain,ESP,Wind and solar,1,GW,82.09,0.47,4.54
4.0,2019.0,Finland,FIN,Solar,0,GWAC,0.09,,
5.0,2019.0,Finland,FIN,Solar,0,GWAC,0.09,0.0,
6.0,2019.0,Finland,FIN,Solar,0,GWAC,0.12,0.03,
7.0,2019.0,Finland,FIN,Solar,0,GWAC,0.12,0.0,
8.0,2019.0,Finland,FIN,Solar,0,GWAC,0.12,0.0,
9.0,2019.0,Finland,FIN,Solar,0,GWAC,0.13,0.01,
10.0,2019.0,Finland,FIN,Solar,0,GWAC,0.13,0.0,
11.0,2019.0,Finland,FIN,Solar,0,GWAC,0.14,0.01,
12.0,2019.0,Finland,FIN,Solar,0,GWAC,0.14,0.0,
1.0,2020.0,Finland,FIN,Solar,0,GWAC,0.16,0.02,0.02
2.0,2020.0,Finland,FIN,Solar,0,GWAC,0.16,0.0,0.02
3.0,2020.0,Finland,FIN,Solar,0,GWAC,0.16,0.0,0.02
4.0,2020.0,Finland,FIN,Solar,0,GWAC,0.16,0.0,0.02
5.0,2020.0,Finland,FIN,Solar,0,GWAC,0.16,0.0,0.02
6.0,2020.0,Finland,FIN,Solar,0,GWAC,0.18,0.02,0.04
7.0,2020.0,Finland,FIN,Solar,0,GWAC,0.18,0.0,0.04
8.0,2020.0,Finland,FIN,Solar,0,GWAC,0.18,0.0,0.04
9.0,2020.0,Finland,FIN,Solar,0,GWAC,0.18,0.0,0.04
10.0,2020.0,Finland,FIN,Solar,0,GWAC,0.18,0.0,0.04
11.0,2020.0,Finland,FIN,Solar,0,GWAC,0.21,0.03,0.07
12.0,2020.0,Finland,FIN,Solar,0,GWAC,0.21,0.0,0.07
1.0,2021.0,Finland,FIN,Solar,0,GWAC,0.21,0.0,0.0
2.0,2021.0,Finland,FIN,Solar,0,GWAC,0.21,0.0,0.0
3.0,2021.0,Finland,FIN,Solar,0,GWAC,0.21,0.0,0.0
4.0,2021.0,Finland,FIN,Solar,0,GWAC,0.23,0.02,0.02
5.0,2021.0,Finland,FIN,Solar,0,GWAC,0.23,0.0,0.02
6.0,2021.0,Finland,FIN,Solar,0,GWAC,0.23,0.0,0.02
7.0,2021.0,Finland,FIN,Solar,0,GWAC,0.23,0.0,0.02
8.0,2021.0,Finland,FIN,Solar,0,GWAC,0.25,0.02,0.04
9.0,2021.0,Finland,FIN,Solar,0,GWAC,0.25,0.0,0.04
10.0,2021.0,Finland,FIN,Solar,0,GWAC,0.28,0.03,0.07
11.0,2021.0,Finland,FIN,Solar,0,GWAC,0.28,0.0,0.07
12.0,2021.0,Finland,FIN,Solar,0,GWAC,0.28,0.0,0.07
1.0,2022.0,Finland,FIN,Solar,0,GWAC,0.28,0.0,0.0
2.0,2022.0,Finland,FIN,Solar,0,GWAC,0.28,0.0,0.0
3.0,2022.0,Finland,FIN,Solar,0,GWAC,0.29,0.01,0.01
4.0,2022.0,Finland,FIN,Solar,0,GWAC,0.29,0.0,0.01
5.0,2022.0,Finland,FIN,Solar,0,GWAC,0.32,0.03,0.04
6.0,2022.0,Finland,FIN,Solar,0,GWAC,0.38,0.06,0.1
7.0,2022.0,Finland,FIN,Solar,0,GWAC,0.38,0.0,0.1
8.0,2022.0,Finland,FIN,Solar,0,GWAC,0.38,0.0,0.1
9.0,2022.0,Finland,FIN,Solar,0,GWAC,0.38,0.0,0.1
10.0,2022.0,Finland,FIN,Solar,0,GWAC,0.38,0.0,0.1
11.0,2022.0,Finland,FIN,Solar,0,GWAC,0.47,0.09,0.19
12.0,2022.0,Finland,FIN,Solar,0,GWAC,0.47,0.0,0.19
1.0,2023.0,Finland,FIN,Solar,0,GWAC,0.47,0.0,0.0
2.0,2023.0,Finland,FIN,Solar,0,GWAC,0.47,0.0,0.0
3.0,2023.0,Finland,FIN,Solar,0,GWAC,0.54,0.07,0.07
4.0,2023.0,Finland,FIN,Solar,0,GWAC,0.54,0.0,0.07
5.0,2023.0,Finland,FIN,Solar,0,GWAC,0.54,0.0,0.07
6.0,2023.0,Finland,FIN,Solar,0,GWAC,0.63,0.09,0.16
7.0,2023.0,Finland,FIN,Solar,0,GWAC,0.63,0.0,0.16
8.0,2023.0,Finland,FIN,Solar,0,GWAC,0.71,0.08,0.24
9.0,2023.0,Finland,FIN,Solar,0,GWAC,0.71,0.0,0.24
10.0,2023.0,Finland,FIN,Solar,0,GWAC,0.76,0.05,0.29
11.0,2023.0,Finland,FIN,Solar,0,GWAC,0.76,0.0,0.29
12.0,2023.0,Finland,FIN,Solar,0,GWAC,0.78,0.02,0.31
1.0,2024.0,Finland,FIN,Solar,0,GWAC,0.78,0.0,0.0
2.0,2024.0,Finland,FIN,Solar,0,GWAC,0.78,0.0,0.0
3.0,2024.0,Finland,FIN,Solar,0,GWAC,0.78,0.0,0.0
4.0,2024.0,Finland,FIN,Solar,0,GWAC,0.81,0.03,0.03
5.0,2024.0,Finland,FIN,Solar,0,GWAC,0.81,0.0,0.03
6.0,2024.0,Finland,FIN,Solar,0,GWAC,0.81,0.0,0.03
7.0,2024.0,Finland,FIN,Solar,0,GWAC,0.85,0.04,0.07
8.0,2024.0,Finland,FIN,Solar,0,GWAC,0.85,0.0,0.07
9.0,2024.0,Finland,FIN,Solar,0,GWAC,0.85,0.0,0.07
10.0,2024.0,Finland,FIN,Solar,0,GWAC,0.85,0.0,0.07
11.0,2024.0,Finland,FIN,Solar,0,GWAC,0.85,0.0,0.07
12.0,2024.0,Finland,FIN,Solar,0,GWAC,0.85,0.0,0.07
1.0,2025.0,Finland,FIN,Solar,0,GWAC,0.85,0.0,0.0
2.0,2025.0,Finland,FIN,Solar,0,GWAC,0.97,0.12,0.12
3.0,2025.0,Finland,FIN,Solar,0,GWAC,0.97,0.0,0.12
4.0,2025.0,Finland,FIN,Solar,0,GWAC,0.97,0.0,0.12
5.0,2025.0,Finland,FIN,Solar,0,GWAC,1.05,0.08,0.2
6.0,2025.0,Finland,FIN,Solar,0,GWAC,1.05,0.0,0.2
7.0,2025.0,Finland,FIN,Solar,0,GWAC,1.14,0.09,0.29
8.0,2025.0,Finland,FIN,Solar,0,GWAC,1.14,0.0,0.29
4.0,2019.0,Finland,FIN,Solar,0,GWDC,0.11,,
5.0,2019.0,Finland,FIN,Solar,0,GWDC,0.11,0.0,
6.0,2019.0,Finland,FIN,Solar,0,GWDC,0.15,0.04,
7.0,2019.0,Finland,FIN,Solar,0,GWDC,0.15,0.0,
8.0,2019.0,Finland,FIN,Solar,0,GWDC,0.15,0.0,
9.0,2019.0,Finland,FIN,Solar,0,GWDC,0.17,0.02,
10.0,2019.0,Finland,FIN,Solar,0,GWDC,0.17,0.0,
11.0,2019.0,Finland,FIN,Solar,0,GWDC,0.18,0.01,
12.0,2019.0,Finland,FIN,Solar,0,GWDC,0.18,0.0,
1.0,2020.0,Finland,FIN,Solar,0,GWDC,0.2,0.02,0.02
2.0,2020.0,Finland,FIN,Solar,0,GWDC,0.2,0.0,0.02
3.0,2020.0,Finland,FIN,Solar,0,GWDC,0.2,0.0,0.02
4.0,2020.0,Finland,FIN,Solar,0,GWDC,0.21,0.01,0.03
5.0,2020.0,Finland,FIN,Solar,0,GWDC,0.21,0.0,0.03
6.0,2020.0,Finland,FIN,Solar,0,GWDC,0.24,0.03,0.06
7.0,2020.0,Finland,FIN,Solar,0,GWDC,0.24,0.0,0.06
8.0,2020.0,Finland,FIN,Solar,0,GWDC,0.24,0.0,0.06
9.0,2020.0,Finland,FIN,Solar,0,GWDC,0.24,0.0,0.06
10.0,2020.0,Finland,FIN,Solar,0,GWDC,0.24,0.0,0.06
11.0,2020.0,Finland,FIN,Solar,0,GWDC,0.28,0.04,0.1
12.0,2020.0,Finland,FIN,Solar,0,GWDC,0.28,0.0,0.1
1.0,2021.0,Finland,FIN,Solar,0,GWDC,0.28,0.0,0.0
2.0,2021.0,Finland,FIN,Solar,0,GWDC,0.28,0.0,0.0
3.0,2021.0,Finland,FIN,Solar,0,GWDC,0.28,0.0,0.0
4.0,2021.0,Finland,FIN,Solar,0,GWDC,0.3,0.02,0.02
5.0,2021.0,Finland,FIN,Solar,0,GWDC,0.3,0.0,0.02
6.0,2021.0,Finland,FIN,Solar,0,GWDC,0.3,0.0,0.02
7.0,2021.0,Finland,FIN,Solar,0,GWDC,0.3,0.0,0.02
8.0,2021.0,Finland,FIN,Solar,0,GWDC,0.33,0.03,0.05
9.0,2021.0,Finland,FIN,Solar,0,GWDC,0.33,0.0,0.05
10.0,2021.0,Finland,FIN,Solar,0,GWDC,0.36,0.03,0.08
11.0,2021.0,Finland,FIN,Solar,0,GWDC,0.36,0.0,0.08
12.0,2021.0,Finland,FIN,Solar,0,GWDC,0.36,0.0,0.08
1.0,2022.0,Finland,FIN,Solar,0,GWDC,0.36,0.0,0.0
2.0,2022.0,Finland,FIN,Solar,0,GWDC,0.36,0.0,0.0
3.0,2022.0,Finland,FIN,Solar,0,GWDC,0.38,0.02,0.02
4.0,2022.0,Finland,FIN,Solar,0,GWDC,0.38,0.0,0.02
5.0,2022.0,Finland,FIN,Solar,0,GWDC,0.41,0.03,0.05
6.0,2022.0,Finland,FIN,Solar,0,GWDC,0.5,0.09,0.14
7.0,2022.0,Finland,FIN,Solar,0,GWDC,0.5,0.0,0.14
8.0,2022.0,Finland,FIN,Solar,0,GWDC,0.5,0.0,0.14
9.0,2022.0,Finland,FIN,Solar,0,GWDC,0.5,0.0,0.14
10.0,2022.0,Finland,FIN,Solar,0,GWDC,0.5,0.0,0.14
11.0,2022.0,Finland,FIN,Solar,0,GWDC,0.61,0.11,0.25
12.0,2022.0,Finland,FIN,Solar,0,GWDC,0.61,0.0,0.25
1.0,2023.0,Finland,FIN,Solar,0,GWDC,0.61,0.0,0.0
2.0,2023.0,Finland,FIN,Solar,0,GWDC,0.61,0.0,0.0
3.0,2023.0,Finland,FIN,Solar,0,GWDC,0.7,0.09,0.09
4.0,2023.0,Finland,FIN,Solar,0,GWDC,0.7,0.0,0.09
5.0,2023.0,Finland,FIN,Solar,0,GWDC,0.7,0.0,0.09
6.0,2023.0,Finland,FIN,Solar,0,GWDC,0.81,0.11,0.2
7.0,2023.0,Finland,FIN,Solar,0,GWDC,0.81,0.0,0.2
8.0,2023.0,Finland,FIN,Solar,0,GWDC,0.93,0.12,0.32
9.0,2023.0,Finland,FIN,Solar,0,GWDC,0.93,0.0,0.32
10.0,2023.0,Finland,FIN,Solar,0,GWDC,0.99,0.06,0.38
11.0,2023.0,Finland,FIN,Solar,0,GWDC,0.99,0.0,0.38
12.0,2023.0,Finland,FIN,Solar,0,GWDC,1.02,0.03,0.41
1.0,2024.0,Finland,FIN,Solar,0,GWDC,1.02,0.0,0.0
2.0,2024.0,Finland,FIN,Solar,0,GWDC,1.02,0.0,0.0
3.0,2024.0,Finland,FIN,Solar,0,GWDC,1.02,0.0,0.0
4.0,2024.0,Finland,FIN,Solar,0,GWDC,1.05,0.03,0.03
5.0,2024.0,Finland,FIN,Solar,0,GWDC,1.05,0.0,0.03
6.0,2024.0,Finland,FIN,Solar,0,GWDC,1.05,0.0,0.03
7.0,2024.0,Finland,FIN,Solar,0,GWDC,1.11,0.06,0.09
8.0,2024.0,Finland,FIN,Solar,0,GWDC,1.11,0.0,0.09
9.0,2024.0,Finland,FIN,Solar,0,GWDC,1.11,0.0,0.09
10.0,2024.0,Finland,FIN,Solar,0,GWDC,1.11,0.0,0.09
11.0,2024.0,Finland,FIN,Solar,0,GWDC,1.11,0.0,0.09
12.0,2024.0,Finland,FIN,Solar,0,GWDC,1.11,0.0,0.09
1.0,2025.0,Finland,FIN,Solar,0,GWDC,1.11,0.0,0.0
2.0,2025.0,Finland,FIN,Solar,0,GWDC,1.26,0.15,0.15
3.0,2025.0,Finland,FIN,Solar,0,GWDC,1.26,0.0,0.15
4.0,2025.0,Finland,FIN,Solar,0,GWDC,1.27,0.01,0.16
5.0,2025.0,Finland,FIN,Solar,0,GWDC,1.37,0.1,0.26
6.0,2025.0,Finland,FIN,Solar,0,GWDC,1.37,0.0,0.26
7.0,2025.0,Finland,FIN,Solar,0,GWDC,1.48,0.11,0.37
8.0,2025.0,Finland,FIN,Solar,0,GWDC,1.48,0.0,0.37
1.0,2016.0,Finland,FIN,Wind unspecified,0,GW,0.91,0.0,0.0
2.0,2016.0,Finland,FIN,Wind unspecified,0,GW,0.91,0.0,0.0
3.0,2016.0,Finland,FIN,Wind unspecified,0,GW,0.91,0.0,0.0
4.0,2016.0,Finland,FIN,Wind unspecified,0,GW,0.91,0.0,0.0
5.0,2016.0,Finland,FIN,Wind unspecified,0,GW,0.91,0.0,0.0
6.0,2016.0,Finland,FIN,Wind unspecified,0,GW,0.91,0.0,0.0
7.0,2016.0,Finland,FIN,Wind unspecified,0,GW,0.91,0.0,0.0
8.0,2016.0,Finland,FIN,Wind unspecified,0,GW,1.36,0.45,0.45
9.0,2016.0,Finland,FIN,Wind unspecified,0,GW,1.36,0.0,0.45
10.0,2016.0,Finland,FIN,Wind unspecified,0,GW,1.26,-0.1,0.35
11.0,2016.0,Finland,FIN,Wind unspecified,0,GW,1.43,0.17,0.52
12.0,2016.0,Finland,FIN,Wind unspecified,0,GW,1.5,0.07,0.59
1.0,2017.0,Finland,FIN,Wind unspecified,0,GW,1.5,0.0,0.0
2.0,2017.0,Finland,FIN,Wind unspecified,0,GW,1.52,0.02,0.02
3.0,2017.0,Finland,FIN,Wind unspecified,0,GW,1.52,0.0,0.02
4.0,2017.0,Finland,FIN,Wind unspecified,0,GW,1.52,0.0,0.02
5.0,2017.0,Finland,FIN,Wind unspecified,0,GW,1.55,0.03,0.05
6.0,2017.0,Finland,FIN,Wind unspecified,0,GW,1.55,0.0,0.05
7.0,2017.0,Finland,FIN,Wind unspecified,0,GW,1.58,0.03,0.08
8.0,2017.0,Finland,FIN,Wind unspecified,0,GW,1.61,0.03,0.11
9.0,2017.0,Finland,FIN,Wind unspecified,0,GW,1.64,0.03,0.14
10.0,2017.0,Finland,FIN,Wind unspecified,0,GW,1.69,0.05,0.19
11.0,2017.0,Finland,FIN,Wind unspecified,0,GW,1.86,0.17,0.36
12.0,2017.0,Finland,FIN,Wind unspecified,0,GW,1.89,0.03,0.39
1.0,2018.0,Finland,FIN,Wind unspecified,0,GW,1.93,0.04,0.04
2.0,2018.0,Finland,FIN,Wind unspecified,0,GW,1.93,0.0,0.04
3.0,2018.0,Finland,FIN,Wind unspecified,0,GW,2.01,0.08,0.12
4.0,2018.0,Finland,FIN,Wind unspecified,0,GW,2.01,0.0,0.12
5.0,2018.0,Finland,FIN,Wind unspecified,0,GW,2.01,0.0,0.12
6.0,2018.0,Finland,FIN,Wind unspecified,0,GW,2.02,0.01,0.13
7.0,2018.0,Finland,FIN,Wind unspecified,0,GW,2.02,0.0,0.13
8.0,2018.0,Finland,FIN,Wind unspecified,0,GW,2.02,0.0,0.13
9.0,2018.0,Finland,FIN,Wind unspecified,0,GW,2.02,0.0,0.13
10.0,2018.0,Finland,FIN,Wind unspecified,0,GW,2.02,0.0,0.13
11.0,2018.0,Finland,FIN,Wind unspecified,0,GW,2.02,0.0,0.13
12.0,2018.0,Finland,FIN,Wind unspecified,0,GW,2.02,0.0,0.13
1.0,2019.0,Finland,FIN,Wind unspecified,0,GW,2.02,0.0,0.0
2.0,2019.0,Finland,FIN,Wind unspecified,0,GW,2.02,0.0,0.0
3.0,2019.0,Finland,FIN,Wind unspecified,0,GW,2.02,0.0,0.0
4.0,2019.0,Finland,FIN,Wind unspecified,0,GW,2.02,0.0,0.0
5.0,2019.0,Finland,FIN,Wind unspecified,0,GW,2.02,0.0,0.0
6.0,2019.0,Finland,FIN,Wind unspecified,0,GW,2.02,0.0,0.0
7.0,2019.0,Finland,FIN,Wind unspecified,0,GW,2.02,0.0,0.0
8.0,2019.0,Finland,FIN,Wind unspecified,0,GW,2.02,0.0,0.0
9.0,2019.0,Finland,FIN,Wind unspecified,0,GW,2.02,0.0,0.0
10.0,2019.0,Finland,FIN,Wind unspecified,0,GW,2.02,0.0,0.0
11.0,2019.0,Finland,FIN,Wind unspecified,0,GW,2.02,0.0,0.0
12.0,2019.0,Finland,FIN,Wind unspecified,0,GW,2.02,0.0,0.0
1.0,2020.0,Finland,FIN,Wind unspecified,0,GW,2.15,0.13,0.13
2.0,2020.0,Finland,FIN,Wind unspecified,0,GW,2.15,0.0,0.13
3.0,2020.0,Finland,FIN,Wind unspecified,0,GW,2.15,0.0,0.13
4.0,2020.0,Finland,FIN,Wind unspecified,0,GW,2.15,0.0,0.13
5.0,2020.0,Finland,FIN,Wind unspecified,0,GW,2.15,0.0,0.13
6.0,2020.0,Finland,FIN,Wind unspecified,0,GW,2.15,0.0,0.13
7.0,2020.0,Finland,FIN,Wind unspecified,0,GW,2.15,0.0,0.13
8.0,2020.0,Finland,FIN,Wind unspecified,0,GW,2.15,0.0,0.13
9.0,2020.0,Finland,FIN,Wind unspecified,0,GW,2.15,0.0,0.13
10.0,2020.0,Finland,FIN,Wind unspecified,0,GW,2.15,0.0,0.13
11.0,2020.0,Finland,FIN,Wind unspecified,0,GW,2.27,0.12,0.25
12.0,2020.0,Finland,FIN,Wind unspecified,0,GW,2.27,0.0,0.25
1.0,2021.0,Finland,FIN,Wind unspecified,0,GW,2.44,0.17,0.17
2.0,2021.0,Finland,FIN,Wind unspecified,0,GW,2.44,0.0,0.17
3.0,2021.0,Finland,FIN,Wind unspecified,0,GW,2.44,0.0,0.17
4.0,2021.0,Finland,FIN,Wind unspecified,0,GW,2.44,0.0,0.17
5.0,2021.0,Finland,FIN,Wind unspecified,0,GW,2.55,0.11,0.28
6.0,2021.0,Finland,FIN,Wind unspecified,0,GW,2.59,0.04,0.32
7.0,2021.0,Finland,FIN,Wind unspecified,0,GW,2.65,0.06,0.38
8.0,2021.0,Finland,FIN,Wind unspecified,0,GW,2.65,0.0,0.38
9.0,2021.0,Finland,FIN,Wind unspecified,0,GW,2.76,0.11,0.49
10.0,2021.0,Finland,FIN,Wind unspecified,0,GW,2.99,0.23,0.72
11.0,2021.0,Finland,FIN,Wind unspecified,0,GW,3.15,0.16,0.88
12.0,2021.0,Finland,FIN,Wind unspecified,0,GW,3.2,0.05,0.93
1.0,2022.0,Finland,FIN,Wind unspecified,0,GW,3.38,0.18,0.18
2.0,2022.0,Finland,FIN,Wind unspecified,0,GW,3.51,0.13,0.31
3.0,2022.0,Finland,FIN,Wind unspecified,0,GW,3.67,0.16,0.47
4.0,2022.0,Finland,FIN,Wind unspecified,0,GW,3.76,0.09,0.56
5.0,2022.0,Finland,FIN,Wind unspecified,0,GW,3.83,0.07,0.63
6.0,2022.0,Finland,FIN,Wind unspecified,0,GW,3.91,0.08,0.71
7.0,2022.0,Finland,FIN,Wind unspecified,0,GW,3.92,0.01,0.72
8.0,2022.0,Finland,FIN,Wind unspecified,0,GW,4.19,0.27,0.99
9.0,2022.0,Finland,FIN,Wind unspecified,0,GW,4.39,0.2,1.19
10.0,2022.0,Finland,FIN,Wind unspecified,0,GW,4.7,0.31,1.5
11.0,2022.0,Finland,FIN,Wind unspecified,0,GW,4.85,0.15,1.65
12.0,2022.0,Finland,FIN,Wind unspecified,0,GW,5.21,0.36,2.01
1.0,2023.0,Finland,FIN,Wind unspecified,0,GW,5.38,0.17,0.17
2.0,2023.0,Finland,FIN,Wind unspecified,0,GW,5.45,0.07,0.24
3.0,2023.0,Finland,FIN,Wind unspecified,0,GW,5.6,0.15,0.39
4.0,2023.0,Finland,FIN,Wind unspecified,0,GW,5.64,0.04,0.43
5.0,2023.0,Finland,FIN,Wind unspecified,0,GW,5.7,0.06,0.49
6.0,2023.0,Finland,FIN,Wind unspecified,0,GW,5.77,0.07,0.56
7.0,2023.0,Finland,FIN,Wind unspecified,0,GW,5.83,0.06,0.62
8.0,2023.0,Finland,FIN,Wind unspecified,0,GW,5.86,0.03,0.65
9.0,2023.0,Finland,FIN,Wind unspecified,0,GW,6.01,0.15,0.8
10.0,2023.0,Finland,FIN,Wind unspecified,0,GW,6.2,0.19,0.99
11.0,2023.0,Finland,FIN,Wind unspecified,0,GW,6.46,0.26,1.25
12.0,2023.0,Finland,FIN,Wind unspecified,0,GW,6.72,0.26,1.51
1.0,2024.0,Finland,FIN,Wind unspecified,0,GW,6.93,0.21,0.21
2.0,2024.0,Finland,FIN,Wind unspecified,0,GW,7.03,0.1,0.31
3.0,2024.0,Finland,FIN,Wind unspecified,0,GW,7.15,0.12,0.43
4.0,2024.0,Finland,FIN,Wind unspecified,0,GW,7.21,0.06,0.49
5.0,2024.0,Finland,FIN,Wind unspecified,0,GW,7.21,0.0,0.49
6.0,2024.0,Finland,FIN,Wind unspecified,0,GW,7.26,0.05,0.54
7.0,2024.0,Finland,FIN,Wind unspecified,0,GW,7.26,0.0,0.54
8.0,2024.0,Finland,FIN,Wind unspecified,0,GW,7.71,0.45,0.99
9.0,2024.0,Finland,FIN,Wind unspecified,0,GW,7.76,0.05,1.04
10.0,2024.0,Finland,FIN,Wind unspecified,0,GW,8.09,0.33,1.37
11.0,2024.0,Finland,FIN,Wind unspecified,0,GW,8.22,0.13,1.5
12.0,2024.0,Finland,FIN,Wind unspecified,0,GW,8.22,0.0,1.5
1.0,2025.0,Finland,FIN,Wind unspecified,0,GW,8.41,0.19,0.19
2.0,2025.0,Finland,FIN,Wind unspecified,0,GW,8.41,0.0,0.19
3.0,2025.0,Finland,FIN,Wind unspecified,0,GW,8.51,0.1,0.29
4.0,2025.0,Finland,FIN,Wind unspecified,0,GW,8.51,0.0,0.29
5.0,2025.0,Finland,FIN,Wind unspecified,0,GW,8.55,0.04,0.33
6.0,2025.0,Finland,FIN,Wind unspecified,0,GW,8.76,0.21,0.54
7.0,2025.0,Finland,FIN,Wind unspecified,0,GW,8.89,0.13,0.67
8.0,2025.0,Finland,FIN,Wind unspecified,0,GW,8.89,0.0,0.67
1.0,2016.0,Finland,FIN,Wind,1,GW,0.91,0.0,0.0
2.0,2016.0,Finland,FIN,Wind,1,GW,0.91,0.0,0.0
3.0,2016.0,Finland,FIN,Wind,1,GW,0.91,0.0,0.0
4.0,2016.0,Finland,FIN,Wind,1,GW,0.91,0.0,0.0
5.0,2016.0,Finland,FIN,Wind,1,GW,0.91,0.0,0.0
6.0,2016.0,Finland,FIN,Wind,1,GW,0.91,0.0,0.0
7.0,2016.0,Finland,FIN,Wind,1,GW,0.91,0.0,0.0
8.0,2016.0,Finland,FIN,Wind,1,GW,1.36,0.45,0.45
9.0,2016.0,Finland,FIN,Wind,1,GW,1.36,0.0,0.45
10.0,2016.0,Finland,FIN,Wind,1,GW,1.26,-0.1,0.35
11.0,2016.0,Finland,FIN,Wind,1,GW,1.43,0.17,0.52
12.0,2016.0,Finland,FIN,Wind,1,GW,1.5,0.07,0.59
1.0,2017.0,Finland,FIN,Wind,1,GW,1.5,0.0,0.0
2.0,2017.0,Finland,FIN,Wind,1,GW,1.52,0.02,0.02
3.0,2017.0,Finland,FIN,Wind,1,GW,1.52,0.0,0.02
4.0,2017.0,Finland,FIN,Wind,1,GW,1.52,0.0,0.02
5.0,2017.0,Finland,FIN,Wind,1,GW,1.55,0.03,0.05
6.0,2017.0,Finland,FIN,Wind,1,GW,1.55,0.0,0.05
7.0,2017.0,Finland,FIN,Wind,1,GW,1.58,0.03,0.08
8.0,2017.0,Finland,FIN,Wind,1,GW,1.61,0.03,0.11
9.0,2017.0,Finland,FIN,Wind,1,GW,1.64,0.03,0.14
10.0,2017.0,Finland,FIN,Wind,1,GW,1.69,0.05,0.19
11.0,2017.0,Finland,FIN,Wind,1,GW,1.86,0.17,0.36
12.0,2017.0,Finland,FIN,Wind,1,GW,1.89,0.03,0.39
1.0,2018.0,Finland,FIN,Wind,1,GW,1.93,0.04,0.04
2.0,2018.0,Finland,FIN,Wind,1,GW,1.93,0.0,0.04
3.0,2018.0,Finland,FIN,Wind,1,GW,2.01,0.08,0.12
4.0,2018.0,Finland,FIN,Wind,1,GW,2.01,0.0,0.12
5.0,2018.0,Finland,FIN,Wind,1,GW,2.01,0.0,0.12
6.0,2018.0,Finland,FIN,Wind,1,GW,2.02,0.01,0.13
7.0,2018.0,Finland,FIN,Wind,1,GW,2.02,0.0,0.13
8.0,2018.0,Finland,FIN,Wind,1,GW,2.02,0.0,0.13
9.0,2018.0,Finland,FIN,Wind,1,GW,2.02,0.0,0.13
10.0,2018.0,Finland,FIN,Wind,1,GW,2.02,0.0,0.13
11.0,2018.0,Finland,FIN,Wind,1,GW,2.02,0.0,0.13
12.0,2018.0,Finland,FIN,Wind,1,GW,2.02,0.0,0.13
1.0,2019.0,Finland,FIN,Wind,1,GW,2.02,0.0,0.0
2.0,2019.0,Finland,FIN,Wind,1,GW,2.02,0.0,0.0
3.0,2019.0,Finland,FIN,Wind,1,GW,2.02,0.0,0.0
4.0,2019.0,Finland,FIN,Wind,1,GW,2.02,0.0,0.0
5.0,2019.0,Finland,FIN,Wind,1,GW,2.02,0.0,0.0
6.0,2019.0,Finland,FIN,Wind,1,GW,2.02,0.0,0.0
7.0,2019.0,Finland,FIN,Wind,1,GW,2.02,0.0,0.0
8.0,2019.0,Finland,FIN,Wind,1,GW,2.02,0.0,0.0
9.0,2019.0,Finland,FIN,Wind,1,GW,2.02,0.0,0.0
10.0,2019.0,Finland,FIN,Wind,1,GW,2.02,0.0,0.0
11.0,2019.0,Finland,FIN,Wind,1,GW,2.02,0.0,0.0
12.0,2019.0,Finland,FIN,Wind,1,GW,2.02,0.0,0.0
1.0,2020.0,Finland,FIN,Wind,1,GW,2.15,0.13,0.13
2.0,2020.0,Finland,FIN,Wind,1,GW,2.15,0.0,0.13
3.0,2020.0,Finland,FIN,Wind,1,GW,2.15,0.0,0.13
4.0,2020.0,Finland,FIN,Wind,1,GW,2.15,0.0,0.13
5.0,2020.0,Finland,FIN,Wind,1,GW,2.15,0.0,0.13
6.0,2020.0,Finland,FIN,Wind,1,GW,2.15,0.0,0.13
7.0,2020.0,Finland,FIN,Wind,1,GW,2.15,0.0,0.13
8.0,2020.0,Finland,FIN,Wind,1,GW,2.15,0.0,0.13
9.0,2020.0,Finland,FIN,Wind,1,GW,2.15,0.0,0.13
10.0,2020.0,Finland,FIN,Wind,1,GW,2.15,0.0,0.13
11.0,2020.0,Finland,FIN,Wind,1,GW,2.27,0.12,0.25
12.0,2020.0,Finland,FIN,Wind,1,GW,2.27,0.0,0.25
1.0,2021.0,Finland,FIN,Wind,1,GW,2.44,0.17,0.17
2.0,2021.0,Finland,FIN,Wind,1,GW,2.44,0.0,0.17
3.0,2021.0,Finland,FIN,Wind,1,GW,2.44,0.0,0.17
4.0,2021.0,Finland,FIN,Wind,1,GW,2.44,0.0,0.17
5.0,2021.0,Finland,FIN,Wind,1,GW,2.55,0.11,0.28
6.0,2021.0,Finland,FIN,Wind,1,GW,2.59,0.04,0.32
7.0,2021.0,Finland,FIN,Wind,1,GW,2.65,0.06,0.38
8.0,2021.0,Finland,FIN,Wind,1,GW,2.65,0.0,0.38
9.0,2021.0,Finland,FIN,Wind,1,GW,2.76,0.11,0.49
10.0,2021.0,Finland,FIN,Wind,1,GW,2.99,0.23,0.72
11.0,2021.0,Finland,FIN,Wind,1,GW,3.15,0.16,0.88
12.0,2021.0,Finland,FIN,Wind,1,GW,3.2,0.05,0.93
1.0,2022.0,Finland,FIN,Wind,1,GW,3.38,0.18,0.18
2.0,2022.0,Finland,FIN,Wind,1,GW,3.51,0.13,0.31
3.0,2022.0,Finland,FIN,Wind,1,GW,3.67,0.16,0.47
4.0,2022.0,Finland,FIN,Wind,1,GW,3.76,0.09,0.56
5.0,2022.0,Finland,FIN,Wind,1,GW,3.83,0.07,0.63
6.0,2022.0,Finland,FIN,Wind,1,GW,3.91,0.08,0.71
7.0,2022.0,Finland,FIN,Wind,1,GW,3.92,0.01,0.72
8.0,2022.0,Finland,FIN,Wind,1,GW,4.19,0.27,0.99
9.0,2022.0,Finland,FIN,Wind,1,GW,4.39,0.2,1.19
10.0,2022.0,Finland,FIN,Wind,1,GW,4.7,0.31,1.5
11.0,2022.0,Finland,FIN,Wind,1,GW,4.85,0.15,1.65
12.0,2022.0,Finland,FIN,Wind,1,GW,5.21,0.36,2.01
1.0,2023.0,Finland,FIN,Wind,1,GW,5.38,0.17,0.17
2.0,2023.0,Finland,FIN,Wind,1,GW,5.45,0.07,0.24
3.0,2023.0,Finland,FIN,Wind,1,GW,5.6,0.15,0.39
4.0,2023.0,Finland,FIN,Wind,1,GW,5.64,0.04,0.43
5.0,2023.0,Finland,FIN,Wind,1,GW,5.7,0.06,0.49
6.0,2023.0,Finland,FIN,Wind,1,GW,5.77,0.07,0.56
7.0,2023.0,Finland,FIN,Wind,1,GW,5.83,0.06,0.62
8.0,2023.0,Finland,FIN,Wind,1,GW,5.86,0.03,0.65
9.0,2023.0,Finland,FIN,Wind,1,GW,6.01,0.15,0.8
10.0,2023.0,Finland,FIN,Wind,1,GW,6.2,0.19,0.99
11.0,2023.0,Finland,FIN,Wind,1,GW,6.46,0.26,1.25
12.0,2023.0,Finland,FIN,Wind,1,GW,6.72,0.26,1.51
1.0,2024.0,Finland,FIN,Wind,1,GW,6.93,0.21,0.21
2.0,2024.0,Finland,FIN,Wind,1,GW,7.03,0.1,0.31
3.0,2024.0,Finland,FIN,Wind,1,GW,7.15,0.12,0.43
4.0,2024.0,Finland,FIN,Wind,1,GW,7.21,0.06,0.49
5.0,2024.0,Finland,FIN,Wind,1,GW,7.21,0.0,0.49
6.0,2024.0,Finland,FIN,Wind,1,GW,7.26,0.05,0.54
7.0,2024.0,Finland,FIN,Wind,1,GW,7.26,0.0,0.54
8.0,2024.0,Finland,FIN,Wind,1,GW,7.71,0.45,0.99
9.0,2024.0,Finland,FIN,Wind,1,GW,7.76,0.05,1.04
10.0,2024.0,Finland,FIN,Wind,1,GW,8.09,0.33,1.37
11.0,2024.0,Finland,FIN,Wind,1,GW,8.22,0.13,1.5
12.0,2024.0,Finland,FIN,Wind,1,GW,8.22,0.0,1.5
1.0,2025.0,Finland,FIN,Wind,1,GW,8.41,0.19,0.19
2.0,2025.0,Finland,FIN,Wind,1,GW,8.41,0.0,0.19
3.0,2025.0,Finland,FIN,Wind,1,GW,8.51,0.1,0.29
4.0,2025.0,Finland,FIN,Wind,1,GW,8.51,0.0,0.29
5.0,2025.0,Finland,FIN,Wind,1,GW,8.55,0.04,0.33
6.0,2025.0,Finland,FIN,Wind,1,GW,8.76,0.21,0.54
7.0,2025.0,Finland,FIN,Wind,1,GW,8.89,0.13,0.67
8.0,2025.0,Finland,FIN,Wind,1,GW,8.89,0.0,0.67
1.0,2016.0,Finland,FIN,Wind and solar,1,GW,0.91,0.0,0.0
2.0,2016.0,Finland,FIN,Wind and solar,1,GW,0.91,0.0,0.0
3.0,2016.0,Finland,FIN,Wind and solar,1,GW,0.91,0.0,0.0
4.0,2016.0,Finland,FIN,Wind and solar,1,GW,0.91,0.0,0.0
5.0,2016.0,Finland,FIN,Wind and solar,1,GW,0.91,0.0,0.0
6.0,2016.0,Finland,FIN,Wind and solar,1,GW,0.91,0.0,0.0
7.0,2016.0,Finland,FIN,Wind and solar,1,GW,0.91,0.0,0.0
8.0,2016.0,Finland,FIN,Wind and solar,1,GW,1.36,0.45,0.45
9.0,2016.0,Finland,FIN,Wind and solar,1,GW,1.36,0.0,0.45
10.0,2016.0,Finland,FIN,Wind and solar,1,GW,1.26,-0.1,0.35
11.0,2016.0,Finland,FIN,Wind and solar,1,GW,1.43,0.17,0.52
12.0,2016.0,Finland,FIN,Wind and solar,1,GW,1.5,0.07,0.59
1.0,2017.0,Finland,FIN,Wind and solar,1,GW,1.5,0.0,0.0
2.0,2017.0,Finland,FIN,Wind and solar,1,GW,1.52,0.02,0.02
3.0,2017.0,Finland,FIN,Wind and solar,1,GW,1.52,0.0,0.02
4.0,2017.0,Finland,FIN,Wind and solar,1,GW,1.52,0.0,0.02
5.0,2017.0,Finland,FIN,Wind and solar,1,GW,1.55,0.03,0.05
6.0,2017.0,Finland,FIN,Wind and solar,1,GW,1.55,0.0,0.05
7.0,2017.0,Finland,FIN,Wind and solar,1,GW,1.58,0.03,0.08
8.0,2017.0,Finland,FIN,Wind and solar,1,GW,1.61,0.03,0.11
9.0,2017.0,Finland,FIN,Wind and solar,1,GW,1.64,0.03,0.14
10.0,2017.0,Finland,FIN,Wind and solar,1,GW,1.69,0.05,0.19
11.0,2017.0,Finland,FIN,Wind and solar,1,GW,1.86,0.17,0.36
12.0,2017.0,Finland,FIN,Wind and solar,1,GW,1.89,0.03,0.39
1.0,2018.0,Finland,FIN,Wind and solar,1,GW,1.93,0.04,0.04
2.0,2018.0,Finland,FIN,Wind and solar,1,GW,1.93,0.0,0.04
3.0,2018.0,Finland,FIN,Wind and solar,1,GW,2.01,0.08,0.12
4.0,2018.0,Finland,FIN,Wind and solar,1,GW,2.01,0.0,0.12
5.0,2018.0,Finland,FIN,Wind and solar,1,GW,2.01,0.0,0.12
6.0,2018.0,Finland,FIN,Wind and solar,1,GW,2.02,0.01,0.13
7.0,2018.0,Finland,FIN,Wind and solar,1,GW,2.02,0.0,0.13
8.0,2018.0,Finland,FIN,Wind and solar,1,GW,2.02,0.0,0.13
9.0,2018.0,Finland,FIN,Wind and solar,1,GW,2.02,0.0,0.13
10.0,2018.0,Finland,FIN,Wind and solar,1,GW,2.02,0.0,0.13
11.0,2018.0,Finland,FIN,Wind and solar,1,GW,2.02,0.0,0.13
12.0,2018.0,Finland,FIN,Wind and solar,1,GW,2.02,0.0,0.13
1.0,2019.0,Finland,FIN,Wind and solar,1,GW,2.02,0.0,0.0
2.0,2019.0,Finland,FIN,Wind and solar,1,GW,2.02,0.0,0.0
3.0,2019.0,Finland,FIN,Wind and solar,1,GW,2.02,0.0,0.0
4.0,2019.0,Finland,FIN,Wind and solar,1,GW,2.13,0.11,0.11
5.0,2019.0,Finland,FIN,Wind and solar,1,GW,2.13,0.0,0.11
6.0,2019.0,Finland,FIN,Wind and solar,1,GW,2.17,0.04,0.15
7.0,2019.0,Finland,FIN,Wind and solar,1,GW,2.17,0.0,0.15
8.0,2019.0,Finland,FIN,Wind and solar,1,GW,2.17,0.0,0.15
9.0,2019.0,Finland,FIN,Wind and solar,1,GW,2.18,0.01,0.16
10.0,2019.0,Finland,FIN,Wind and solar,1,GW,2.18,0.0,0.16
11.0,2019.0,Finland,FIN,Wind and solar,1,GW,2.2,0.02,0.18
12.0,2019.0,Finland,FIN,Wind and solar,1,GW,2.2,0.0,0.18
1.0,2020.0,Finland,FIN,Wind and solar,1,GW,2.35,0.15,0.15
2.0,2020.0,Finland,FIN,Wind and solar,1,GW,2.35,0.0,0.15
3.0,2020.0,Finland,FIN,Wind and solar,1,GW,2.35,0.0,0.15
4.0,2020.0,Finland,FIN,Wind and solar,1,GW,2.36,0.01,0.16
5.0,2020.0,Finland,FIN,Wind and solar,1,GW,2.36,0.0,0.16
6.0,2020.0,Finland,FIN,Wind and solar,1,GW,2.38,0.02,0.18
7.0,2020.0,Finland,FIN,Wind and solar,1,GW,2.38,0.0,0.18
8.0,2020.0,Finland,FIN,Wind and solar,1,GW,2.38,0.0,0.18
9.0,2020.0,Finland,FIN,Wind and solar,1,GW,2.38,0.0,0.18
10.0,2020.0,Finland,FIN,Wind and solar,1,GW,2.38,0.0,0.18
11.0,2020.0,Finland,FIN,Wind and solar,1,GW,2.54,0.16,0.34
12.0,2020.0,Finland,FIN,Wind and solar,1,GW,2.54,0.0,0.34
1.0,2021.0,Finland,FIN,Wind and solar,1,GW,2.72,0.18,0.18
2.0,2021.0,Finland,FIN,Wind and solar,1,GW,2.72,0.0,0.18
3.0,2021.0,Finland,FIN,Wind and solar,1,GW,2.72,0.0,0.18
4.0,2021.0,Finland,FIN,Wind and solar,1,GW,2.74,0.02,0.2
5.0,2021.0,Finland,FIN,Wind and solar,1,GW,2.84,0.1,0.3
6.0,2021.0,Finland,FIN,Wind and solar,1,GW,2.88,0.04,0.34
7.0,2021.0,Finland,FIN,Wind and solar,1,GW,2.95,0.07,0.41
8.0,2021.0,Finland,FIN,Wind and solar,1,GW,2.98,0.03,0.44
9.0,2021.0,Finland,FIN,Wind and solar,1,GW,3.09,0.11,0.55
10.0,2021.0,Finland,FIN,Wind and solar,1,GW,3.34,0.25,0.8
11.0,2021.0,Finland,FIN,Wind and solar,1,GW,3.51,0.17,0.97
12.0,2021.0,Finland,FIN,Wind and solar,1,GW,3.56,0.05,1.02
1.0,2022.0,Finland,FIN,Wind and solar,1,GW,3.74,0.18,0.18
2.0,2022.0,Finland,FIN,Wind and solar,1,GW,3.86,0.12,0.3
3.0,2022.0,Finland,FIN,Wind and solar,1,GW,4.05,0.19,0.49
4.0,2022.0,Finland,FIN,Wind and solar,1,GW,4.14,0.09,0.58
5.0,2022.0,Finland,FIN,Wind and solar,1,GW,4.24,0.1,0.68
6.0,2022.0,Finland,FIN,Wind and solar,1,GW,4.4,0.16,0.84
7.0,2022.0,Finland,FIN,Wind and solar,1,GW,4.41,0.01,0.85
8.0,2022.0,Finland,FIN,Wind and solar,1,GW,4.69,0.28,1.13
9.0,2022.0,Finland,FIN,Wind and solar,1,GW,4.88,0.19,1.32
10.0,2022.0,Finland,FIN,Wind and solar,1,GW,5.2,0.32,1.64
11.0,2022.0,Finland,FIN,Wind and solar,1,GW,5.45,0.25,1.89
12.0,2022.0,Finland,FIN,Wind and solar,1,GW,5.81,0.36,2.25
1.0,2023.0,Finland,FIN,Wind and solar,1,GW,5.99,0.18,0.18
2.0,2023.0,Finland,FIN,Wind and solar,1,GW,6.06,0.07,0.25
3.0,2023.0,Finland,FIN,Wind and solar,1,GW,6.29,0.23,0.48
4.0,2023.0,Finland,FIN,Wind and solar,1,GW,6.33,0.04,0.52
5.0,2023.0,Finland,FIN,Wind and solar,1,GW,6.4,0.07,0.59
6.0,2023.0,Finland,FIN,Wind and solar,1,GW,6.58,0.18,0.77
7.0,2023.0,Finland,FIN,Wind and solar,1,GW,6.64,0.06,0.83
8.0,2023.0,Finland,FIN,Wind and solar,1,GW,6.79,0.15,0.98
9.0,2023.0,Finland,FIN,Wind and solar,1,GW,6.94,0.15,1.13
10.0,2023.0,Finland,FIN,Wind and solar,1,GW,7.19,0.25,1.38
11.0,2023.0,Finland,FIN,Wind and solar,1,GW,7.45,0.26,1.64
12.0,2023.0,Finland,FIN,Wind and solar,1,GW,7.73,0.28,1.92
1.0,2024.0,Finland,FIN,Wind and solar,1,GW,7.95,0.22,0.22
2.0,2024.0,Finland,FIN,Wind and solar,1,GW,8.05,0.1,0.32
3.0,2024.0,Finland,FIN,Wind and solar,1,GW,8.17,0.12,0.44
4.0,2024.0,Finland,FIN,Wind and solar,1,GW,8.26,0.09,0.53
5.0,2024.0,Finland,FIN,Wind and solar,1,GW,8.26,0.0,0.53
6.0,2024.0,Finland,FIN,Wind and solar,1,GW,8.32,0.06,0.59
7.0,2024.0,Finland,FIN,Wind and solar,1,GW,8.37,0.05,0.64
8.0,2024.0,Finland,FIN,Wind and solar,1,GW,8.82,0.45,1.09
9.0,2024.0,Finland,FIN,Wind and solar,1,GW,8.87,0.05,1.14
10.0,2024.0,Finland,FIN,Wind and solar,1,GW,9.2,0.33,1.47
11.0,2024.0,Finland,FIN,Wind and solar,1,GW,9.33,0.13,1.6
12.0,2024.0,Finland,FIN,Wind and solar,1,GW,9.33,0.0,1.6
1.0,2025.0,Finland,FIN,Wind and solar,1,GW,9.52,0.19,0.19
2.0,2025.0,Finland,FIN,Wind and solar,1,GW,9.67,0.15,0.34
3.0,2025.0,Finland,FIN,Wind and solar,1,GW,9.76,0.09,0.43
4.0,2025.0,Finland,FIN,Wind and solar,1,GW,9.77,0.01,0.44
5.0,2025.0,Finland,FIN,Wind and solar,1,GW,9.92,0.15,0.59
6.0,2025.0,Finland,FIN,Wind and solar,1,GW,10.13,0.21,0.8
7.0,2025.0,Finland,FIN,Wind and solar,1,GW,10.37,0.24,1.04
8.0,2025.0,Finland,FIN,Wind and solar,1,GW,10.37,0.0,1.04
1.0,2016.0,France,FRA,Solar,0,GWAC,8.42,0.04,0.04
2.0,2016.0,France,FRA,Solar,0,GWAC,8.47,0.05,0.09
3.0,2016.0,France,FRA,Solar,0,GWAC,8.51,0.04,0.13
4.0,2016.0,France,FRA,Solar,0,GWAC,8.55,0.04,0.17
5.0,2016.0,France,FRA,Solar,0,GWAC,8.57,0.02,0.19
6.0,2016.0,France,FRA,Solar,0,GWAC,8.62,0.05,0.24
7.0,2016.0,France,FRA,Solar,0,GWAC,8.65,0.03,0.27
8.0,2016.0,France,FRA,Solar,0,GWAC,8.67,0.02,0.29
9.0,2016.0,France,FRA,Solar,0,GWAC,8.7,0.03,0.32
10.0,2016.0,France,FRA,Solar,0,GWAC,8.72,0.02,0.34
11.0,2016.0,France,FRA,Solar,0,GWAC,8.75,0.03,0.37
12.0,2016.0,France,FRA,Solar,0,GWAC,8.77,0.02,0.39
1.0,2017.0,France,FRA,Solar,0,GWAC,8.79,0.02,0.02
2.0,2017.0,France,FRA,Solar,0,GWAC,8.8,0.01,0.03
3.0,2017.0,France,FRA,Solar,0,GWAC,8.82,0.02,0.05
4.0,2017.0,France,FRA,Solar,0,GWAC,8.86,0.04,0.09
5.0,2017.0,France,FRA,Solar,0,GWAC,8.9,0.04,0.13
6.0,2017.0,France,FRA,Solar,0,GWAC,8.97,0.07,0.2
7.0,2017.0,France,FRA,Solar,0,GWAC,9.01,0.04,0.24
8.0,2017.0,France,FRA,Solar,0,GWAC,9.06,0.05,0.29
9.0,2017.0,France,FRA,Solar,0,GWAC,9.1,0.04,0.33
10.0,2017.0,France,FRA,Solar,0,GWAC,9.18,0.08,0.41
11.0,2017.0,France,FRA,Solar,0,GWAC,9.32,0.14,0.55
12.0,2017.0,France,FRA,Solar,0,GWAC,9.41,0.09,0.64
1.0,2018.0,France,FRA,Solar,0,GWAC,9.48,0.07,0.07
2.0,2018.0,France,FRA,Solar,0,GWAC,9.52,0.04,0.11
3.0,2018.0,France,FRA,Solar,0,GWAC,9.58,0.06,0.17
4.0,2018.0,France,FRA,Solar,0,GWAC,9.63,0.05,0.22
5.0,2018.0,France,FRA,Solar,0,GWAC,9.68,0.05,0.27
6.0,2018.0,France,FRA,Solar,0,GWAC,9.75,0.07,0.34
7.0,2018.0,France,FRA,Solar,0,GWAC,9.83,0.08,0.42
8.0,2018.0,France,FRA,Solar,0,GWAC,9.88,0.05,0.47
9.0,2018.0,France,FRA,Solar,0,GWAC,9.9,0.02,0.49
10.0,2018.0,France,FRA,Solar,0,GWAC,9.94,0.04,0.53
11.0,2018.0,France,FRA,Solar,0,GWAC,9.97,0.03,0.56
12.0,2018.0,France,FRA,Solar,0,GWAC,10.01,0.04,0.6
1.0,2019.0,France,FRA,Solar,0,GWAC,10.04,0.03,0.03
2.0,2019.0,France,FRA,Solar,0,GWAC,10.08,0.04,0.07
3.0,2019.0,France,FRA,Solar,0,GWAC,10.12,0.04,0.11
4.0,2019.0,France,FRA,Solar,0,GWAC,10.18,0.06,0.17
5.0,2019.0,France,FRA,Solar,0,GWAC,10.23,0.05,0.22
6.0,2019.0,France,FRA,Solar,0,GWAC,10.3,0.07,0.29
7.0,2019.0,France,FRA,Solar,0,GWAC,10.41,0.11,0.4
8.0,2019.0,France,FRA,Solar,0,GWAC,10.46,0.05,0.45
9.0,2019.0,France,FRA,Solar,0,GWAC,10.54,0.08,0.53
10.0,2019.0,France,FRA,Solar,0,GWAC,10.6,0.06,0.59
11.0,2019.0,France,FRA,Solar,0,GWAC,10.67,0.07,0.66
12.0,2019.0,France,FRA,Solar,0,GWAC,10.7,0.03,0.69
1.0,2020.0,France,FRA,Solar,0,GWAC,10.74,0.04,0.04
2.0,2020.0,France,FRA,Solar,0,GWAC,10.8,0.06,0.1
3.0,2020.0,France,FRA,Solar,0,GWAC,10.85,0.05,0.15
4.0,2020.0,France,FRA,Solar,0,GWAC,10.86,0.01,0.16
5.0,2020.0,France,FRA,Solar,0,GWAC,10.91,0.05,0.21
6.0,2020.0,France,FRA,Solar,0,GWAC,10.99,0.08,0.29
7.0,2020.0,France,FRA,Solar,0,GWAC,11.08,0.09,0.38
8.0,2020.0,France,FRA,Solar,0,GWAC,11.14,0.06,0.44
9.0,2020.0,France,FRA,Solar,0,GWAC,11.25,0.11,0.55
10.0,2020.0,France,FRA,Solar,0,GWAC,11.39,0.14,0.69
11.0,2020.0,France,FRA,Solar,0,GWAC,11.49,0.1,0.79
12.0,2020.0,France,FRA,Solar,0,GWAC,11.57,0.08,0.87
1.0,2021.0,France,FRA,Solar,0,GWAC,11.73,0.16,0.16
2.0,2021.0,France,FRA,Solar,0,GWAC,11.95,0.22,0.38
3.0,2021.0,France,FRA,Solar,0,GWAC,12.13,0.18,0.56
4.0,2021.0,France,FRA,Solar,0,GWAC,12.38,0.25,0.81
5.0,2021.0,France,FRA,Solar,0,GWAC,12.5,0.12,0.93
6.0,2021.0,France,FRA,Solar,0,GWAC,12.67,0.17,1.1
7.0,2021.0,France,FRA,Solar,0,GWAC,12.86,0.19,1.29
8.0,2021.0,France,FRA,Solar,0,GWAC,12.96,0.1,1.39
9.0,2021.0,France,FRA,Solar,0,GWAC,13.1,0.14,1.53
10.0,2021.0,France,FRA,Solar,0,GWAC,13.27,0.17,1.7
11.0,2021.0,France,FRA,Solar,0,GWAC,13.43,0.16,1.86
12.0,2021.0,France,FRA,Solar,0,GWAC,13.6,0.17,2.03
1.0,2022.0,France,FRA,Solar,0,GWAC,13.7,0.1,0.1
2.0,2022.0,France,FRA,Solar,0,GWAC,13.82,0.12,0.22
3.0,2022.0,France,FRA,Solar,0,GWAC,14.01,0.19,0.41
4.0,2022.0,France,FRA,Solar,0,GWAC,14.11,0.1,0.51
5.0,2022.0,France,FRA,Solar,0,GWAC,14.22,0.11,0.62
6.0,2022.0,France,FRA,Solar,0,GWAC,14.41,0.19,0.81
7.0,2022.0,France,FRA,Solar,0,GWAC,14.57,0.16,0.97
8.0,2022.0,France,FRA,Solar,0,GWAC,14.66,0.09,1.06
9.0,2022.0,France,FRA,Solar,0,GWAC,14.88,0.22,1.28
10.0,2022.0,France,FRA,Solar,0,GWAC,15.01,0.13,1.41
11.0,2022.0,France,FRA,Solar,0,GWAC,15.18,0.17,1.58
12.0,2022.0,France,FRA,Solar,0,GWAC,15.34,0.16,1.74
1.0,2023.0,France,FRA,Solar,0,GWAC,15.46,0.12,0.12
2.0,2023.0,France,FRA,Solar,0,GWAC,15.58,0.12,0.24
3.0,2023.0,France,FRA,Solar,0,GWAC,15.71,0.13,0.37
4.0,2023.0,France,FRA,Solar,0,GWAC,15.84,0.13,0.5
5.0,2023.0,France,FRA,Solar,0,GWAC,16.03,0.19,0.69
6.0,2023.0,France,FRA,Solar,0,GWAC,16.18,0.15,0.84
7.0,2023.0,France,FRA,Solar,0,GWAC,16.35,0.17,1.01
8.0,2023.0,France,FRA,Solar,0,GWAC,16.49,0.14,1.15
9.0,2023.0,France,FRA,Solar,0,GWAC,16.63,0.14,1.29
10.0,2023.0,France,FRA,Solar,0,GWAC,16.83,0.2,1.49
11.0,2023.0,France,FRA,Solar,0,GWAC,17.03,0.2,1.69
12.0,2023.0,France,FRA,Solar,0,GWAC,17.23,0.2,1.89
1.0,2024.0,France,FRA,Solar,0,GWAC,17.45,0.22,0.22
2.0,2024.0,France,FRA,Solar,0,GWAC,17.66,0.21,0.43
3.0,2024.0,France,FRA,Solar,0,GWAC,17.86,0.2,0.63
4.0,2024.0,France,FRA,Solar,0,GWAC,18.11,0.25,0.88
5.0,2024.0,France,FRA,Solar,0,GWAC,18.35,0.24,1.12
6.0,2024.0,France,FRA,Solar,0,GWAC,18.54,0.19,1.31
7.0,2024.0,France,FRA,Solar,0,GWAC,18.95,0.41,1.72
8.0,2024.0,France,FRA,Solar,0,GWAC,19.15,0.2,1.92
9.0,2024.0,France,FRA,Solar,0,GWAC,19.4,0.25,2.17
10.0,2024.0,France,FRA,Solar,0,GWAC,19.71,0.31,2.48
11.0,2024.0,France,FRA,Solar,0,GWAC,19.98,0.27,2.75
12.0,2024.0,France,FRA,Solar,0,GWAC,20.32,0.34,3.09
1.0,2025.0,France,FRA,Solar,0,GWAC,20.64,0.32,0.32
2.0,2025.0,France,FRA,Solar,0,GWAC,20.96,0.32,0.64
3.0,2025.0,France,FRA,Solar,0,GWAC,21.25,0.29,0.93
4.0,2025.0,France,FRA,Solar,0,GWAC,21.55,0.3,1.23
5.0,2025.0,France,FRA,Solar,0,GWAC,21.88,0.33,1.56
6.0,2025.0,France,FRA,Solar,0,GWAC,22.11,0.23,1.79
1.0,2016.0,France,FRA,Solar,0,GWDC,10.95,0.05,0.05
2.0,2016.0,France,FRA,Solar,0,GWDC,11.01,0.06,0.11
3.0,2016.0,France,FRA,Solar,0,GWDC,11.06,0.05,0.16
4.0,2016.0,France,FRA,Solar,0,GWDC,11.11,0.05,0.21
5.0,2016.0,France,FRA,Solar,0,GWDC,11.15,0.04,0.25
6.0,2016.0,France,FRA,Solar,0,GWDC,11.2,0.05,0.3
7.0,2016.0,France,FRA,Solar,0,GWDC,11.24,0.04,0.34
8.0,2016.0,France,FRA,Solar,0,GWDC,11.27,0.03,0.37
9.0,2016.0,France,FRA,Solar,0,GWDC,11.31,0.04,0.41
10.0,2016.0,France,FRA,Solar,0,GWDC,11.34,0.03,0.44
11.0,2016.0,France,FRA,Solar,0,GWDC,11.37,0.03,0.47
12.0,2016.0,France,FRA,Solar,0,GWDC,11.4,0.03,0.5
1.0,2017.0,France,FRA,Solar,0,GWDC,11.42,0.02,0.02
2.0,2017.0,France,FRA,Solar,0,GWDC,11.44,0.02,0.04
3.0,2017.0,France,FRA,Solar,0,GWDC,11.46,0.02,0.06
4.0,2017.0,France,FRA,Solar,0,GWDC,11.52,0.06,0.12
5.0,2017.0,France,FRA,Solar,0,GWDC,11.57,0.05,0.17
6.0,2017.0,France,FRA,Solar,0,GWDC,11.66,0.09,0.26
7.0,2017.0,France,FRA,Solar,0,GWDC,11.71,0.05,0.31
8.0,2017.0,France,FRA,Solar,0,GWDC,11.78,0.07,0.38
9.0,2017.0,France,FRA,Solar,0,GWDC,11.84,0.06,0.44
10.0,2017.0,France,FRA,Solar,0,GWDC,11.93,0.09,0.53
11.0,2017.0,France,FRA,Solar,0,GWDC,12.12,0.19,0.72
12.0,2017.0,France,FRA,Solar,0,GWDC,12.23,0.11,0.83
1.0,2018.0,France,FRA,Solar,0,GWDC,12.33,0.1,0.1
2.0,2018.0,France,FRA,Solar,0,GWDC,12.37,0.04,0.14
3.0,2018.0,France,FRA,Solar,0,GWDC,12.45,0.08,0.22
4.0,2018.0,France,FRA,Solar,0,GWDC,12.52,0.07,0.29
5.0,2018.0,France,FRA,Solar,0,GWDC,12.58,0.06,0.35
6.0,2018.0,France,FRA,Solar,0,GWDC,12.67,0.09,0.44
7.0,2018.0,France,FRA,Solar,0,GWDC,12.78,0.11,0.55
8.0,2018.0,France,FRA,Solar,0,GWDC,12.85,0.07,0.62
9.0,2018.0,France,FRA,Solar,0,GWDC,12.88,0.03,0.65
10.0,2018.0,France,FRA,Solar,0,GWDC,12.93,0.05,0.7
11.0,2018.0,France,FRA,Solar,0,GWDC,12.96,0.03,0.73
12.0,2018.0,France,FRA,Solar,0,GWDC,13.01,0.05,0.78
1.0,2019.0,France,FRA,Solar,0,GWDC,13.05,0.04,0.04
2.0,2019.0,France,FRA,Solar,0,GWDC,13.1,0.05,0.09
3.0,2019.0,France,FRA,Solar,0,GWDC,13.16,0.06,0.15
4.0,2019.0,France,FRA,Solar,0,GWDC,13.24,0.08,0.23
5.0,2019.0,France,FRA,Solar,0,GWDC,13.3,0.06,0.29
6.0,2019.0,France,FRA,Solar,0,GWDC,13.38,0.08,0.37
7.0,2019.0,France,FRA,Solar,0,GWDC,13.53,0.15,0.52
8.0,2019.0,France,FRA,Solar,0,GWDC,13.59,0.06,0.58
9.0,2019.0,France,FRA,Solar,0,GWDC,13.7,0.11,0.69
10.0,2019.0,France,FRA,Solar,0,GWDC,13.79,0.09,0.78
11.0,2019.0,France,FRA,Solar,0,GWDC,13.87,0.08,0.86
12.0,2019.0,France,FRA,Solar,0,GWDC,13.91,0.04,0.9
1.0,2020.0,France,FRA,Solar,0,GWDC,13.96,0.05,0.05
2.0,2020.0,France,FRA,Solar,0,GWDC,14.05,0.09,0.14
3.0,2020.0,France,FRA,Solar,0,GWDC,14.1,0.05,0.19
4.0,2020.0,France,FRA,Solar,0,GWDC,14.12,0.02,0.21
5.0,2020.0,France,FRA,Solar,0,GWDC,14.18,0.06,0.27
6.0,2020.0,France,FRA,Solar,0,GWDC,14.28,0.1,0.37
7.0,2020.0,France,FRA,Solar,0,GWDC,14.41,0.13,0.5
8.0,2020.0,France,FRA,Solar,0,GWDC,14.48,0.07,0.57
9.0,2020.0,France,FRA,Solar,0,GWDC,14.62,0.14,0.71
10.0,2020.0,France,FRA,Solar,0,GWDC,14.81,0.19,0.9
11.0,2020.0,France,FRA,Solar,0,GWDC,14.94,0.13,1.03
12.0,2020.0,France,FRA,Solar,0,GWDC,15.05,0.11,1.14
1.0,2021.0,France,FRA,Solar,0,GWDC,15.25,0.2,0.2
2.0,2021.0,France,FRA,Solar,0,GWDC,15.53,0.28,0.48
3.0,2021.0,France,FRA,Solar,0,GWDC,15.77,0.24,0.72
4.0,2021.0,France,FRA,Solar,0,GWDC,16.09,0.32,1.04
5.0,2021.0,France,FRA,Solar,0,GWDC,16.25,0.16,1.2
6.0,2021.0,France,FRA,Solar,0,GWDC,16.47,0.22,1.42
7.0,2021.0,France,FRA,Solar,0,GWDC,16.72,0.25,1.67
8.0,2021.0,France,FRA,Solar,0,GWDC,16.84,0.12,1.79
9.0,2021.0,France,FRA,Solar,0,GWDC,17.04,0.2,1.99
10.0,2021.0,France,FRA,Solar,0,GWDC,17.25,0.21,2.2
11.0,2021.0,France,FRA,Solar,0,GWDC,17.46,0.21,2.41
12.0,2021.0,France,FRA,Solar,0,GWDC,17.68,0.22,2.63
1.0,2022.0,France,FRA,Solar,0,GWDC,17.81,0.13,0.13
2.0,2022.0,France,FRA,Solar,0,GWDC,17.97,0.16,0.29
3.0,2022.0,France,FRA,Solar,0,GWDC,18.21,0.24,0.53
4.0,2022.0,France,FRA,Solar,0,GWDC,18.34,0.13,0.66
5.0,2022.0,France,FRA,Solar,0,GWDC,18.48,0.14,0.8
6.0,2022.0,France,FRA,Solar,0,GWDC,18.73,0.25,1.05
7.0,2022.0,France,FRA,Solar,0,GWDC,18.94,0.21,1.26
8.0,2022.0,France,FRA,Solar,0,GWDC,19.05,0.11,1.37
9.0,2022.0,France,FRA,Solar,0,GWDC,19.35,0.3,1.67
10.0,2022.0,France,FRA,Solar,0,GWDC,19.51,0.16,1.83
11.0,2022.0,France,FRA,Solar,0,GWDC,19.74,0.23,2.06
12.0,2022.0,France,FRA,Solar,0,GWDC,19.94,0.2,2.26
1.0,2023.0,France,FRA,Solar,0,GWDC,20.1,0.16,0.16
2.0,2023.0,France,FRA,Solar,0,GWDC,20.25,0.15,0.31
3.0,2023.0,France,FRA,Solar,0,GWDC,20.42,0.17,0.48
4.0,2023.0,France,FRA,Solar,0,GWDC,20.59,0.17,0.65
5.0,2023.0,France,FRA,Solar,0,GWDC,20.84,0.25,0.9
6.0,2023.0,France,FRA,Solar,0,GWDC,21.04,0.2,1.1
7.0,2023.0,France,FRA,Solar,0,GWDC,21.26,0.22,1.32
8.0,2023.0,France,FRA,Solar,0,GWDC,21.43,0.17,1.49
9.0,2023.0,France,FRA,Solar,0,GWDC,21.61,0.18,1.67
10.0,2023.0,France,FRA,Solar,0,GWDC,21.88,0.27,1.94
11.0,2023.0,France,FRA,Solar,0,GWDC,22.13,0.25,2.19
12.0,2023.0,France,FRA,Solar,0,GWDC,22.4,0.27,2.46
1.0,2024.0,France,FRA,Solar,0,GWDC,22.68,0.28,0.28
2.0,2024.0,France,FRA,Solar,0,GWDC,22.96,0.28,0.56
3.0,2024.0,France,FRA,Solar,0,GWDC,23.22,0.26,0.82
4.0,2024.0,France,FRA,Solar,0,GWDC,23.54,0.32,1.14
5.0,2024.0,France,FRA,Solar,0,GWDC,23.85,0.31,1.45
6.0,2024.0,France,FRA,Solar,0,GWDC,24.1,0.25,1.7
7.0,2024.0,France,FRA,Solar,0,GWDC,24.63,0.53,2.23
8.0,2024.0,France,FRA,Solar,0,GWDC,24.9,0.27,2.5
9.0,2024.0,France,FRA,Solar,0,GWDC,25.22,0.32,2.82
10.0,2024.0,France,FRA,Solar,0,GWDC,25.62,0.4,3.22
11.0,2024.0,France,FRA,Solar,0,GWDC,25.98,0.36,3.58
12.0,2024.0,France,FRA,Solar,0,GWDC,26.41,0.43,4.01
1.0,2025.0,France,FRA,Solar,0,GWDC,26.84,0.43,0.43
2.0,2025.0,France,FRA,Solar,0,GWDC,27.25,0.41,0.84
3.0,2025.0,France,FRA,Solar,0,GWDC,27.62,0.37,1.21
4.0,2025.0,France,FRA,Solar,0,GWDC,28.02,0.4,1.61
5.0,2025.0,France,FRA,Solar,0,GWDC,28.44,0.42,2.03
6.0,2025.0,France,FRA,Solar,0,GWDC,28.75,0.31,2.34
1.0,2016.0,France,FRA,Wind offshore,0,GW,0.01,0.0,0.0
2.0,2016.0,France,FRA,Wind offshore,0,GW,0.01,0.0,0.0
3.0,2016.0,France,FRA,Wind offshore,0,GW,0.01,0.0,0.0
4.0,2016.0,France,FRA,Wind offshore,0,GW,0.01,0.0,0.0
5.0,2016.0,France,FRA,Wind offshore,0,GW,0.01,0.0,0.0
6.0,2016.0,France,FRA,Wind offshore,0,GW,0.01,0.0,0.0
7.0,2016.0,France,FRA,Wind offshore,0,GW,0.01,0.0,0.0
8.0,2016.0,France,FRA,Wind offshore,0,GW,0.01,0.0,0.0
9.0,2016.0,France,FRA,Wind offshore,0,GW,0.01,0.0,0.0
10.0,2016.0,France,FRA,Wind offshore,0,GW,0.01,0.0,0.0
11.0,2016.0,France,FRA,Wind offshore,0,GW,0.01,0.0,0.0
12.0,2016.0,France,FRA,Wind offshore,0,GW,0.01,0.0,0.0
1.0,2017.0,France,FRA,Wind offshore,0,GW,0.01,0.0,0.0
2.0,2017.0,France,FRA,Wind offshore,0,GW,0.01,0.0,0.0
3.0,2017.0,France,FRA,Wind offshore,0,GW,0.01,0.0,0.0
4.0,2017.0,France,FRA,Wind offshore,0,GW,0.01,0.0,0.0
5.0,2017.0,France,FRA,Wind offshore,0,GW,0.01,0.0,0.0
6.0,2017.0,France,FRA,Wind offshore,0,GW,0.01,0.0,0.0
7.0,2017.0,France,FRA,Wind offshore,0,GW,0.01,0.0,0.0
8.0,2017.0,France,FRA,Wind offshore,0,GW,0.01,0.0,0.0
9.0,2017.0,France,FRA,Wind offshore,0,GW,0.01,0.0,0.0
10.0,2017.0,France,FRA,Wind offshore,0,GW,0.01,0.0,0.0
11.0,2017.0,France,FRA,Wind offshore,0,GW,0.01,0.0,0.0
12.0,2017.0,France,FRA,Wind offshore,0,GW,0.01,0.0,0.0
1.0,2018.0,France,FRA,Wind offshore,0,GW,0.01,0.0,0.0
2.0,2018.0,France,FRA,Wind offshore,0,GW,0.01,0.0,0.0
3.0,2018.0,France,FRA,Wind offshore,0,GW,0.01,0.0,0.0
4.0,2018.0,France,FRA,Wind offshore,0,GW,0.01,0.0,0.0
5.0,2018.0,France,FRA,Wind offshore,0,GW,0.01,0.0,0.0
6.0,2018.0,France,FRA,Wind offshore,0,GW,0.01,0.0,0.0
7.0,2018.0,France,FRA,Wind offshore,0,GW,0.01,0.0,0.0
8.0,2018.0,France,FRA,Wind offshore,0,GW,0.01,0.0,0.0
9.0,2018.0,France,FRA,Wind offshore,0,GW,0.01,0.0,0.0
10.0,2018.0,France,FRA,Wind offshore,0,GW,0.01,0.0,0.0
11.0,2018.0,France,FRA,Wind offshore,0,GW,0.01,0.0,0.0
12.0,2018.0,France,FRA,Wind offshore,0,GW,0.01,0.0,0.0
1.0,2019.0,France,FRA,Wind offshore,0,GW,0.01,0.0,0.0
2.0,2019.0,France,FRA,Wind offshore,0,GW,0.01,0.0,0.0
3.0,2019.0,France,FRA,Wind offshore,0,GW,0.01,0.0,0.0
4.0,2019.0,France,FRA,Wind offshore,0,GW,0.01,0.0,0.0
5.0,2019.0,France,FRA,Wind offshore,0,GW,0.01,0.0,0.0
6.0,2019.0,France,FRA,Wind offshore,0,GW,0.01,0.0,0.0
7.0,2019.0,France,FRA,Wind offshore,0,GW,0.01,0.0,0.0
8.0,2019.0,France,FRA,Wind offshore,0,GW,0.01,0.0,0.0
9.0,2019.0,France,FRA,Wind offshore,0,GW,0.01,0.0,0.0
10.0,2019.0,France,FRA,Wind offshore,0,GW,0.01,0.0,0.0
11.0,2019.0,France,FRA,Wind offshore,0,GW,0.01,0.0,0.0
12.0,2019.0,France,FRA,Wind offshore,0,GW,0.01,0.0,0.0
1.0,2020.0,France,FRA,Wind offshore,0,GW,0.01,0.0,0.0
2.0,2020.0,France,FRA,Wind offshore,0,GW,0.01,0.0,0.0
3.0,2020.0,France,FRA,Wind offshore,0,GW,0.01,0.0,0.0
4.0,2020.0,France,FRA,Wind offshore,0,GW,0.01,0.0,0.0
5.0,2020.0,France,FRA,Wind offshore,0,GW,0.01,0.0,0.0
6.0,2020.0,France,FRA,Wind offshore,0,GW,0.01,0.0,0.0
7.0,2020.0,France,FRA,Wind offshore,0,GW,0.01,0.0,0.0
8.0,2020.0,France,FRA,Wind offshore,0,GW,0.01,0.0,0.0
9.0,2020.0,France,FRA,Wind offshore,0,GW,0.01,0.0,0.0
10.0,2020.0,France,FRA,Wind offshore,0,GW,0.01,0.0,0.0
11.0,2020.0,France,FRA,Wind offshore,0,GW,0.01,0.0,0.0
12.0,2020.0,France,FRA,Wind offshore,0,GW,0.01,0.0,0.0
1.0,2021.0,France,FRA,Wind offshore,0,GW,0.01,0.0,0.0
2.0,2021.0,France,FRA,Wind offshore,0,GW,0.01,0.0,0.0
3.0,2021.0,France,FRA,Wind offshore,0,GW,0.01,0.0,0.0
4.0,2021.0,France,FRA,Wind offshore,0,GW,0.01,0.0,0.0
5.0,2021.0,France,FRA,Wind offshore,0,GW,0.01,0.0,0.0
6.0,2021.0,France,FRA,Wind offshore,0,GW,0.01,0.0,0.0
7.0,2021.0,France,FRA,Wind offshore,0,GW,0.01,0.0,0.0
8.0,2021.0,France,FRA,Wind offshore,0,GW,0.01,0.0,0.0
9.0,2021.0,France,FRA,Wind offshore,0,GW,0.01,0.0,0.0
10.0,2021.0,France,FRA,Wind offshore,0,GW,0.01,0.0,0.0
11.0,2021.0,France,FRA,Wind offshore,0,GW,0.01,0.0,0.0
12.0,2021.0,France,FRA,Wind offshore,0,GW,0.01,0.0,0.0
1.0,2022.0,France,FRA,Wind offshore,0,GW,0.01,0.0,0.0
2.0,2022.0,France,FRA,Wind offshore,0,GW,0.01,0.0,0.0
3.0,2022.0,France,FRA,Wind offshore,0,GW,0.01,0.0,0.0
4.0,2022.0,France,FRA,Wind offshore,0,GW,0.01,0.0,0.0
5.0,2022.0,France,FRA,Wind offshore,0,GW,0.01,0.0,0.0
6.0,2022.0,France,FRA,Wind offshore,0,GW,0.49,0.48,0.48
7.0,2022.0,France,FRA,Wind offshore,0,GW,0.49,0.0,0.48
8.0,2022.0,France,FRA,Wind offshore,0,GW,0.49,0.0,0.48
9.0,2022.0,France,FRA,Wind offshore,0,GW,0.49,0.0,0.48
10.0,2022.0,France,FRA,Wind offshore,0,GW,0.49,0.0,0.48
11.0,2022.0,France,FRA,Wind offshore,0,GW,0.49,0.0,0.48
12.0,2022.0,France,FRA,Wind offshore,0,GW,0.49,0.0,0.48
1.0,2023.0,France,FRA,Wind offshore,0,GW,0.49,0.0,0.0
2.0,2023.0,France,FRA,Wind offshore,0,GW,0.49,0.0,0.0
3.0,2023.0,France,FRA,Wind offshore,0,GW,0.99,0.5,0.5
4.0,2023.0,France,FRA,Wind offshore,0,GW,0.99,0.0,0.5
5.0,2023.0,France,FRA,Wind offshore,0,GW,0.99,0.0,0.5
6.0,2023.0,France,FRA,Wind offshore,0,GW,1.48,0.49,0.99
7.0,2023.0,France,FRA,Wind offshore,0,GW,1.48,0.0,0.99
8.0,2023.0,France,FRA,Wind offshore,0,GW,1.48,0.0,0.99
9.0,2023.0,France,FRA,Wind offshore,0,GW,1.48,0.0,0.99
10.0,2023.0,France,FRA,Wind offshore,0,GW,1.48,0.0,0.99
11.0,2023.0,France,FRA,Wind offshore,0,GW,1.48,0.0,0.99
12.0,2023.0,France,FRA,Wind offshore,0,GW,1.48,0.0,0.99
1.0,2024.0,France,FRA,Wind offshore,0,GW,1.48,0.0,0.0
2.0,2024.0,France,FRA,Wind offshore,0,GW,1.48,0.0,0.0
3.0,2024.0,France,FRA,Wind offshore,0,GW,1.48,0.0,0.0
4.0,2024.0,France,FRA,Wind offshore,0,GW,1.48,0.0,0.0
5.0,2024.0,France,FRA,Wind offshore,0,GW,1.48,0.0,0.0
6.0,2024.0,France,FRA,Wind offshore,0,GW,1.48,0.0,0.0
7.0,2024.0,France,FRA,Wind offshore,0,GW,1.48,0.0,0.0
8.0,2024.0,France,FRA,Wind offshore,0,GW,1.48,0.0,0.0
9.0,2024.0,France,FRA,Wind offshore,0,GW,1.48,0.0,0.0
10.0,2024.0,France,FRA,Wind offshore,0,GW,1.48,0.0,0.0
11.0,2024.0,France,FRA,Wind offshore,0,GW,1.51,0.03,0.03
12.0,2024.0,France,FRA,Wind offshore,0,GW,1.51,0.0,0.03
1.0,2025.0,France,FRA,Wind offshore,0,GW,1.51,0.0,0.0
2.0,2025.0,France,FRA,Wind offshore,0,GW,1.51,0.0,0.0
3.0,2025.0,France,FRA,Wind offshore,0,GW,1.51,0.0,0.0
4.0,2025.0,France,FRA,Wind offshore,0,GW,1.51,0.0,0.0
5.0,2025.0,France,FRA,Wind offshore,0,GW,1.76,0.25,0.25
6.0,2025.0,France,FRA,Wind offshore,0,GW,1.76,0.0,0.25
1.0,2016.0,France,FRA,Wind onshore,0,GW,10.39,0.04,0.04
2.0,2016.0,France,FRA,Wind onshore,0,GW,10.46,0.07,0.11
3.0,2016.0,France,FRA,Wind onshore,0,GW,10.5,0.04,0.15
4.0,2016.0,France,FRA,Wind onshore,0,GW,10.62,0.12,0.27
5.0,2016.0,France,FRA,Wind onshore,0,GW,10.7,0.08,0.35
6.0,2016.0,France,FRA,Wind onshore,0,GW,10.86,0.16,0.51
7.0,2016.0,France,FRA,Wind onshore,0,GW,11.01,0.15,0.66
8.0,2016.0,France,FRA,Wind onshore,0,GW,11.13,0.12,0.78
9.0,2016.0,France,FRA,Wind onshore,0,GW,11.17,0.04,0.82
10.0,2016.0,France,FRA,Wind onshore,0,GW,11.37,0.2,1.02
11.0,2016.0,France,FRA,Wind onshore,0,GW,11.57,0.2,1.22
12.0,2016.0,France,FRA,Wind onshore,0,GW,11.78,0.21,1.43
1.0,2017.0,France,FRA,Wind onshore,0,GW,11.87,0.09,0.09
2.0,2017.0,France,FRA,Wind onshore,0,GW,12.02,0.15,0.24
3.0,2017.0,France,FRA,Wind onshore,0,GW,12.12,0.1,0.34
4.0,2017.0,France,FRA,Wind onshore,0,GW,12.19,0.07,0.41
5.0,2017.0,France,FRA,Wind onshore,0,GW,12.26,0.07,0.48
6.0,2017.0,France,FRA,Wind onshore,0,GW,12.42,0.16,0.64
7.0,2017.0,France,FRA,Wind onshore,0,GW,12.59,0.17,0.81
8.0,2017.0,France,FRA,Wind onshore,0,GW,12.72,0.13,0.94
9.0,2017.0,France,FRA,Wind onshore,0,GW,12.93,0.21,1.15
10.0,2017.0,France,FRA,Wind onshore,0,GW,13.18,0.25,1.4
11.0,2017.0,France,FRA,Wind onshore,0,GW,13.44,0.26,1.66
12.0,2017.0,France,FRA,Wind onshore,0,GW,13.66,0.22,1.88
1.0,2018.0,France,FRA,Wind onshore,0,GW,13.68,0.02,0.02
2.0,2018.0,France,FRA,Wind onshore,0,GW,13.72,0.04,0.06
3.0,2018.0,France,FRA,Wind onshore,0,GW,13.8,0.08,0.14
4.0,2018.0,France,FRA,Wind onshore,0,GW,13.85,0.05,0.19
5.0,2018.0,France,FRA,Wind onshore,0,GW,13.91,0.06,0.25
6.0,2018.0,France,FRA,Wind onshore,0,GW,14.1,0.19,0.44
7.0,2018.0,France,FRA,Wind onshore,0,GW,14.24,0.14,0.58
8.0,2018.0,France,FRA,Wind onshore,0,GW,14.37,0.13,0.71
9.0,2018.0,France,FRA,Wind onshore,0,GW,14.49,0.12,0.83
10.0,2018.0,France,FRA,Wind onshore,0,GW,14.61,0.12,0.95
11.0,2018.0,France,FRA,Wind onshore,0,GW,15.0,0.39,1.34
12.0,2018.0,France,FRA,Wind onshore,0,GW,15.35,0.35,1.69
1.0,2019.0,France,FRA,Wind onshore,0,GW,15.48,0.13,0.13
2.0,2019.0,France,FRA,Wind onshore,0,GW,15.61,0.13,0.26
3.0,2019.0,France,FRA,Wind onshore,0,GW,15.66,0.05,0.31
4.0,2019.0,France,FRA,Wind onshore,0,GW,15.82,0.16,0.47
5.0,2019.0,France,FRA,Wind onshore,0,GW,15.96,0.14,0.61
6.0,2019.0,France,FRA,Wind onshore,0,GW,16.13,0.17,0.78
7.0,2019.0,France,FRA,Wind onshore,0,GW,16.17,0.04,0.82
8.0,2019.0,France,FRA,Wind onshore,0,GW,16.19,0.02,0.84
9.0,2019.0,France,FRA,Wind onshore,0,GW,16.3,0.11,0.95
10.0,2019.0,France,FRA,Wind onshore,0,GW,16.43,0.13,1.08
11.0,2019.0,France,FRA,Wind onshore,0,GW,16.59,0.16,1.24
12.0,2019.0,France,FRA,Wind onshore,0,GW,16.88,0.29,1.53
1.0,2020.0,France,FRA,Wind onshore,0,GW,17.06,0.18,0.18
2.0,2020.0,France,FRA,Wind onshore,0,GW,17.21,0.15,0.33
3.0,2020.0,France,FRA,Wind onshore,0,GW,17.23,0.02,0.35
4.0,2020.0,France,FRA,Wind onshore,0,GW,17.25,0.02,0.37
5.0,2020.0,France,FRA,Wind onshore,0,GW,17.28,0.03,0.4
6.0,2020.0,France,FRA,Wind onshore,0,GW,17.37,0.09,0.49
7.0,2020.0,France,FRA,Wind onshore,0,GW,17.55,0.18,0.67
8.0,2020.0,France,FRA,Wind onshore,0,GW,17.6,0.05,0.72
9.0,2020.0,France,FRA,Wind onshore,0,GW,17.79,0.19,0.91
10.0,2020.0,France,FRA,Wind onshore,0,GW,17.95,0.16,1.07
11.0,2020.0,France,FRA,Wind onshore,0,GW,18.14,0.19,1.26
12.0,2020.0,France,FRA,Wind onshore,0,GW,18.27,0.13,1.39
1.0,2021.0,France,FRA,Wind onshore,0,GW,18.31,0.04,0.04
2.0,2021.0,France,FRA,Wind onshore,0,GW,18.42,0.11,0.15
3.0,2021.0,France,FRA,Wind onshore,0,GW,18.55,0.13,0.28
4.0,2021.0,France,FRA,Wind onshore,0,GW,18.67,0.12,0.4
5.0,2021.0,France,FRA,Wind onshore,0,GW,18.79,0.12,0.52
6.0,2021.0,France,FRA,Wind onshore,0,GW,18.8,0.01,0.53
7.0,2021.0,France,FRA,Wind onshore,0,GW,18.91,0.11,0.64
8.0,2021.0,France,FRA,Wind onshore,0,GW,18.98,0.07,0.71
9.0,2021.0,France,FRA,Wind onshore,0,GW,19.03,0.05,0.76
10.0,2021.0,France,FRA,Wind onshore,0,GW,19.21,0.18,0.94
11.0,2021.0,France,FRA,Wind onshore,0,GW,19.35,0.14,1.08
12.0,2021.0,France,FRA,Wind onshore,0,GW,19.52,0.17,1.25
1.0,2022.0,France,FRA,Wind onshore,0,GW,19.63,0.11,0.11
2.0,2022.0,France,FRA,Wind onshore,0,GW,19.75,0.12,0.23
3.0,2022.0,France,FRA,Wind onshore,0,GW,19.86,0.11,0.34
4.0,2022.0,France,FRA,Wind onshore,0,GW,20.01,0.15,0.49
5.0,2022.0,France,FRA,Wind onshore,0,GW,20.13,0.12,0.61
6.0,2022.0,France,FRA,Wind onshore,0,GW,20.22,0.09,0.7
7.0,2022.0,France,FRA,Wind onshore,0,GW,20.33,0.11,0.81
8.0,2022.0,France,FRA,Wind onshore,0,GW,20.42,0.09,0.9
9.0,2022.0,France,FRA,Wind onshore,0,GW,20.61,0.19,1.09
10.0,2022.0,France,FRA,Wind onshore,0,GW,20.87,0.26,1.35
11.0,2022.0,France,FRA,Wind onshore,0,GW,20.97,0.1,1.45
12.0,2022.0,France,FRA,Wind onshore,0,GW,21.3,0.33,1.78
1.0,2023.0,France,FRA,Wind onshore,0,GW,21.49,0.19,0.19
2.0,2023.0,France,FRA,Wind onshore,0,GW,21.61,0.12,0.31
3.0,2023.0,France,FRA,Wind onshore,0,GW,21.72,0.11,0.42
4.0,2023.0,France,FRA,Wind onshore,0,GW,21.76,0.04,0.46
5.0,2023.0,France,FRA,Wind onshore,0,GW,21.88,0.12,0.58
6.0,2023.0,France,FRA,Wind onshore,0,GW,21.98,0.1,0.68
7.0,2023.0,France,FRA,Wind onshore,0,GW,22.15,0.17,0.85
8.0,2023.0,France,FRA,Wind onshore,0,GW,22.24,0.09,0.94
9.0,2023.0,France,FRA,Wind onshore,0,GW,22.33,0.09,1.03
10.0,2023.0,France,FRA,Wind onshore,0,GW,22.41,0.08,1.11
11.0,2023.0,France,FRA,Wind onshore,0,GW,22.44,0.03,1.14
12.0,2023.0,France,FRA,Wind onshore,0,GW,22.61,0.17,1.31
1.0,2024.0,France,FRA,Wind onshore,0,GW,22.7,0.09,0.09
2.0,2024.0,France,FRA,Wind onshore,0,GW,22.83,0.13,0.22
3.0,2024.0,France,FRA,Wind onshore,0,GW,22.92,0.09,0.31
4.0,2024.0,France,FRA,Wind onshore,0,GW,22.97,0.05,0.36
5.0,2024.0,France,FRA,Wind onshore,0,GW,23.05,0.08,0.44
6.0,2024.0,France,FRA,Wind onshore,0,GW,23.21,0.16,0.6
7.0,2024.0,France,FRA,Wind onshore,0,GW,23.28,0.07,0.67
8.0,2024.0,France,FRA,Wind onshore,0,GW,23.33,0.05,0.72
9.0,2024.0,France,FRA,Wind onshore,0,GW,23.39,0.06,0.78
10.0,2024.0,France,FRA,Wind onshore,0,GW,23.6,0.21,0.99
11.0,2024.0,France,FRA,Wind onshore,0,GW,23.72,0.12,1.11
12.0,2024.0,France,FRA,Wind onshore,0,GW,23.83,0.11,1.22
1.0,2025.0,France,FRA,Wind onshore,0,GW,23.87,0.04,0.04
2.0,2025.0,France,FRA,Wind onshore,0,GW,23.9,0.03,0.07
3.0,2025.0,France,FRA,Wind onshore,0,GW,23.91,0.01,0.08
4.0,2025.0,France,FRA,Wind onshore,0,GW,23.99,0.08,0.16
5.0,2025.0,France,FRA,Wind onshore,0,GW,24.02,0.03,0.19
6.0,2025.0,France,FRA,Wind onshore,0,GW,24.12,0.1,0.29
1.0,2016.0,France,FRA,Wind,1,GW,10.4,0.04,0.04
2.0,2016.0,France,FRA,Wind,1,GW,10.47,0.07,0.11
3.0,2016.0,France,FRA,Wind,1,GW,10.51,0.04,0.15
4.0,2016.0,France,FRA,Wind,1,GW,10.63,0.12,0.27
5.0,2016.0,France,FRA,Wind,1,GW,10.71,0.08,0.35
6.0,2016.0,France,FRA,Wind,1,GW,10.87,0.16,0.51
7.0,2016.0,France,FRA,Wind,1,GW,11.02,0.15,0.66
8.0,2016.0,France,FRA,Wind,1,GW,11.14,0.12,0.78
9.0,2016.0,France,FRA,Wind,1,GW,11.18,0.04,0.82
10.0,2016.0,France,FRA,Wind,1,GW,11.38,0.2,1.02
11.0,2016.0,France,FRA,Wind,1,GW,11.58,0.2,1.22
12.0,2016.0,France,FRA,Wind,1,GW,11.79,0.21,1.43
1.0,2017.0,France,FRA,Wind,1,GW,11.88,0.09,0.09
2.0,2017.0,France,FRA,Wind,1,GW,12.03,0.15,0.24
3.0,2017.0,France,FRA,Wind,1,GW,12.13,0.1,0.34
4.0,2017.0,France,FRA,Wind,1,GW,12.2,0.07,0.41
5.0,2017.0,France,FRA,Wind,1,GW,12.27,0.07,0.48
6.0,2017.0,France,FRA,Wind,1,GW,12.43,0.16,0.64
7.0,2017.0,France,FRA,Wind,1,GW,12.6,0.17,0.81
8.0,2017.0,France,FRA,Wind,1,GW,12.73,0.13,0.94
9.0,2017.0,France,FRA,Wind,1,GW,12.94,0.21,1.15
10.0,2017.0,France,FRA,Wind,1,GW,13.19,0.25,1.4
11.0,2017.0,France,FRA,Wind,1,GW,13.45,0.26,1.66
12.0,2017.0,France,FRA,Wind,1,GW,13.67,0.22,1.88
1.0,2018.0,France,FRA,Wind,1,GW,13.69,0.02,0.02
2.0,2018.0,France,FRA,Wind,1,GW,13.73,0.04,0.06
3.0,2018.0,France,FRA,Wind,1,GW,13.81,0.08,0.14
4.0,2018.0,France,FRA,Wind,1,GW,13.86,0.05,0.19
5.0,2018.0,France,FRA,Wind,1,GW,13.92,0.06,0.25
6.0,2018.0,France,FRA,Wind,1,GW,14.11,0.19,0.44
7.0,2018.0,France,FRA,Wind,1,GW,14.25,0.14,0.58
8.0,2018.0,France,FRA,Wind,1,GW,14.38,0.13,0.71
9.0,2018.0,France,FRA,Wind,1,GW,14.5,0.12,0.83
10.0,2018.0,France,FRA,Wind,1,GW,14.62,0.12,0.95
11.0,2018.0,France,FRA,Wind,1,GW,15.01,0.39,1.34
12.0,2018.0,France,FRA,Wind,1,GW,15.36,0.35,1.69
1.0,2019.0,France,FRA,Wind,1,GW,15.49,0.13,0.13
2.0,2019.0,France,FRA,Wind,1,GW,15.62,0.13,0.26
3.0,2019.0,France,FRA,Wind,1,GW,15.67,0.05,0.31
4.0,2019.0,France,FRA,Wind,1,GW,15.83,0.16,0.47
5.0,2019.0,France,FRA,Wind,1,GW,15.97,0.14,0.61
6.0,2019.0,France,FRA,Wind,1,GW,16.14,0.17,0.78
7.0,2019.0,France,FRA,Wind,1,GW,16.18,0.04,0.82
8.0,2019.0,France,FRA,Wind,1,GW,16.2,0.02,0.84
9.0,2019.0,France,FRA,Wind,1,GW,16.31,0.11,0.95
10.0,2019.0,France,FRA,Wind,1,GW,16.44,0.13,1.08
11.0,2019.0,France,FRA,Wind,1,GW,16.6,0.16,1.24
12.0,2019.0,France,FRA,Wind,1,GW,16.89,0.29,1.53
1.0,2020.0,France,FRA,Wind,1,GW,17.07,0.18,0.18
2.0,2020.0,France,FRA,Wind,1,GW,17.22,0.15,0.33
3.0,2020.0,France,FRA,Wind,1,GW,17.24,0.02,0.35
4.0,2020.0,France,FRA,Wind,1,GW,17.26,0.02,0.37
5.0,2020.0,France,FRA,Wind,1,GW,17.29,0.03,0.4
6.0,2020.0,France,FRA,Wind,1,GW,17.38,0.09,0.49
7.0,2020.0,France,FRA,Wind,1,GW,17.56,0.18,0.67
8.0,2020.0,France,FRA,Wind,1,GW,17.61,0.05,0.72
9.0,2020.0,France,FRA,Wind,1,GW,17.8,0.19,0.91
10.0,2020.0,France,FRA,Wind,1,GW,17.96,0.16,1.07
11.0,2020.0,France,FRA,Wind,1,GW,18.15,0.19,1.26
12.0,2020.0,France,FRA,Wind,1,GW,18.28,0.13,1.39
1.0,2021.0,France,FRA,Wind,1,GW,18.32,0.04,0.04
2.0,2021.0,France,FRA,Wind,1,GW,18.43,0.11,0.15
3.0,2021.0,France,FRA,Wind,1,GW,18.56,0.13,0.28
4.0,2021.0,France,FRA,Wind,1,GW,18.68,0.12,0.4
5.0,2021.0,France,FRA,Wind,1,GW,18.8,0.12,0.52
6.0,2021.0,France,FRA,Wind,1,GW,18.81,0.01,0.53
7.0,2021.0,France,FRA,Wind,1,GW,18.92,0.11,0.64
8.0,2021.0,France,FRA,Wind,1,GW,18.99,0.07,0.71
9.0,2021.0,France,FRA,Wind,1,GW,19.04,0.05,0.76
10.0,2021.0,France,FRA,Wind,1,GW,19.22,0.18,0.94
11.0,2021.0,France,FRA,Wind,1,GW,19.36,0.14,1.08
12.0,2021.0,France,FRA,Wind,1,GW,19.53,0.17,1.25
1.0,2022.0,France,FRA,Wind,1,GW,19.64,0.11,0.11
2.0,2022.0,France,FRA,Wind,1,GW,19.76,0.12,0.23
3.0,2022.0,France,FRA,Wind,1,GW,19.87,0.11,0.34
4.0,2022.0,France,FRA,Wind,1,GW,20.02,0.15,0.49
5.0,2022.0,France,FRA,Wind,1,GW,20.14,0.12,0.61
6.0,2022.0,France,FRA,Wind,1,GW,20.71,0.57,1.18
7.0,2022.0,France,FRA,Wind,1,GW,20.82,0.11,1.29
8.0,2022.0,France,FRA,Wind,1,GW,20.91,0.09,1.38
9.0,2022.0,France,FRA,Wind,1,GW,21.1,0.19,1.57
10.0,2022.0,France,FRA,Wind,1,GW,21.36,0.26,1.83
11.0,2022.0,France,FRA,Wind,1,GW,21.46,0.1,1.93
12.0,2022.0,France,FRA,Wind,1,GW,21.79,0.33,2.26
1.0,2023.0,France,FRA,Wind,1,GW,21.98,0.19,0.19
2.0,2023.0,France,FRA,Wind,1,GW,22.1,0.12,0.31
3.0,2023.0,France,FRA,Wind,1,GW,22.71,0.61,0.92
4.0,2023.0,France,FRA,Wind,1,GW,22.75,0.04,0.96
5.0,2023.0,France,FRA,Wind,1,GW,22.87,0.12,1.08
6.0,2023.0,France,FRA,Wind,1,GW,23.46,0.59,1.67
7.0,2023.0,France,FRA,Wind,1,GW,23.64,0.18,1.85
8.0,2023.0,France,FRA,Wind,1,GW,23.72,0.08,1.93
9.0,2023.0,France,FRA,Wind,1,GW,23.81,0.09,2.02
10.0,2023.0,France,FRA,Wind,1,GW,23.89,0.08,2.1
11.0,2023.0,France,FRA,Wind,1,GW,23.92,0.03,2.13
12.0,2023.0,France,FRA,Wind,1,GW,24.1,0.18,2.31
1.0,2024.0,France,FRA,Wind,1,GW,24.18,0.08,0.08
2.0,2024.0,France,FRA,Wind,1,GW,24.31,0.13,0.21
3.0,2024.0,France,FRA,Wind,1,GW,24.41,0.1,0.31
4.0,2024.0,France,FRA,Wind,1,GW,24.45,0.04,0.35
5.0,2024.0,France,FRA,Wind,1,GW,24.53,0.08,0.43
6.0,2024.0,France,FRA,Wind,1,GW,24.69,0.16,0.59
7.0,2024.0,France,FRA,Wind,1,GW,24.76,0.07,0.66
8.0,2024.0,France,FRA,Wind,1,GW,24.81,0.05,0.71
9.0,2024.0,France,FRA,Wind,1,GW,24.87,0.06,0.77
10.0,2024.0,France,FRA,Wind,1,GW,25.09,0.22,0.99
11.0,2024.0,France,FRA,Wind,1,GW,25.23,0.14,1.13
12.0,2024.0,France,FRA,Wind,1,GW,25.34,0.11,1.24
1.0,2025.0,France,FRA,Wind,1,GW,25.38,0.04,0.04
2.0,2025.0,France,FRA,Wind,1,GW,25.4,0.02,0.06
3.0,2025.0,France,FRA,Wind,1,GW,25.42,0.02,0.08
4.0,2025.0,France,FRA,Wind,1,GW,25.49,0.07,0.15
5.0,2025.0,France,FRA,Wind,1,GW,25.78,0.29,0.44
6.0,2025.0,France,FRA,Wind,1,GW,25.88,0.1,0.54
1.0,2016.0,France,FRA,Wind and solar,1,GW,21.35,0.1,0.1
2.0,2016.0,France,FRA,Wind and solar,1,GW,21.47,0.12,0.22
3.0,2016.0,France,FRA,Wind and solar,1,GW,21.57,0.1,0.32
4.0,2016.0,France,FRA,Wind and solar,1,GW,21.74,0.17,0.49
5.0,2016.0,France,FRA,Wind and solar,1,GW,21.85,0.11,0.6
6.0,2016.0,France,FRA,Wind and solar,1,GW,22.08,0.23,0.83
7.0,2016.0,France,FRA,Wind and solar,1,GW,22.26,0.18,1.01
8.0,2016.0,France,FRA,Wind and solar,1,GW,22.41,0.15,1.16
9.0,2016.0,France,FRA,Wind and solar,1,GW,22.49,0.08,1.24
10.0,2016.0,France,FRA,Wind and solar,1,GW,22.72,0.23,1.47
11.0,2016.0,France,FRA,Wind and solar,1,GW,22.95,0.23,1.7
12.0,2016.0,France,FRA,Wind and solar,1,GW,23.19,0.24,1.94
1.0,2017.0,France,FRA,Wind and solar,1,GW,23.3,0.11,0.11
2.0,2017.0,France,FRA,Wind and solar,1,GW,23.47,0.17,0.28
3.0,2017.0,France,FRA,Wind and solar,1,GW,23.6,0.13,0.41
4.0,2017.0,France,FRA,Wind and solar,1,GW,23.71,0.11,0.52
5.0,2017.0,France,FRA,Wind and solar,1,GW,23.84,0.13,0.65
6.0,2017.0,France,FRA,Wind and solar,1,GW,24.09,0.25,0.9
7.0,2017.0,France,FRA,Wind and solar,1,GW,24.31,0.22,1.12
8.0,2017.0,France,FRA,Wind and solar,1,GW,24.52,0.21,1.33
9.0,2017.0,France,FRA,Wind and solar,1,GW,24.78,0.26,1.59
10.0,2017.0,France,FRA,Wind and solar,1,GW,25.12,0.34,1.93
11.0,2017.0,France,FRA,Wind and solar,1,GW,25.57,0.45,2.38
12.0,2017.0,France,FRA,Wind and solar,1,GW,25.9,0.33,2.71
1.0,2018.0,France,FRA,Wind and solar,1,GW,26.01,0.11,0.11
2.0,2018.0,France,FRA,Wind and solar,1,GW,26.11,0.1,0.21
3.0,2018.0,France,FRA,Wind and solar,1,GW,26.26,0.15,0.36
4.0,2018.0,France,FRA,Wind and solar,1,GW,26.38,0.12,0.48
5.0,2018.0,France,FRA,Wind and solar,1,GW,26.5,0.12,0.6
6.0,2018.0,France,FRA,Wind and solar,1,GW,26.78,0.28,0.88
7.0,2018.0,France,FRA,Wind and solar,1,GW,27.03,0.25,1.13
8.0,2018.0,France,FRA,Wind and solar,1,GW,27.23,0.2,1.33
9.0,2018.0,France,FRA,Wind and solar,1,GW,27.37,0.14,1.47
10.0,2018.0,France,FRA,Wind and solar,1,GW,27.54,0.17,1.64
11.0,2018.0,France,FRA,Wind and solar,1,GW,27.98,0.44,2.08
12.0,2018.0,France,FRA,Wind and solar,1,GW,28.37,0.39,2.47
1.0,2019.0,France,FRA,Wind and solar,1,GW,28.54,0.17,0.17
2.0,2019.0,France,FRA,Wind and solar,1,GW,28.72,0.18,0.35
3.0,2019.0,France,FRA,Wind and solar,1,GW,28.83,0.11,0.46
4.0,2019.0,France,FRA,Wind and solar,1,GW,29.06,0.23,0.69
5.0,2019.0,France,FRA,Wind and solar,1,GW,29.26,0.2,0.89
6.0,2019.0,France,FRA,Wind and solar,1,GW,29.52,0.26,1.15
7.0,2019.0,France,FRA,Wind and solar,1,GW,29.7,0.18,1.33
8.0,2019.0,France,FRA,Wind and solar,1,GW,29.79,0.09,1.42
9.0,2019.0,France,FRA,Wind and solar,1,GW,30.0,0.21,1.63
10.0,2019.0,France,FRA,Wind and solar,1,GW,30.23,0.23,1.86
11.0,2019.0,France,FRA,Wind and solar,1,GW,30.46,0.23,2.09
12.0,2019.0,France,FRA,Wind and solar,1,GW,30.8,0.34,2.43
1.0,2020.0,France,FRA,Wind and solar,1,GW,31.03,0.23,0.23
2.0,2020.0,France,FRA,Wind and solar,1,GW,31.27,0.24,0.47
3.0,2020.0,France,FRA,Wind and solar,1,GW,31.34,0.07,0.54
4.0,2020.0,France,FRA,Wind and solar,1,GW,31.39,0.05,0.59
5.0,2020.0,France,FRA,Wind and solar,1,GW,31.47,0.08,0.67
6.0,2020.0,France,FRA,Wind and solar,1,GW,31.67,0.2,0.87
7.0,2020.0,France,FRA,Wind and solar,1,GW,31.97,0.3,1.17
8.0,2020.0,France,FRA,Wind and solar,1,GW,32.09,0.12,1.29
9.0,2020.0,France,FRA,Wind and solar,1,GW,32.42,0.33,1.62
10.0,2020.0,France,FRA,Wind and solar,1,GW,32.77,0.35,1.97
11.0,2020.0,France,FRA,Wind and solar,1,GW,33.09,0.32,2.29
12.0,2020.0,France,FRA,Wind and solar,1,GW,33.33,0.24,2.53
1.0,2021.0,France,FRA,Wind and solar,1,GW,33.57,0.24,0.24
2.0,2021.0,France,FRA,Wind and solar,1,GW,33.96,0.39,0.63
3.0,2021.0,France,FRA,Wind and solar,1,GW,34.33,0.37,1.0
4.0,2021.0,France,FRA,Wind and solar,1,GW,34.77,0.44,1.44
5.0,2021.0,France,FRA,Wind and solar,1,GW,35.05,0.28,1.72
6.0,2021.0,France,FRA,Wind and solar,1,GW,35.28,0.23,1.95
7.0,2021.0,France,FRA,Wind and solar,1,GW,35.65,0.37,2.32
8.0,2021.0,France,FRA,Wind and solar,1,GW,35.84,0.19,2.51
9.0,2021.0,France,FRA,Wind and solar,1,GW,36.07,0.23,2.74
10.0,2021.0,France,FRA,Wind and solar,1,GW,36.47,0.4,3.14
11.0,2021.0,France,FRA,Wind and solar,1,GW,36.83,0.36,3.5
12.0,2021.0,France,FRA,Wind and solar,1,GW,37.21,0.38,3.88
1.0,2022.0,France,FRA,Wind and solar,1,GW,37.45,0.24,0.24
2.0,2022.0,France,FRA,Wind and solar,1,GW,37.73,0.28,0.52
3.0,2022.0,France,FRA,Wind and solar,1,GW,38.08,0.35,0.87
4.0,2022.0,France,FRA,Wind and solar,1,GW,38.36,0.28,1.15
5.0,2022.0,France,FRA,Wind and solar,1,GW,38.62,0.26,1.41
6.0,2022.0,France,FRA,Wind and solar,1,GW,39.44,0.82,2.23
7.0,2022.0,France,FRA,Wind and solar,1,GW,39.75,0.31,2.54
8.0,2022.0,France,FRA,Wind and solar,1,GW,39.96,0.21,2.75
9.0,2022.0,France,FRA,Wind and solar,1,GW,40.44,0.48,3.23
10.0,2022.0,France,FRA,Wind and solar,1,GW,40.87,0.43,3.66
11.0,2022.0,France,FRA,Wind and solar,1,GW,41.2,0.33,3.99
12.0,2022.0,France,FRA,Wind and solar,1,GW,41.74,0.54,4.53
1.0,2023.0,France,FRA,Wind and solar,1,GW,42.08,0.34,0.34
2.0,2023.0,France,FRA,Wind and solar,1,GW,42.35,0.27,0.61
3.0,2023.0,France,FRA,Wind and solar,1,GW,43.13,0.78,1.39
4.0,2023.0,France,FRA,Wind and solar,1,GW,43.34,0.21,1.6
5.0,2023.0,France,FRA,Wind and solar,1,GW,43.7,0.36,1.96
6.0,2023.0,France,FRA,Wind and solar,1,GW,44.5,0.8,2.76
7.0,2023.0,France,FRA,Wind and solar,1,GW,44.89,0.39,3.15
8.0,2023.0,France,FRA,Wind and solar,1,GW,45.15,0.26,3.41
9.0,2023.0,France,FRA,Wind and solar,1,GW,45.42,0.27,3.68
10.0,2023.0,France,FRA,Wind and solar,1,GW,45.77,0.35,4.03
11.0,2023.0,France,FRA,Wind and solar,1,GW,46.05,0.28,4.31
12.0,2023.0,France,FRA,Wind and solar,1,GW,46.5,0.45,4.76
1.0,2024.0,France,FRA,Wind and solar,1,GW,46.86,0.36,0.36
2.0,2024.0,France,FRA,Wind and solar,1,GW,47.27,0.41,0.77
3.0,2024.0,France,FRA,Wind and solar,1,GW,47.62,0.35,1.12
4.0,2024.0,France,FRA,Wind and solar,1,GW,48.0,0.38,1.5
5.0,2024.0,France,FRA,Wind and solar,1,GW,48.38,0.38,1.88
6.0,2024.0,France,FRA,Wind and solar,1,GW,48.8,0.42,2.3
7.0,2024.0,France,FRA,Wind and solar,1,GW,49.39,0.59,2.89
8.0,2024.0,France,FRA,Wind and solar,1,GW,49.71,0.32,3.21
9.0,2024.0,France,FRA,Wind and solar,1,GW,50.09,0.38,3.59
10.0,2024.0,France,FRA,Wind and solar,1,GW,50.71,0.62,4.21
11.0,2024.0,France,FRA,Wind and solar,1,GW,51.21,0.5,4.71
12.0,2024.0,France,FRA,Wind and solar,1,GW,51.75,0.54,5.25
1.0,2025.0,France,FRA,Wind and solar,1,GW,52.22,0.47,0.47
2.0,2025.0,France,FRA,Wind and solar,1,GW,52.65,0.43,0.9
3.0,2025.0,France,FRA,Wind and solar,1,GW,53.04,0.39,1.29
4.0,2025.0,France,FRA,Wind and solar,1,GW,53.51,0.47,1.76
5.0,2025.0,France,FRA,Wind and solar,1,GW,54.22,0.71,2.47
6.0,2025.0,France,FRA,Wind and solar,1,GW,54.63,0.41,2.88
1.0,2016.0,United Kingdom,GBR,Solar,0,GWAC,7.86,0.16,0.16
2.0,2016.0,United Kingdom,GBR,Solar,0,GWAC,7.94,0.08,0.24
3.0,2016.0,United Kingdom,GBR,Solar,0,GWAC,8.84,0.9,1.14
4.0,2016.0,United Kingdom,GBR,Solar,0,GWAC,8.89,0.05,1.19
5.0,2016.0,United Kingdom,GBR,Solar,0,GWAC,8.93,0.04,1.23
6.0,2016.0,United Kingdom,GBR,Solar,0,GWAC,9.09,0.16,1.39
7.0,2016.0,United Kingdom,GBR,Solar,0,GWAC,9.13,0.04,1.43
8.0,2016.0,United Kingdom,GBR,Solar,0,GWAC,9.18,0.05,1.48
9.0,2016.0,United Kingdom,GBR,Solar,0,GWAC,9.22,0.04,1.52
10.0,2016.0,United Kingdom,GBR,Solar,0,GWAC,9.25,0.03,1.55
11.0,2016.0,United Kingdom,GBR,Solar,0,GWAC,9.28,0.03,1.58
12.0,2016.0,United Kingdom,GBR,Solar,0,GWAC,9.34,0.06,1.64
1.0,2017.0,United Kingdom,GBR,Solar,0,GWAC,9.37,0.03,0.03
2.0,2017.0,United Kingdom,GBR,Solar,0,GWAC,9.44,0.07,0.1
3.0,2017.0,United Kingdom,GBR,Solar,0,GWAC,9.88,0.44,0.54
4.0,2017.0,United Kingdom,GBR,Solar,0,GWAC,9.89,0.01,0.55
5.0,2017.0,United Kingdom,GBR,Solar,0,GWAC,9.9,0.01,0.56
6.0,2017.0,United Kingdom,GBR,Solar,0,GWAC,9.92,0.02,0.58
7.0,2017.0,United Kingdom,GBR,Solar,0,GWAC,9.94,0.02,0.6
8.0,2017.0,United Kingdom,GBR,Solar,0,GWAC,9.95,0.01,0.61
9.0,2017.0,United Kingdom,GBR,Solar,0,GWAC,9.97,0.02,0.63
10.0,2017.0,United Kingdom,GBR,Solar,0,GWAC,9.98,0.01,0.64
11.0,2017.0,United Kingdom,GBR,Solar,0,GWAC,10.0,0.02,0.66
12.0,2017.0,United Kingdom,GBR,Solar,0,GWAC,10.02,0.02,0.68
1.0,2018.0,United Kingdom,GBR,Solar,0,GWAC,10.05,0.03,0.03
2.0,2018.0,United Kingdom,GBR,Solar,0,GWAC,10.06,0.01,0.04
3.0,2018.0,United Kingdom,GBR,Solar,0,GWAC,10.09,0.03,0.07
4.0,2018.0,United Kingdom,GBR,Solar,0,GWAC,10.11,0.02,0.09
5.0,2018.0,United Kingdom,GBR,Solar,0,GWAC,10.13,0.02,0.11
6.0,2018.0,United Kingdom,GBR,Solar,0,GWAC,10.15,0.02,0.13
7.0,2018.0,United Kingdom,GBR,Solar,0,GWAC,10.15,0.0,0.13
8.0,2018.0,United Kingdom,GBR,Solar,0,GWAC,10.17,0.02,0.15
9.0,2018.0,United Kingdom,GBR,Solar,0,GWAC,10.18,0.01,0.16
10.0,2018.0,United Kingdom,GBR,Solar,0,GWAC,10.2,0.02,0.18
11.0,2018.0,United Kingdom,GBR,Solar,0,GWAC,10.22,0.02,0.2
12.0,2018.0,United Kingdom,GBR,Solar,0,GWAC,10.25,0.03,0.23
1.0,2019.0,United Kingdom,GBR,Solar,0,GWAC,10.32,0.07,0.07
2.0,2019.0,United Kingdom,GBR,Solar,0,GWAC,10.34,0.02,0.09
3.0,2019.0,United Kingdom,GBR,Solar,0,GWAC,10.41,0.07,0.16
4.0,2019.0,United Kingdom,GBR,Solar,0,GWAC,10.42,0.01,0.17
5.0,2019.0,United Kingdom,GBR,Solar,0,GWAC,10.42,0.0,0.17
6.0,2019.0,United Kingdom,GBR,Solar,0,GWAC,10.43,0.01,0.18
7.0,2019.0,United Kingdom,GBR,Solar,0,GWAC,10.45,0.02,0.2
8.0,2019.0,United Kingdom,GBR,Solar,0,GWAC,10.46,0.01,0.21
9.0,2019.0,United Kingdom,GBR,Solar,0,GWAC,10.48,0.02,0.23
10.0,2019.0,United Kingdom,GBR,Solar,0,GWAC,10.5,0.02,0.25
11.0,2019.0,United Kingdom,GBR,Solar,0,GWAC,10.51,0.01,0.26
12.0,2019.0,United Kingdom,GBR,Solar,0,GWAC,10.54,0.03,0.29
1.0,2020.0,United Kingdom,GBR,Solar,0,GWAC,10.57,0.03,0.03
2.0,2020.0,United Kingdom,GBR,Solar,0,GWAC,10.58,0.01,0.04
3.0,2020.0,United Kingdom,GBR,Solar,0,GWAC,10.59,0.01,0.05
4.0,2020.0,United Kingdom,GBR,Solar,0,GWAC,10.6,0.01,0.06
5.0,2020.0,United Kingdom,GBR,Solar,0,GWAC,10.61,0.01,0.07
6.0,2020.0,United Kingdom,GBR,Solar,0,GWAC,10.62,0.01,0.08
7.0,2020.0,United Kingdom,GBR,Solar,0,GWAC,10.63,0.01,0.09
8.0,2020.0,United Kingdom,GBR,Solar,0,GWAC,10.68,0.05,0.14
9.0,2020.0,United Kingdom,GBR,Solar,0,GWAC,10.68,0.0,0.14
10.0,2020.0,United Kingdom,GBR,Solar,0,GWAC,10.7,0.02,0.16
11.0,2020.0,United Kingdom,GBR,Solar,0,GWAC,10.72,0.02,0.18
12.0,2020.0,United Kingdom,GBR,Solar,0,GWAC,10.74,0.02,0.2
1.0,2021.0,United Kingdom,GBR,Solar,0,GWAC,10.79,0.05,0.05
2.0,2021.0,United Kingdom,GBR,Solar,0,GWAC,10.8,0.01,0.06
3.0,2021.0,United Kingdom,GBR,Solar,0,GWAC,10.88,0.08,0.14
4.0,2021.0,United Kingdom,GBR,Solar,0,GWAC,10.94,0.06,0.2
5.0,2021.0,United Kingdom,GBR,Solar,0,GWAC,10.95,0.01,0.21
6.0,2021.0,United Kingdom,GBR,Solar,0,GWAC,10.98,0.03,0.24
7.0,2021.0,United Kingdom,GBR,Solar,0,GWAC,11.01,0.03,0.27
8.0,2021.0,United Kingdom,GBR,Solar,0,GWAC,11.02,0.01,0.28
9.0,2021.0,United Kingdom,GBR,Solar,0,GWAC,11.05,0.03,0.31
10.0,2021.0,United Kingdom,GBR,Solar,0,GWAC,11.07,0.02,0.33
11.0,2021.0,United Kingdom,GBR,Solar,0,GWAC,11.09,0.02,0.35
12.0,2021.0,United Kingdom,GBR,Solar,0,GWAC,11.11,0.02,0.37
1.0,2022.0,United Kingdom,GBR,Solar,0,GWAC,11.17,0.06,0.06
2.0,2022.0,United Kingdom,GBR,Solar,0,GWAC,11.19,0.02,0.08
3.0,2022.0,United Kingdom,GBR,Solar,0,GWAC,11.23,0.04,0.12
4.0,2022.0,United Kingdom,GBR,Solar,0,GWAC,11.29,0.06,0.18
5.0,2022.0,United Kingdom,GBR,Solar,0,GWAC,11.33,0.04,0.22
6.0,2022.0,United Kingdom,GBR,Solar,0,GWAC,11.37,0.04,0.26
7.0,2022.0,United Kingdom,GBR,Solar,0,GWAC,11.42,0.05,0.31
8.0,2022.0,United Kingdom,GBR,Solar,0,GWAC,11.45,0.03,0.34
9.0,2022.0,United Kingdom,GBR,Solar,0,GWAC,11.52,0.07,0.41
10.0,2022.0,United Kingdom,GBR,Solar,0,GWAC,11.57,0.05,0.46
11.0,2022.0,United Kingdom,GBR,Solar,0,GWAC,11.62,0.05,0.51
12.0,2022.0,United Kingdom,GBR,Solar,0,GWAC,11.71,0.09,0.6
1.0,2023.0,United Kingdom,GBR,Solar,0,GWAC,11.81,0.1,0.1
2.0,2023.0,United Kingdom,GBR,Solar,0,GWAC,11.9,0.09,0.19
3.0,2023.0,United Kingdom,GBR,Solar,0,GWAC,12.05,0.15,0.34
4.0,2023.0,United Kingdom,GBR,Solar,0,GWAC,12.12,0.07,0.41
5.0,2023.0,United Kingdom,GBR,Solar,0,GWAC,12.19,0.07,0.48
6.0,2023.0,United Kingdom,GBR,Solar,0,GWAC,12.26,0.07,0.55
7.0,2023.0,United Kingdom,GBR,Solar,0,GWAC,12.32,0.06,0.61
8.0,2023.0,United Kingdom,GBR,Solar,0,GWAC,12.38,0.06,0.67
9.0,2023.0,United Kingdom,GBR,Solar,0,GWAC,12.48,0.1,0.77
10.0,2023.0,United Kingdom,GBR,Solar,0,GWAC,12.58,0.1,0.87
11.0,2023.0,United Kingdom,GBR,Solar,0,GWAC,12.64,0.06,0.93
12.0,2023.0,United Kingdom,GBR,Solar,0,GWAC,12.68,0.04,0.97
1.0,2024.0,United Kingdom,GBR,Solar,0,GWAC,13.01,0.33,0.33
2.0,2024.0,United Kingdom,GBR,Solar,0,GWAC,13.08,0.07,0.4
3.0,2024.0,United Kingdom,GBR,Solar,0,GWAC,13.22,0.14,0.54
4.0,2024.0,United Kingdom,GBR,Solar,0,GWAC,13.38,0.16,0.7
5.0,2024.0,United Kingdom,GBR,Solar,0,GWAC,13.44,0.06,0.76
6.0,2024.0,United Kingdom,GBR,Solar,0,GWAC,13.56,0.12,0.88
7.0,2024.0,United Kingdom,GBR,Solar,0,GWAC,13.67,0.11,0.99
8.0,2024.0,United Kingdom,GBR,Solar,0,GWAC,13.72,0.05,1.04
9.0,2024.0,United Kingdom,GBR,Solar,0,GWAC,13.76,0.04,1.08
10.0,2024.0,United Kingdom,GBR,Solar,0,GWAC,14.03,0.27,1.35
11.0,2024.0,United Kingdom,GBR,Solar,0,GWAC,14.09,0.06,1.41
12.0,2024.0,United Kingdom,GBR,Solar,0,GWAC,14.15,0.06,1.47
1.0,2025.0,United Kingdom,GBR,Solar,0,GWAC,14.28,0.13,0.13
2.0,2025.0,United Kingdom,GBR,Solar,0,GWAC,14.35,0.07,0.2
3.0,2025.0,United Kingdom,GBR,Solar,0,GWAC,14.42,0.07,0.27
4.0,2025.0,United Kingdom,GBR,Solar,0,GWAC,14.48,0.06,0.33
5.0,2025.0,United Kingdom,GBR,Solar,0,GWAC,14.55,0.07,0.4
6.0,2025.0,United Kingdom,GBR,Solar,0,GWAC,14.62,0.07,0.47
1.0,2016.0,United Kingdom,GBR,Solar,0,GWDC,10.22,0.21,0.21
2.0,2016.0,United Kingdom,GBR,Solar,0,GWDC,10.32,0.1,0.31
3.0,2016.0,United Kingdom,GBR,Solar,0,GWDC,11.49,1.17,1.48
4.0,2016.0,United Kingdom,GBR,Solar,0,GWDC,11.56,0.07,1.55
5.0,2016.0,United Kingdom,GBR,Solar,0,GWDC,11.61,0.05,1.6
6.0,2016.0,United Kingdom,GBR,Solar,0,GWDC,11.82,0.21,1.81
7.0,2016.0,United Kingdom,GBR,Solar,0,GWDC,11.87,0.05,1.86
8.0,2016.0,United Kingdom,GBR,Solar,0,GWDC,11.93,0.06,1.92
9.0,2016.0,United Kingdom,GBR,Solar,0,GWDC,11.98,0.05,1.97
10.0,2016.0,United Kingdom,GBR,Solar,0,GWDC,12.02,0.04,2.01
11.0,2016.0,United Kingdom,GBR,Solar,0,GWDC,12.06,0.04,2.05
12.0,2016.0,United Kingdom,GBR,Solar,0,GWDC,12.14,0.08,2.13
1.0,2017.0,United Kingdom,GBR,Solar,0,GWDC,12.18,0.04,0.04
2.0,2017.0,United Kingdom,GBR,Solar,0,GWDC,12.27,0.09,0.13
3.0,2017.0,United Kingdom,GBR,Solar,0,GWDC,12.84,0.57,0.7
4.0,2017.0,United Kingdom,GBR,Solar,0,GWDC,12.86,0.02,0.72
5.0,2017.0,United Kingdom,GBR,Solar,0,GWDC,12.87,0.01,0.73
6.0,2017.0,United Kingdom,GBR,Solar,0,GWDC,12.89,0.02,0.75
7.0,2017.0,United Kingdom,GBR,Solar,0,GWDC,12.92,0.03,0.78
8.0,2017.0,United Kingdom,GBR,Solar,0,GWDC,12.94,0.02,0.8
9.0,2017.0,United Kingdom,GBR,Solar,0,GWDC,12.96,0.02,0.82
10.0,2017.0,United Kingdom,GBR,Solar,0,GWDC,12.98,0.02,0.84
11.0,2017.0,United Kingdom,GBR,Solar,0,GWDC,13.0,0.02,0.86
12.0,2017.0,United Kingdom,GBR,Solar,0,GWDC,13.02,0.02,0.88
1.0,2018.0,United Kingdom,GBR,Solar,0,GWDC,13.06,0.04,0.04
2.0,2018.0,United Kingdom,GBR,Solar,0,GWDC,13.08,0.02,0.06
3.0,2018.0,United Kingdom,GBR,Solar,0,GWDC,13.12,0.04,0.1
4.0,2018.0,United Kingdom,GBR,Solar,0,GWDC,13.14,0.02,0.12
5.0,2018.0,United Kingdom,GBR,Solar,0,GWDC,13.17,0.03,0.15
6.0,2018.0,United Kingdom,GBR,Solar,0,GWDC,13.19,0.02,0.17
7.0,2018.0,United Kingdom,GBR,Solar,0,GWDC,13.2,0.01,0.18
8.0,2018.0,United Kingdom,GBR,Solar,0,GWDC,13.22,0.02,0.2
9.0,2018.0,United Kingdom,GBR,Solar,0,GWDC,13.24,0.02,0.22
10.0,2018.0,United Kingdom,GBR,Solar,0,GWDC,13.26,0.02,0.24
11.0,2018.0,United Kingdom,GBR,Solar,0,GWDC,13.29,0.03,0.27
12.0,2018.0,United Kingdom,GBR,Solar,0,GWDC,13.32,0.03,0.3
1.0,2019.0,United Kingdom,GBR,Solar,0,GWDC,13.41,0.09,0.09
2.0,2019.0,United Kingdom,GBR,Solar,0,GWDC,13.44,0.03,0.12
3.0,2019.0,United Kingdom,GBR,Solar,0,GWDC,13.53,0.09,0.21
4.0,2019.0,United Kingdom,GBR,Solar,0,GWDC,13.55,0.02,0.23
5.0,2019.0,United Kingdom,GBR,Solar,0,GWDC,13.55,0.0,0.23
6.0,2019.0,United Kingdom,GBR,Solar,0,GWDC,13.56,0.01,0.24
7.0,2019.0,United Kingdom,GBR,Solar,0,GWDC,13.58,0.02,0.26
8.0,2019.0,United Kingdom,GBR,Solar,0,GWDC,13.6,0.02,0.28
9.0,2019.0,United Kingdom,GBR,Solar,0,GWDC,13.63,0.03,0.31
10.0,2019.0,United Kingdom,GBR,Solar,0,GWDC,13.65,0.02,0.33
11.0,2019.0,United Kingdom,GBR,Solar,0,GWDC,13.66,0.01,0.34
12.0,2019.0,United Kingdom,GBR,Solar,0,GWDC,13.7,0.04,0.38
1.0,2020.0,United Kingdom,GBR,Solar,0,GWDC,13.74,0.04,0.04
2.0,2020.0,United Kingdom,GBR,Solar,0,GWDC,13.76,0.02,0.06
3.0,2020.0,United Kingdom,GBR,Solar,0,GWDC,13.77,0.01,0.07
4.0,2020.0,United Kingdom,GBR,Solar,0,GWDC,13.78,0.01,0.08
5.0,2020.0,United Kingdom,GBR,Solar,0,GWDC,13.79,0.01,0.09
6.0,2020.0,United Kingdom,GBR,Solar,0,GWDC,13.8,0.01,0.1
7.0,2020.0,United Kingdom,GBR,Solar,0,GWDC,13.82,0.02,0.12
8.0,2020.0,United Kingdom,GBR,Solar,0,GWDC,13.88,0.06,0.18
9.0,2020.0,United Kingdom,GBR,Solar,0,GWDC,13.89,0.01,0.19
10.0,2020.0,United Kingdom,GBR,Solar,0,GWDC,13.91,0.02,0.21
11.0,2020.0,United Kingdom,GBR,Solar,0,GWDC,13.93,0.02,0.23
12.0,2020.0,United Kingdom,GBR,Solar,0,GWDC,13.96,0.03,0.26
1.0,2021.0,United Kingdom,GBR,Solar,0,GWDC,14.03,0.07,0.07
2.0,2021.0,United Kingdom,GBR,Solar,0,GWDC,14.04,0.01,0.08
3.0,2021.0,United Kingdom,GBR,Solar,0,GWDC,14.15,0.11,0.19
4.0,2021.0,United Kingdom,GBR,Solar,0,GWDC,14.22,0.07,0.26
5.0,2021.0,United Kingdom,GBR,Solar,0,GWDC,14.24,0.02,0.28
6.0,2021.0,United Kingdom,GBR,Solar,0,GWDC,14.28,0.04,0.32
7.0,2021.0,United Kingdom,GBR,Solar,0,GWDC,14.31,0.03,0.35
8.0,2021.0,United Kingdom,GBR,Solar,0,GWDC,14.33,0.02,0.37
9.0,2021.0,United Kingdom,GBR,Solar,0,GWDC,14.36,0.03,0.4
10.0,2021.0,United Kingdom,GBR,Solar,0,GWDC,14.39,0.03,0.43
11.0,2021.0,United Kingdom,GBR,Solar,0,GWDC,14.42,0.03,0.46
12.0,2021.0,United Kingdom,GBR,Solar,0,GWDC,14.44,0.02,0.48
1.0,2022.0,United Kingdom,GBR,Solar,0,GWDC,14.52,0.08,0.08
2.0,2022.0,United Kingdom,GBR,Solar,0,GWDC,14.55,0.03,0.11
3.0,2022.0,United Kingdom,GBR,Solar,0,GWDC,14.6,0.05,0.16
4.0,2022.0,United Kingdom,GBR,Solar,0,GWDC,14.68,0.08,0.24
5.0,2022.0,United Kingdom,GBR,Solar,0,GWDC,14.73,0.05,0.29
6.0,2022.0,United Kingdom,GBR,Solar,0,GWDC,14.78,0.05,0.34
7.0,2022.0,United Kingdom,GBR,Solar,0,GWDC,14.84,0.06,0.4
8.0,2022.0,United Kingdom,GBR,Solar,0,GWDC,14.89,0.05,0.45
9.0,2022.0,United Kingdom,GBR,Solar,0,GWDC,14.98,0.09,0.54
10.0,2022.0,United Kingdom,GBR,Solar,0,GWDC,15.04,0.06,0.6
11.0,2022.0,United Kingdom,GBR,Solar,0,GWDC,15.11,0.07,0.67
12.0,2022.0,United Kingdom,GBR,Solar,0,GWDC,15.22,0.11,0.78
1.0,2023.0,United Kingdom,GBR,Solar,0,GWDC,15.35,0.13,0.13
2.0,2023.0,United Kingdom,GBR,Solar,0,GWDC,15.47,0.12,0.25
3.0,2023.0,United Kingdom,GBR,Solar,0,GWDC,15.67,0.2,0.45
4.0,2023.0,United Kingdom,GBR,Solar,0,GWDC,15.76,0.09,0.54
5.0,2023.0,United Kingdom,GBR,Solar,0,GWDC,15.85,0.09,0.63
6.0,2023.0,United Kingdom,GBR,Solar,0,GWDC,15.94,0.09,0.72
7.0,2023.0,United Kingdom,GBR,Solar,0,GWDC,16.01,0.07,0.79
8.0,2023.0,United Kingdom,GBR,Solar,0,GWDC,16.09,0.08,0.87
9.0,2023.0,United Kingdom,GBR,Solar,0,GWDC,16.23,0.14,1.01
10.0,2023.0,United Kingdom,GBR,Solar,0,GWDC,16.36,0.13,1.14
11.0,2023.0,United Kingdom,GBR,Solar,0,GWDC,16.43,0.07,1.21
12.0,2023.0,United Kingdom,GBR,Solar,0,GWDC,16.48,0.05,1.26
1.0,2024.0,United Kingdom,GBR,Solar,0,GWDC,16.91,0.43,0.43
2.0,2024.0,United Kingdom,GBR,Solar,0,GWDC,17.0,0.09,0.52
3.0,2024.0,United Kingdom,GBR,Solar,0,GWDC,17.18,0.18,0.7
4.0,2024.0,United Kingdom,GBR,Solar,0,GWDC,17.4,0.22,0.92
5.0,2024.0,United Kingdom,GBR,Solar,0,GWDC,17.47,0.07,0.99
6.0,2024.0,United Kingdom,GBR,Solar,0,GWDC,17.63,0.16,1.15
7.0,2024.0,United Kingdom,GBR,Solar,0,GWDC,17.77,0.14,1.29
8.0,2024.0,United Kingdom,GBR,Solar,0,GWDC,17.83,0.06,1.35
9.0,2024.0,United Kingdom,GBR,Solar,0,GWDC,17.89,0.06,1.41
10.0,2024.0,United Kingdom,GBR,Solar,0,GWDC,18.24,0.35,1.76
11.0,2024.0,United Kingdom,GBR,Solar,0,GWDC,18.32,0.08,1.84
12.0,2024.0,United Kingdom,GBR,Solar,0,GWDC,18.39,0.07,1.91
1.0,2025.0,United Kingdom,GBR,Solar,0,GWDC,18.57,0.18,0.18
2.0,2025.0,United Kingdom,GBR,Solar,0,GWDC,18.65,0.08,0.26
3.0,2025.0,United Kingdom,GBR,Solar,0,GWDC,18.75,0.1,0.36
4.0,2025.0,United Kingdom,GBR,Solar,0,GWDC,18.83,0.08,0.44
5.0,2025.0,United Kingdom,GBR,Solar,0,GWDC,18.92,0.09,0.53
6.0,2025.0,United Kingdom,GBR,Solar,0,GWDC,19.01,0.09,0.62
1.0,2016.0,United Kingdom,GBR,Wind offshore,0,GW,5.09,0.0,0.0
2.0,2016.0,United Kingdom,GBR,Wind offshore,0,GW,5.09,0.0,0.0
3.0,2016.0,United Kingdom,GBR,Wind offshore,0,GW,5.09,0.0,0.0
4.0,2016.0,United Kingdom,GBR,Wind offshore,0,GW,5.09,0.0,0.0
5.0,2016.0,United Kingdom,GBR,Wind offshore,0,GW,5.09,0.0,0.0
6.0,2016.0,United Kingdom,GBR,Wind offshore,0,GW,5.09,0.0,0.0
7.0,2016.0,United Kingdom,GBR,Wind offshore,0,GW,5.09,0.0,0.0
8.0,2016.0,United Kingdom,GBR,Wind offshore,0,GW,5.09,0.0,0.0
9.0,2016.0,United Kingdom,GBR,Wind offshore,0,GW,5.09,0.0,0.0
10.0,2016.0,United Kingdom,GBR,Wind offshore,0,GW,5.16,0.07,0.07
11.0,2016.0,United Kingdom,GBR,Wind offshore,0,GW,5.22,0.06,0.13
12.0,2016.0,United Kingdom,GBR,Wind offshore,0,GW,5.29,0.07,0.2
1.0,2017.0,United Kingdom,GBR,Wind offshore,0,GW,5.34,0.05,0.05
2.0,2017.0,United Kingdom,GBR,Wind offshore,0,GW,5.4,0.06,0.11
3.0,2017.0,United Kingdom,GBR,Wind offshore,0,GW,5.45,0.05,0.16
4.0,2017.0,United Kingdom,GBR,Wind offshore,0,GW,5.54,0.09,0.25
5.0,2017.0,United Kingdom,GBR,Wind offshore,0,GW,5.54,0.0,0.25
6.0,2017.0,United Kingdom,GBR,Wind offshore,0,GW,5.65,0.11,0.36
7.0,2017.0,United Kingdom,GBR,Wind offshore,0,GW,5.81,0.16,0.52
8.0,2017.0,United Kingdom,GBR,Wind offshore,0,GW,5.97,0.16,0.68
9.0,2017.0,United Kingdom,GBR,Wind offshore,0,GW,6.13,0.16,0.84
10.0,2017.0,United Kingdom,GBR,Wind offshore,0,GW,6.6,0.47,1.31
11.0,2017.0,United Kingdom,GBR,Wind offshore,0,GW,6.99,0.39,1.7
12.0,2017.0,United Kingdom,GBR,Wind offshore,0,GW,6.99,0.0,1.7
1.0,2018.0,United Kingdom,GBR,Wind offshore,0,GW,6.99,0.0,0.0
2.0,2018.0,United Kingdom,GBR,Wind offshore,0,GW,7.28,0.29,0.29
3.0,2018.0,United Kingdom,GBR,Wind offshore,0,GW,7.64,0.36,0.65
4.0,2018.0,United Kingdom,GBR,Wind offshore,0,GW,7.69,0.05,0.7
5.0,2018.0,United Kingdom,GBR,Wind offshore,0,GW,7.74,0.05,0.75
6.0,2018.0,United Kingdom,GBR,Wind offshore,0,GW,7.79,0.05,0.8
7.0,2018.0,United Kingdom,GBR,Wind offshore,0,GW,7.79,0.0,0.8
8.0,2018.0,United Kingdom,GBR,Wind offshore,0,GW,7.79,0.0,0.8
9.0,2018.0,United Kingdom,GBR,Wind offshore,0,GW,8.01,0.22,1.02
10.0,2018.0,United Kingdom,GBR,Wind offshore,0,GW,8.07,0.06,1.08
11.0,2018.0,United Kingdom,GBR,Wind offshore,0,GW,8.12,0.05,1.13
12.0,2018.0,United Kingdom,GBR,Wind offshore,0,GW,8.18,0.06,1.19
1.0,2019.0,United Kingdom,GBR,Wind offshore,0,GW,8.28,0.1,0.1
2.0,2019.0,United Kingdom,GBR,Wind offshore,0,GW,8.38,0.1,0.2
3.0,2019.0,United Kingdom,GBR,Wind offshore,0,GW,8.48,0.1,0.3
4.0,2019.0,United Kingdom,GBR,Wind offshore,0,GW,8.7,0.22,0.52
5.0,2019.0,United Kingdom,GBR,Wind offshore,0,GW,8.93,0.23,0.75
6.0,2019.0,United Kingdom,GBR,Wind offshore,0,GW,9.16,0.23,0.98
7.0,2019.0,United Kingdom,GBR,Wind offshore,0,GW,9.16,0.0,0.98
8.0,2019.0,United Kingdom,GBR,Wind offshore,0,GW,9.7,0.54,1.52
9.0,2019.0,United Kingdom,GBR,Wind offshore,0,GW,9.7,0.0,1.52
10.0,2019.0,United Kingdom,GBR,Wind offshore,0,GW,9.7,0.0,1.52
11.0,2019.0,United Kingdom,GBR,Wind offshore,0,GW,9.7,0.0,1.52
12.0,2019.0,United Kingdom,GBR,Wind offshore,0,GW,9.89,0.19,1.71
1.0,2020.0,United Kingdom,GBR,Wind offshore,0,GW,10.05,0.16,0.16
2.0,2020.0,United Kingdom,GBR,Wind offshore,0,GW,10.22,0.17,0.33
3.0,2020.0,United Kingdom,GBR,Wind offshore,0,GW,10.38,0.16,0.49
4.0,2020.0,United Kingdom,GBR,Wind offshore,0,GW,10.38,0.0,0.49
5.0,2020.0,United Kingdom,GBR,Wind offshore,0,GW,10.38,0.0,0.49
6.0,2020.0,United Kingdom,GBR,Wind offshore,0,GW,10.38,0.0,0.49
7.0,2020.0,United Kingdom,GBR,Wind offshore,0,GW,10.38,0.0,0.49
8.0,2020.0,United Kingdom,GBR,Wind offshore,0,GW,10.38,0.0,0.49
9.0,2020.0,United Kingdom,GBR,Wind offshore,0,GW,10.38,0.0,0.49
10.0,2020.0,United Kingdom,GBR,Wind offshore,0,GW,10.38,0.0,0.49
11.0,2020.0,United Kingdom,GBR,Wind offshore,0,GW,10.38,0.0,0.49
12.0,2020.0,United Kingdom,GBR,Wind offshore,0,GW,10.38,0.0,0.49
1.0,2021.0,United Kingdom,GBR,Wind offshore,0,GW,10.39,0.01,0.01
2.0,2021.0,United Kingdom,GBR,Wind offshore,0,GW,10.39,0.0,0.01
3.0,2021.0,United Kingdom,GBR,Wind offshore,0,GW,10.39,0.0,0.01
4.0,2021.0,United Kingdom,GBR,Wind offshore,0,GW,10.48,0.09,0.1
5.0,2021.0,United Kingdom,GBR,Wind offshore,0,GW,10.57,0.09,0.19
6.0,2021.0,United Kingdom,GBR,Wind offshore,0,GW,10.67,0.1,0.29
7.0,2021.0,United Kingdom,GBR,Wind offshore,0,GW,10.8,0.13,0.42
8.0,2021.0,United Kingdom,GBR,Wind offshore,0,GW,10.93,0.13,0.55
9.0,2021.0,United Kingdom,GBR,Wind offshore,0,GW,11.07,0.14,0.69
10.0,2021.0,United Kingdom,GBR,Wind offshore,0,GW,11.26,0.19,0.88
11.0,2021.0,United Kingdom,GBR,Wind offshore,0,GW,11.26,0.0,0.88
12.0,2021.0,United Kingdom,GBR,Wind offshore,0,GW,11.26,0.0,0.88
1.0,2022.0,United Kingdom,GBR,Wind offshore,0,GW,12.62,1.36,1.36
2.0,2022.0,United Kingdom,GBR,Wind offshore,0,GW,12.62,0.0,1.36
3.0,2022.0,United Kingdom,GBR,Wind offshore,0,GW,12.62,0.0,1.36
4.0,2022.0,United Kingdom,GBR,Wind offshore,0,GW,12.62,0.0,1.36
5.0,2022.0,United Kingdom,GBR,Wind offshore,0,GW,12.62,0.0,1.36
6.0,2022.0,United Kingdom,GBR,Wind offshore,0,GW,12.62,0.0,1.36
7.0,2022.0,United Kingdom,GBR,Wind offshore,0,GW,12.62,0.0,1.36
8.0,2022.0,United Kingdom,GBR,Wind offshore,0,GW,12.62,0.0,1.36
9.0,2022.0,United Kingdom,GBR,Wind offshore,0,GW,12.62,0.0,1.36
10.0,2022.0,United Kingdom,GBR,Wind offshore,0,GW,13.03,0.41,1.77
11.0,2022.0,United Kingdom,GBR,Wind offshore,0,GW,13.44,0.41,2.18
12.0,2022.0,United Kingdom,GBR,Wind offshore,0,GW,13.85,0.41,2.59
1.0,2023.0,United Kingdom,GBR,Wind offshore,0,GW,13.87,0.02,0.02
2.0,2023.0,United Kingdom,GBR,Wind offshore,0,GW,13.9,0.03,0.05
3.0,2023.0,United Kingdom,GBR,Wind offshore,0,GW,13.93,0.03,0.08
4.0,2023.0,United Kingdom,GBR,Wind offshore,0,GW,13.93,0.0,0.08
5.0,2023.0,United Kingdom,GBR,Wind offshore,0,GW,13.93,0.0,0.08
6.0,2023.0,United Kingdom,GBR,Wind offshore,0,GW,13.93,0.0,0.08
7.0,2023.0,United Kingdom,GBR,Wind offshore,0,GW,13.93,0.0,0.08
8.0,2023.0,United Kingdom,GBR,Wind offshore,0,GW,13.93,0.0,0.08
9.0,2023.0,United Kingdom,GBR,Wind offshore,0,GW,13.93,0.0,0.08
10.0,2023.0,United Kingdom,GBR,Wind offshore,0,GW,14.73,0.8,0.88
11.0,2023.0,United Kingdom,GBR,Wind offshore,0,GW,14.73,0.0,0.88
12.0,2023.0,United Kingdom,GBR,Wind offshore,0,GW,14.73,0.0,0.88
1.0,2024.0,United Kingdom,GBR,Wind offshore,0,GW,14.76,0.03,0.03
2.0,2024.0,United Kingdom,GBR,Wind offshore,0,GW,14.78,0.02,0.05
3.0,2024.0,United Kingdom,GBR,Wind offshore,0,GW,14.81,0.03,0.08
4.0,2024.0,United Kingdom,GBR,Wind offshore,0,GW,15.1,0.29,0.37
5.0,2024.0,United Kingdom,GBR,Wind offshore,0,GW,15.4,0.3,0.67
6.0,2024.0,United Kingdom,GBR,Wind offshore,0,GW,15.69,0.29,0.96
7.0,2024.0,United Kingdom,GBR,Wind offshore,0,GW,15.69,0.0,0.96
8.0,2024.0,United Kingdom,GBR,Wind offshore,0,GW,15.69,0.0,0.96
9.0,2024.0,United Kingdom,GBR,Wind offshore,0,GW,15.69,0.0,0.96
10.0,2024.0,United Kingdom,GBR,Wind offshore,0,GW,15.77,0.08,1.04
11.0,2024.0,United Kingdom,GBR,Wind offshore,0,GW,15.84,0.07,1.11
12.0,2024.0,United Kingdom,GBR,Wind offshore,0,GW,15.92,0.08,1.19
1.0,2025.0,United Kingdom,GBR,Wind offshore,0,GW,15.97,0.05,0.05
2.0,2025.0,United Kingdom,GBR,Wind offshore,0,GW,16.03,0.06,0.11
3.0,2025.0,United Kingdom,GBR,Wind offshore,0,GW,16.09,0.06,0.17
1.0,2016.0,United Kingdom,GBR,Wind onshore,0,GW,9.23,0.02,0.02
2.0,2016.0,United Kingdom,GBR,Wind onshore,0,GW,9.37,0.14,0.16
3.0,2016.0,United Kingdom,GBR,Wind onshore,0,GW,9.39,0.02,0.18
4.0,2016.0,United Kingdom,GBR,Wind onshore,0,GW,9.41,0.02,0.2
5.0,2016.0,United Kingdom,GBR,Wind onshore,0,GW,9.48,0.07,0.27
6.0,2016.0,United Kingdom,GBR,Wind onshore,0,GW,9.55,0.07,0.34
7.0,2016.0,United Kingdom,GBR,Wind onshore,0,GW,9.65,0.1,0.44
8.0,2016.0,United Kingdom,GBR,Wind onshore,0,GW,9.85,0.2,0.64
9.0,2016.0,United Kingdom,GBR,Wind onshore,0,GW,10.18,0.33,0.97
10.0,2016.0,United Kingdom,GBR,Wind onshore,0,GW,10.26,0.08,1.05
11.0,2016.0,United Kingdom,GBR,Wind onshore,0,GW,10.51,0.25,1.3
12.0,2016.0,United Kingdom,GBR,Wind onshore,0,GW,10.83,0.32,1.62
1.0,2017.0,United Kingdom,GBR,Wind onshore,0,GW,11.04,0.21,0.21
2.0,2017.0,United Kingdom,GBR,Wind onshore,0,GW,11.57,0.53,0.74
3.0,2017.0,United Kingdom,GBR,Wind onshore,0,GW,11.97,0.4,1.14
4.0,2017.0,United Kingdom,GBR,Wind onshore,0,GW,12.05,0.08,1.22
5.0,2017.0,United Kingdom,GBR,Wind onshore,0,GW,12.25,0.2,1.42
6.0,2017.0,United Kingdom,GBR,Wind onshore,0,GW,12.31,0.06,1.48
7.0,2017.0,United Kingdom,GBR,Wind onshore,0,GW,12.33,0.02,1.5
8.0,2017.0,United Kingdom,GBR,Wind onshore,0,GW,12.44,0.11,1.61
9.0,2017.0,United Kingdom,GBR,Wind onshore,0,GW,12.57,0.13,1.74
10.0,2017.0,United Kingdom,GBR,Wind onshore,0,GW,12.57,0.0,1.74
11.0,2017.0,United Kingdom,GBR,Wind onshore,0,GW,12.57,0.0,1.74
12.0,2017.0,United Kingdom,GBR,Wind onshore,0,GW,12.6,0.03,1.77
1.0,2018.0,United Kingdom,GBR,Wind onshore,0,GW,12.73,0.13,0.13
2.0,2018.0,United Kingdom,GBR,Wind onshore,0,GW,12.92,0.19,0.32
3.0,2018.0,United Kingdom,GBR,Wind onshore,0,GW,13.05,0.13,0.45
4.0,2018.0,United Kingdom,GBR,Wind onshore,0,GW,13.08,0.03,0.48
5.0,2018.0,United Kingdom,GBR,Wind onshore,0,GW,13.08,0.0,0.48
6.0,2018.0,United Kingdom,GBR,Wind onshore,0,GW,13.14,0.06,0.54
7.0,2018.0,United Kingdom,GBR,Wind onshore,0,GW,13.17,0.03,0.57
8.0,2018.0,United Kingdom,GBR,Wind onshore,0,GW,13.18,0.01,0.58
9.0,2018.0,United Kingdom,GBR,Wind onshore,0,GW,13.29,0.11,0.69
10.0,2018.0,United Kingdom,GBR,Wind onshore,0,GW,13.31,0.02,0.71
11.0,2018.0,United Kingdom,GBR,Wind onshore,0,GW,13.31,0.0,0.71
12.0,2018.0,United Kingdom,GBR,Wind onshore,0,GW,13.42,0.11,0.82
1.0,2019.0,United Kingdom,GBR,Wind onshore,0,GW,13.48,0.06,0.06
2.0,2019.0,United Kingdom,GBR,Wind onshore,0,GW,13.48,0.0,0.06
3.0,2019.0,United Kingdom,GBR,Wind onshore,0,GW,13.66,0.18,0.24
4.0,2019.0,United Kingdom,GBR,Wind onshore,0,GW,13.73,0.07,0.31
5.0,2019.0,United Kingdom,GBR,Wind onshore,0,GW,13.87,0.14,0.45
6.0,2019.0,United Kingdom,GBR,Wind onshore,0,GW,13.87,0.0,0.45
7.0,2019.0,United Kingdom,GBR,Wind onshore,0,GW,13.87,0.0,0.45
8.0,2019.0,United Kingdom,GBR,Wind onshore,0,GW,13.88,0.01,0.46
9.0,2019.0,United Kingdom,GBR,Wind onshore,0,GW,13.96,0.08,0.54
10.0,2019.0,United Kingdom,GBR,Wind onshore,0,GW,14.0,0.04,0.58
11.0,2019.0,United Kingdom,GBR,Wind onshore,0,GW,14.0,0.0,0.58
12.0,2019.0,United Kingdom,GBR,Wind onshore,0,GW,14.0,0.0,0.58
1.0,2020.0,United Kingdom,GBR,Wind onshore,0,GW,13.99,-0.01,-0.01
2.0,2020.0,United Kingdom,GBR,Wind onshore,0,GW,13.99,0.0,-0.01
3.0,2020.0,United Kingdom,GBR,Wind onshore,0,GW,13.96,-0.03,-0.04
4.0,2020.0,United Kingdom,GBR,Wind onshore,0,GW,13.96,0.0,-0.04
5.0,2020.0,United Kingdom,GBR,Wind onshore,0,GW,13.96,0.0,-0.04
6.0,2020.0,United Kingdom,GBR,Wind onshore,0,GW,13.98,0.02,-0.02
7.0,2020.0,United Kingdom,GBR,Wind onshore,0,GW,13.98,0.0,-0.02
8.0,2020.0,United Kingdom,GBR,Wind onshore,0,GW,13.98,0.0,-0.02
9.0,2020.0,United Kingdom,GBR,Wind onshore,0,GW,13.98,0.0,-0.02
10.0,2020.0,United Kingdom,GBR,Wind onshore,0,GW,13.98,0.0,-0.02
11.0,2020.0,United Kingdom,GBR,Wind onshore,0,GW,14.08,0.1,0.08
12.0,2020.0,United Kingdom,GBR,Wind onshore,0,GW,14.08,0.0,0.08
1.0,2021.0,United Kingdom,GBR,Wind onshore,0,GW,14.08,0.0,0.0
2.0,2021.0,United Kingdom,GBR,Wind onshore,0,GW,14.09,0.01,0.01
3.0,2021.0,United Kingdom,GBR,Wind onshore,0,GW,14.12,0.03,0.04
4.0,2021.0,United Kingdom,GBR,Wind onshore,0,GW,14.12,0.0,0.04
5.0,2021.0,United Kingdom,GBR,Wind onshore,0,GW,14.12,0.0,0.04
6.0,2021.0,United Kingdom,GBR,Wind onshore,0,GW,14.21,0.09,0.13
7.0,2021.0,United Kingdom,GBR,Wind onshore,0,GW,14.21,0.0,0.13
8.0,2021.0,United Kingdom,GBR,Wind onshore,0,GW,14.21,0.0,0.13
9.0,2021.0,United Kingdom,GBR,Wind onshore,0,GW,14.35,0.14,0.27
10.0,2021.0,United Kingdom,GBR,Wind onshore,0,GW,14.4,0.05,0.32
11.0,2021.0,United Kingdom,GBR,Wind onshore,0,GW,14.49,0.09,0.41
12.0,2021.0,United Kingdom,GBR,Wind onshore,0,GW,14.49,0.0,0.41
1.0,2022.0,United Kingdom,GBR,Wind onshore,0,GW,14.63,0.14,0.14
2.0,2022.0,United Kingdom,GBR,Wind onshore,0,GW,14.63,0.0,0.14
3.0,2022.0,United Kingdom,GBR,Wind onshore,0,GW,14.63,0.0,0.14
4.0,2022.0,United Kingdom,GBR,Wind onshore,0,GW,14.63,0.0,0.14
5.0,2022.0,United Kingdom,GBR,Wind onshore,0,GW,14.63,0.0,0.14
6.0,2022.0,United Kingdom,GBR,Wind onshore,0,GW,14.62,-0.01,0.13
7.0,2022.0,United Kingdom,GBR,Wind onshore,0,GW,14.65,0.03,0.16
8.0,2022.0,United Kingdom,GBR,Wind onshore,0,GW,14.67,0.02,0.18
9.0,2022.0,United Kingdom,GBR,Wind onshore,0,GW,14.69,0.02,0.2
10.0,2022.0,United Kingdom,GBR,Wind onshore,0,GW,14.74,0.05,0.25
11.0,2022.0,United Kingdom,GBR,Wind onshore,0,GW,14.79,0.05,0.3
12.0,2022.0,United Kingdom,GBR,Wind onshore,0,GW,14.84,0.05,0.35
1.0,2023.0,United Kingdom,GBR,Wind onshore,0,GW,15.1,0.26,0.26
2.0,2023.0,United Kingdom,GBR,Wind onshore,0,GW,15.28,0.18,0.44
3.0,2023.0,United Kingdom,GBR,Wind onshore,0,GW,15.28,0.0,0.44
4.0,2023.0,United Kingdom,GBR,Wind onshore,0,GW,15.28,0.0,0.44
5.0,2023.0,United Kingdom,GBR,Wind onshore,0,GW,15.28,0.0,0.44
6.0,2023.0,United Kingdom,GBR,Wind onshore,0,GW,15.27,-0.01,0.43
7.0,2023.0,United Kingdom,GBR,Wind onshore,0,GW,15.27,0.0,0.43
8.0,2023.0,United Kingdom,GBR,Wind onshore,0,GW,15.32,0.05,0.48
9.0,2023.0,United Kingdom,GBR,Wind onshore,0,GW,15.42,0.1,0.58
10.0,2023.0,United Kingdom,GBR,Wind onshore,0,GW,15.42,0.0,0.58
11.0,2023.0,United Kingdom,GBR,Wind onshore,0,GW,15.42,0.0,0.58
12.0,2023.0,United Kingdom,GBR,Wind onshore,0,GW,15.42,0.0,0.58
1.0,2024.0,United Kingdom,GBR,Wind onshore,0,GW,15.51,0.09,0.09
2.0,2024.0,United Kingdom,GBR,Wind onshore,0,GW,15.51,0.0,0.09
3.0,2024.0,United Kingdom,GBR,Wind onshore,0,GW,15.51,0.0,0.09
4.0,2024.0,United Kingdom,GBR,Wind onshore,0,GW,15.51,0.0,0.09
5.0,2024.0,United Kingdom,GBR,Wind onshore,0,GW,16.07,0.56,0.65
6.0,2024.0,United Kingdom,GBR,Wind onshore,0,GW,16.07,0.0,0.65
7.0,2024.0,United Kingdom,GBR,Wind onshore,0,GW,16.07,0.0,0.65
8.0,2024.0,United Kingdom,GBR,Wind onshore,0,GW,16.07,0.0,0.65
9.0,2024.0,United Kingdom,GBR,Wind onshore,0,GW,16.09,0.02,0.67
10.0,2024.0,United Kingdom,GBR,Wind onshore,0,GW,16.17,0.08,0.75
11.0,2024.0,United Kingdom,GBR,Wind onshore,0,GW,16.17,0.0,0.75
12.0,2024.0,United Kingdom,GBR,Wind onshore,0,GW,16.17,0.0,0.75
1.0,2025.0,United Kingdom,GBR,Wind onshore,0,GW,16.2,0.03,0.03
2.0,2025.0,United Kingdom,GBR,Wind onshore,0,GW,16.24,0.04,0.07
3.0,2025.0,United Kingdom,GBR,Wind onshore,0,GW,16.28,0.04,0.11
1.0,2016.0,United Kingdom,GBR,Wind,1,GW,14.32,0.02,0.02
2.0,2016.0,United Kingdom,GBR,Wind,1,GW,14.46,0.14,0.16
3.0,2016.0,United Kingdom,GBR,Wind,1,GW,14.48,0.02,0.18
4.0,2016.0,United Kingdom,GBR,Wind,1,GW,14.5,0.02,0.2
5.0,2016.0,United Kingdom,GBR,Wind,1,GW,14.57,0.07,0.27
6.0,2016.0,United Kingdom,GBR,Wind,1,GW,14.64,0.07,0.34
7.0,2016.0,United Kingdom,GBR,Wind,1,GW,14.74,0.1,0.44
8.0,2016.0,United Kingdom,GBR,Wind,1,GW,14.94,0.2,0.64
9.0,2016.0,United Kingdom,GBR,Wind,1,GW,15.27,0.33,0.97
10.0,2016.0,United Kingdom,GBR,Wind,1,GW,15.42,0.15,1.12
11.0,2016.0,United Kingdom,GBR,Wind,1,GW,15.73,0.31,1.43
12.0,2016.0,United Kingdom,GBR,Wind,1,GW,16.12,0.39,1.82
1.0,2017.0,United Kingdom,GBR,Wind,1,GW,16.38,0.26,0.26
2.0,2017.0,United Kingdom,GBR,Wind,1,GW,16.97,0.59,0.85
3.0,2017.0,United Kingdom,GBR,Wind,1,GW,17.42,0.45,1.3
4.0,2017.0,United Kingdom,GBR,Wind,1,GW,17.59,0.17,1.47
5.0,2017.0,United Kingdom,GBR,Wind,1,GW,17.79,0.2,1.67
6.0,2017.0,United Kingdom,GBR,Wind,1,GW,17.96,0.17,1.84
7.0,2017.0,United Kingdom,GBR,Wind,1,GW,18.14,0.18,2.02
8.0,2017.0,United Kingdom,GBR,Wind,1,GW,18.41,0.27,2.29
9.0,2017.0,United Kingdom,GBR,Wind,1,GW,18.7,0.29,2.58
10.0,2017.0,United Kingdom,GBR,Wind,1,GW,19.17,0.47,3.05
11.0,2017.0,United Kingdom,GBR,Wind,1,GW,19.56,0.39,3.44
12.0,2017.0,United Kingdom,GBR,Wind,1,GW,19.59,0.03,3.47
1.0,2018.0,United Kingdom,GBR,Wind,1,GW,19.72,0.13,0.13
2.0,2018.0,United Kingdom,GBR,Wind,1,GW,20.2,0.48,0.61
3.0,2018.0,United Kingdom,GBR,Wind,1,GW,20.69,0.49,1.1
4.0,2018.0,United Kingdom,GBR,Wind,1,GW,20.77,0.08,1.18
5.0,2018.0,United Kingdom,GBR,Wind,1,GW,20.82,0.05,1.23
6.0,2018.0,United Kingdom,GBR,Wind,1,GW,20.93,0.11,1.34
7.0,2018.0,United Kingdom,GBR,Wind,1,GW,20.96,0.03,1.37
8.0,2018.0,United Kingdom,GBR,Wind,1,GW,20.97,0.01,1.38
9.0,2018.0,United Kingdom,GBR,Wind,1,GW,21.3,0.33,1.71
10.0,2018.0,United Kingdom,GBR,Wind,1,GW,21.38,0.08,1.79
11.0,2018.0,United Kingdom,GBR,Wind,1,GW,21.43,0.05,1.84
12.0,2018.0,United Kingdom,GBR,Wind,1,GW,21.6,0.17,2.01
1.0,2019.0,United Kingdom,GBR,Wind,1,GW,21.76,0.16,0.16
2.0,2019.0,United Kingdom,GBR,Wind,1,GW,21.86,0.1,0.26
3.0,2019.0,United Kingdom,GBR,Wind,1,GW,22.14,0.28,0.54
4.0,2019.0,United Kingdom,GBR,Wind,1,GW,22.43,0.29,0.83
5.0,2019.0,United Kingdom,GBR,Wind,1,GW,22.8,0.37,1.2
6.0,2019.0,United Kingdom,GBR,Wind,1,GW,23.03,0.23,1.43
7.0,2019.0,United Kingdom,GBR,Wind,1,GW,23.03,0.0,1.43
8.0,2019.0,United Kingdom,GBR,Wind,1,GW,23.58,0.55,1.98
9.0,2019.0,United Kingdom,GBR,Wind,1,GW,23.66,0.08,2.06
10.0,2019.0,United Kingdom,GBR,Wind,1,GW,23.7,0.04,2.1
11.0,2019.0,United Kingdom,GBR,Wind,1,GW,23.7,0.0,2.1
12.0,2019.0,United Kingdom,GBR,Wind,1,GW,23.89,0.19,2.29
1.0,2020.0,United Kingdom,GBR,Wind,1,GW,24.04,0.15,0.15
2.0,2020.0,United Kingdom,GBR,Wind,1,GW,24.21,0.17,0.32
3.0,2020.0,United Kingdom,GBR,Wind,1,GW,24.34,0.13,0.45
4.0,2020.0,United Kingdom,GBR,Wind,1,GW,24.34,0.0,0.45
5.0,2020.0,United Kingdom,GBR,Wind,1,GW,24.34,0.0,0.45
6.0,2020.0,United Kingdom,GBR,Wind,1,GW,24.36,0.02,0.47
7.0,2020.0,United Kingdom,GBR,Wind,1,GW,24.36,0.0,0.47
8.0,2020.0,United Kingdom,GBR,Wind,1,GW,24.36,0.0,0.47
9.0,2020.0,United Kingdom,GBR,Wind,1,GW,24.36,0.0,0.47
10.0,2020.0,United Kingdom,GBR,Wind,1,GW,24.36,0.0,0.47
11.0,2020.0,United Kingdom,GBR,Wind,1,GW,24.46,0.1,0.57
12.0,2020.0,United Kingdom,GBR,Wind,1,GW,24.46,0.0,0.57
1.0,2021.0,United Kingdom,GBR,Wind,1,GW,24.47,0.01,0.01
2.0,2021.0,United Kingdom,GBR,Wind,1,GW,24.48,0.01,0.02
3.0,2021.0,United Kingdom,GBR,Wind,1,GW,24.51,0.03,0.05
4.0,2021.0,United Kingdom,GBR,Wind,1,GW,24.6,0.09,0.14
5.0,2021.0,United Kingdom,GBR,Wind,1,GW,24.69,0.09,0.23
6.0,2021.0,United Kingdom,GBR,Wind,1,GW,24.88,0.19,0.42
7.0,2021.0,United Kingdom,GBR,Wind,1,GW,25.01,0.13,0.55
8.0,2021.0,United Kingdom,GBR,Wind,1,GW,25.14,0.13,0.68
9.0,2021.0,United Kingdom,GBR,Wind,1,GW,25.42,0.28,0.96
10.0,2021.0,United Kingdom,GBR,Wind,1,GW,25.66,0.24,1.2
11.0,2021.0,United Kingdom,GBR,Wind,1,GW,25.75,0.09,1.29
12.0,2021.0,United Kingdom,GBR,Wind,1,GW,25.75,0.0,1.29
1.0,2022.0,United Kingdom,GBR,Wind,1,GW,27.25,1.5,1.5
2.0,2022.0,United Kingdom,GBR,Wind,1,GW,27.25,0.0,1.5
3.0,2022.0,United Kingdom,GBR,Wind,1,GW,27.25,0.0,1.5
4.0,2022.0,United Kingdom,GBR,Wind,1,GW,27.25,0.0,1.5
5.0,2022.0,United Kingdom,GBR,Wind,1,GW,27.25,0.0,1.5
6.0,2022.0,United Kingdom,GBR,Wind,1,GW,27.24,-0.01,1.49
7.0,2022.0,United Kingdom,GBR,Wind,1,GW,27.27,0.03,1.52
8.0,2022.0,United Kingdom,GBR,Wind,1,GW,27.29,0.02,1.54
9.0,2022.0,United Kingdom,GBR,Wind,1,GW,27.31,0.02,1.56
10.0,2022.0,United Kingdom,GBR,Wind,1,GW,27.77,0.46,2.02
11.0,2022.0,United Kingdom,GBR,Wind,1,GW,28.23,0.46,2.48
12.0,2022.0,United Kingdom,GBR,Wind,1,GW,28.69,0.46,2.94
1.0,2023.0,United Kingdom,GBR,Wind,1,GW,28.97,0.28,0.28
2.0,2023.0,United Kingdom,GBR,Wind,1,GW,29.18,0.21,0.49
3.0,2023.0,United Kingdom,GBR,Wind,1,GW,29.21,0.03,0.52
4.0,2023.0,United Kingdom,GBR,Wind,1,GW,29.21,0.0,0.52
5.0,2023.0,United Kingdom,GBR,Wind,1,GW,29.21,0.0,0.52
6.0,2023.0,United Kingdom,GBR,Wind,1,GW,29.2,-0.01,0.51
7.0,2023.0,United Kingdom,GBR,Wind,1,GW,29.2,0.0,0.51
8.0,2023.0,United Kingdom,GBR,Wind,1,GW,29.25,0.05,0.56
9.0,2023.0,United Kingdom,GBR,Wind,1,GW,29.35,0.1,0.66
10.0,2023.0,United Kingdom,GBR,Wind,1,GW,30.15,0.8,1.46
11.0,2023.0,United Kingdom,GBR,Wind,1,GW,30.15,0.0,1.46
12.0,2023.0,United Kingdom,GBR,Wind,1,GW,30.15,0.0,1.46
1.0,2024.0,United Kingdom,GBR,Wind,1,GW,30.27,0.12,0.12
2.0,2024.0,United Kingdom,GBR,Wind,1,GW,30.29,0.02,0.14
3.0,2024.0,United Kingdom,GBR,Wind,1,GW,30.32,0.03,0.17
4.0,2024.0,United Kingdom,GBR,Wind,1,GW,30.61,0.29,0.46
5.0,2024.0,United Kingdom,GBR,Wind,1,GW,31.47,0.86,1.32
6.0,2024.0,United Kingdom,GBR,Wind,1,GW,31.76,0.29,1.61
7.0,2024.0,United Kingdom,GBR,Wind,1,GW,31.76,0.0,1.61
8.0,2024.0,United Kingdom,GBR,Wind,1,GW,31.76,0.0,1.61
9.0,2024.0,United Kingdom,GBR,Wind,1,GW,31.78,0.02,1.63
10.0,2024.0,United Kingdom,GBR,Wind,1,GW,31.94,0.16,1.79
11.0,2024.0,United Kingdom,GBR,Wind,1,GW,32.01,0.07,1.86
12.0,2024.0,United Kingdom,GBR,Wind,1,GW,32.09,0.08,1.94
1.0,2025.0,United Kingdom,GBR,Wind,1,GW,32.17,0.08,0.08
2.0,2025.0,United Kingdom,GBR,Wind,1,GW,32.27,0.1,0.18
3.0,2025.0,United Kingdom,GBR,Wind,1,GW,32.37,0.1,0.28
1.0,2016.0,United Kingdom,GBR,Wind and solar,1,GW,24.54,0.23,0.23
2.0,2016.0,United Kingdom,GBR,Wind and solar,1,GW,24.78,0.24,0.47
3.0,2016.0,United Kingdom,GBR,Wind and solar,1,GW,25.97,1.19,1.66
4.0,2016.0,United Kingdom,GBR,Wind and solar,1,GW,26.06,0.09,1.75
5.0,2016.0,United Kingdom,GBR,Wind and solar,1,GW,26.18,0.12,1.87
6.0,2016.0,United Kingdom,GBR,Wind and solar,1,GW,26.46,0.28,2.15
7.0,2016.0,United Kingdom,GBR,Wind and solar,1,GW,26.61,0.15,2.3
8.0,2016.0,United Kingdom,GBR,Wind and solar,1,GW,26.87,0.26,2.56
9.0,2016.0,United Kingdom,GBR,Wind and solar,1,GW,27.25,0.38,2.94
10.0,2016.0,United Kingdom,GBR,Wind and solar,1,GW,27.44,0.19,3.13
11.0,2016.0,United Kingdom,GBR,Wind and solar,1,GW,27.79,0.35,3.48
12.0,2016.0,United Kingdom,GBR,Wind and solar,1,GW,28.26,0.47,3.95
1.0,2017.0,United Kingdom,GBR,Wind and solar,1,GW,28.56,0.3,0.3
2.0,2017.0,United Kingdom,GBR,Wind and solar,1,GW,29.24,0.68,0.98
3.0,2017.0,United Kingdom,GBR,Wind and solar,1,GW,30.26,1.02,2.0
4.0,2017.0,United Kingdom,GBR,Wind and solar,1,GW,30.45,0.19,2.19
5.0,2017.0,United Kingdom,GBR,Wind and solar,1,GW,30.66,0.21,2.4
6.0,2017.0,United Kingdom,GBR,Wind and solar,1,GW,30.85,0.19,2.59
7.0,2017.0,United Kingdom,GBR,Wind and solar,1,GW,31.06,0.21,2.8
8.0,2017.0,United Kingdom,GBR,Wind and solar,1,GW,31.35,0.29,3.09
9.0,2017.0,United Kingdom,GBR,Wind and solar,1,GW,31.66,0.31,3.4
10.0,2017.0,United Kingdom,GBR,Wind and solar,1,GW,32.15,0.49,3.89
11.0,2017.0,United Kingdom,GBR,Wind and solar,1,GW,32.56,0.41,4.3
12.0,2017.0,United Kingdom,GBR,Wind and solar,1,GW,32.61,0.05,4.35
1.0,2018.0,United Kingdom,GBR,Wind and solar,1,GW,32.78,0.17,0.17
2.0,2018.0,United Kingdom,GBR,Wind and solar,1,GW,33.28,0.5,0.67
3.0,2018.0,United Kingdom,GBR,Wind and solar,1,GW,33.81,0.53,1.2
4.0,2018.0,United Kingdom,GBR,Wind and solar,1,GW,33.91,0.1,1.3
5.0,2018.0,United Kingdom,GBR,Wind and solar,1,GW,33.99,0.08,1.38
6.0,2018.0,United Kingdom,GBR,Wind and solar,1,GW,34.12,0.13,1.51
7.0,2018.0,United Kingdom,GBR,Wind and solar,1,GW,34.16,0.04,1.55
8.0,2018.0,United Kingdom,GBR,Wind and solar,1,GW,34.19,0.03,1.58
9.0,2018.0,United Kingdom,GBR,Wind and solar,1,GW,34.54,0.35,1.93
10.0,2018.0,United Kingdom,GBR,Wind and solar,1,GW,34.64,0.1,2.03
11.0,2018.0,United Kingdom,GBR,Wind and solar,1,GW,34.72,0.08,2.11
12.0,2018.0,United Kingdom,GBR,Wind and solar,1,GW,34.92,0.2,2.31
1.0,2019.0,United Kingdom,GBR,Wind and solar,1,GW,35.17,0.25,0.25
2.0,2019.0,United Kingdom,GBR,Wind and solar,1,GW,35.3,0.13,0.38
3.0,2019.0,United Kingdom,GBR,Wind and solar,1,GW,35.67,0.37,0.75
4.0,2019.0,United Kingdom,GBR,Wind and solar,1,GW,35.98,0.31,1.06
5.0,2019.0,United Kingdom,GBR,Wind and solar,1,GW,36.35,0.37,1.43
6.0,2019.0,United Kingdom,GBR,Wind and solar,1,GW,36.59,0.24,1.67
7.0,2019.0,United Kingdom,GBR,Wind and solar,1,GW,36.61,0.02,1.69
8.0,2019.0,United Kingdom,GBR,Wind and solar,1,GW,37.18,0.57,2.26
9.0,2019.0,United Kingdom,GBR,Wind and solar,1,GW,37.29,0.11,2.37
10.0,2019.0,United Kingdom,GBR,Wind and solar,1,GW,37.35,0.06,2.43
11.0,2019.0,United Kingdom,GBR,Wind and solar,1,GW,37.36,0.01,2.44
12.0,2019.0,United Kingdom,GBR,Wind and solar,1,GW,37.59,0.23,2.67
1.0,2020.0,United Kingdom,GBR,Wind and solar,1,GW,37.78,0.19,0.19
2.0,2020.0,United Kingdom,GBR,Wind and solar,1,GW,37.97,0.19,0.38
3.0,2020.0,United Kingdom,GBR,Wind and solar,1,GW,38.11,0.14,0.52
4.0,2020.0,United Kingdom,GBR,Wind and solar,1,GW,38.12,0.01,0.53
5.0,2020.0,United Kingdom,GBR,Wind and solar,1,GW,38.13,0.01,0.54
6.0,2020.0,United Kingdom,GBR,Wind and solar,1,GW,38.16,0.03,0.57
7.0,2020.0,United Kingdom,GBR,Wind and solar,1,GW,38.18,0.02,0.59
8.0,2020.0,United Kingdom,GBR,Wind and solar,1,GW,38.24,0.06,0.65
9.0,2020.0,United Kingdom,GBR,Wind and solar,1,GW,38.25,0.01,0.66
10.0,2020.0,United Kingdom,GBR,Wind and solar,1,GW,38.27,0.02,0.68
11.0,2020.0,United Kingdom,GBR,Wind and solar,1,GW,38.39,0.12,0.8
12.0,2020.0,United Kingdom,GBR,Wind and solar,1,GW,38.42,0.03,0.83
1.0,2021.0,United Kingdom,GBR,Wind and solar,1,GW,38.5,0.08,0.08
2.0,2021.0,United Kingdom,GBR,Wind and solar,1,GW,38.52,0.02,0.1
3.0,2021.0,United Kingdom,GBR,Wind and solar,1,GW,38.66,0.14,0.24
4.0,2021.0,United Kingdom,GBR,Wind and solar,1,GW,38.82,0.16,0.4
5.0,2021.0,United Kingdom,GBR,Wind and solar,1,GW,38.93,0.11,0.51
6.0,2021.0,United Kingdom,GBR,Wind and solar,1,GW,39.16,0.23,0.74
7.0,2021.0,United Kingdom,GBR,Wind and solar,1,GW,39.32,0.16,0.9
8.0,2021.0,United Kingdom,GBR,Wind and solar,1,GW,39.47,0.15,1.05
9.0,2021.0,United Kingdom,GBR,Wind and solar,1,GW,39.78,0.31,1.36
10.0,2021.0,United Kingdom,GBR,Wind and solar,1,GW,40.05,0.27,1.63
11.0,2021.0,United Kingdom,GBR,Wind and solar,1,GW,40.17,0.12,1.75
12.0,2021.0,United Kingdom,GBR,Wind and solar,1,GW,40.19,0.02,1.77
1.0,2022.0,United Kingdom,GBR,Wind and solar,1,GW,41.77,1.58,1.58
2.0,2022.0,United Kingdom,GBR,Wind and solar,1,GW,41.8,0.03,1.61
3.0,2022.0,United Kingdom,GBR,Wind and solar,1,GW,41.85,0.05,1.66
4.0,2022.0,United Kingdom,GBR,Wind and solar,1,GW,41.93,0.08,1.74
5.0,2022.0,United Kingdom,GBR,Wind and solar,1,GW,41.98,0.05,1.79
6.0,2022.0,United Kingdom,GBR,Wind and solar,1,GW,42.02,0.04,1.83
7.0,2022.0,United Kingdom,GBR,Wind and solar,1,GW,42.11,0.09,1.92
8.0,2022.0,United Kingdom,GBR,Wind and solar,1,GW,42.18,0.07,1.99
9.0,2022.0,United Kingdom,GBR,Wind and solar,1,GW,42.29,0.11,2.1
10.0,2022.0,United Kingdom,GBR,Wind and solar,1,GW,42.81,0.52,2.62
11.0,2022.0,United Kingdom,GBR,Wind and solar,1,GW,43.34,0.53,3.15
12.0,2022.0,United Kingdom,GBR,Wind and solar,1,GW,43.91,0.57,3.72
1.0,2023.0,United Kingdom,GBR,Wind and solar,1,GW,44.32,0.41,0.41
2.0,2023.0,United Kingdom,GBR,Wind and solar,1,GW,44.65,0.33,0.74
3.0,2023.0,United Kingdom,GBR,Wind and solar,1,GW,44.88,0.23,0.97
4.0,2023.0,United Kingdom,GBR,Wind and solar,1,GW,44.97,0.09,1.06
5.0,2023.0,United Kingdom,GBR,Wind and solar,1,GW,45.06,0.09,1.15
6.0,2023.0,United Kingdom,GBR,Wind and solar,1,GW,45.14,0.08,1.23
7.0,2023.0,United Kingdom,GBR,Wind and solar,1,GW,45.21,0.07,1.3
8.0,2023.0,United Kingdom,GBR,Wind and solar,1,GW,45.34,0.13,1.43
9.0,2023.0,United Kingdom,GBR,Wind and solar,1,GW,45.58,0.24,1.67
10.0,2023.0,United Kingdom,GBR,Wind and solar,1,GW,46.51,0.93,2.6
11.0,2023.0,United Kingdom,GBR,Wind and solar,1,GW,46.58,0.07,2.67
12.0,2023.0,United Kingdom,GBR,Wind and solar,1,GW,46.63,0.05,2.72
1.0,2024.0,United Kingdom,GBR,Wind and solar,1,GW,47.18,0.55,0.55
2.0,2024.0,United Kingdom,GBR,Wind and solar,1,GW,47.29,0.11,0.66
3.0,2024.0,United Kingdom,GBR,Wind and solar,1,GW,47.5,0.21,0.87
4.0,2024.0,United Kingdom,GBR,Wind and solar,1,GW,48.01,0.51,1.38
5.0,2024.0,United Kingdom,GBR,Wind and solar,1,GW,48.94,0.93,2.31
6.0,2024.0,United Kingdom,GBR,Wind and solar,1,GW,49.39,0.45,2.76
7.0,2024.0,United Kingdom,GBR,Wind and solar,1,GW,49.53,0.14,2.9
8.0,2024.0,United Kingdom,GBR,Wind and solar,1,GW,49.59,0.06,2.96
9.0,2024.0,United Kingdom,GBR,Wind and solar,1,GW,49.67,0.08,3.04
10.0,2024.0,United Kingdom,GBR,Wind and solar,1,GW,50.18,0.51,3.55
11.0,2024.0,United Kingdom,GBR,Wind and solar,1,GW,50.33,0.15,3.7
12.0,2024.0,United Kingdom,GBR,Wind and solar,1,GW,50.48,0.15,3.85
1.0,2025.0,United Kingdom,GBR,Wind and solar,1,GW,50.74,0.26,0.26
2.0,2025.0,United Kingdom,GBR,Wind and solar,1,GW,50.92,0.18,0.44
3.0,2025.0,United Kingdom,GBR,Wind and solar,1,GW,51.12,0.2,0.64
4.0,2025.0,United Kingdom,GBR,Wind and solar,1,GW,18.83,-32.29,-31.65
5.0,2025.0,United Kingdom,GBR,Wind and solar,1,GW,18.92,0.09,-31.56
6.0,2025.0,United Kingdom,GBR,Wind and solar,1,GW,19.01,0.09,-31.47
3.0,2019.0,India,IND,Solar,0,GWAC,28.23,,
4.0,2019.0,India,IND,Solar,0,GWAC,28.72,0.49,
5.0,2019.0,India,IND,Solar,0,GWAC,29.45,0.73,
6.0,2019.0,India,IND,Solar,0,GWAC,29.59,0.14,
7.0,2019.0,India,IND,Solar,0,GWAC,30.12,0.53,
8.0,2019.0,India,IND,Solar,0,GWAC,30.75,0.63,
9.0,2019.0,India,IND,Solar,0,GWAC,31.25,0.5,
10.0,2019.0,India,IND,Solar,0,GWAC,31.74,0.49,
11.0,2019.0,India,IND,Solar,0,GWAC,32.76,1.02,
12.0,2019.0,India,IND,Solar,0,GWAC,33.78,1.02,
1.0,2020.0,India,IND,Solar,0,GWAC,34.08,0.3,0.3
2.0,2020.0,India,IND,Solar,0,GWAC,34.45,0.37,0.67
3.0,2020.0,India,IND,Solar,0,GWAC,34.67,0.22,0.89
4.0,2020.0,India,IND,Solar,0,GWAC,34.82,0.15,1.04
5.0,2020.0,India,IND,Solar,0,GWAC,34.96,0.14,1.18
6.0,2020.0,India,IND,Solar,0,GWAC,35.17,0.21,1.39
7.0,2020.0,India,IND,Solar,0,GWAC,35.48,0.31,1.7
8.0,2020.0,India,IND,Solar,0,GWAC,35.78,0.3,2.0
9.0,2020.0,India,IND,Solar,0,GWAC,36.1,0.32,2.32
10.0,2020.0,India,IND,Solar,0,GWAC,36.36,0.26,2.58
11.0,2020.0,India,IND,Solar,0,GWAC,36.96,0.6,3.18
12.0,2020.0,India,IND,Solar,0,GWAC,37.51,0.55,3.73
1.0,2021.0,India,IND,Solar,0,GWAC,38.84,1.33,1.33
2.0,2021.0,India,IND,Solar,0,GWAC,39.13,0.29,1.62
3.0,2021.0,India,IND,Solar,0,GWAC,40.13,1.0,2.62
4.0,2021.0,India,IND,Solar,0,GWAC,40.63,0.5,3.12
5.0,2021.0,India,IND,Solar,0,GWAC,41.13,0.5,3.62
6.0,2021.0,India,IND,Solar,0,GWAC,42.53,1.4,5.02
7.0,2021.0,India,IND,Solar,0,GWAC,43.94,1.41,6.43
8.0,2021.0,India,IND,Solar,0,GWAC,45.61,1.67,8.1
9.0,2021.0,India,IND,Solar,0,GWAC,46.28,0.67,8.77
10.0,2021.0,India,IND,Solar,0,GWAC,47.67,1.39,10.16
11.0,2021.0,India,IND,Solar,0,GWAC,48.56,0.89,11.05
12.0,2021.0,India,IND,Solar,0,GWAC,49.43,0.87,11.92
1.0,2022.0,India,IND,Solar,0,GWAC,50.3,0.87,0.87
2.0,2022.0,India,IND,Solar,0,GWAC,50.78,0.48,1.35
3.0,2022.0,India,IND,Solar,0,GWAC,54.0,3.22,4.57
4.0,2022.0,India,IND,Solar,0,GWAC,55.34,1.34,5.91
5.0,2022.0,India,IND,Solar,0,GWAC,56.95,1.61,7.52
6.0,2022.0,India,IND,Solar,0,GWAC,57.71,0.76,8.28
7.0,2022.0,India,IND,Solar,0,GWAC,57.97,0.26,8.54
8.0,2022.0,India,IND,Solar,0,GWAC,59.3,1.33,9.87
9.0,2022.0,India,IND,Solar,0,GWAC,60.81,1.51,11.38
10.0,2022.0,India,IND,Solar,0,GWAC,60.81,0.0,11.38
11.0,2022.0,India,IND,Solar,0,GWAC,61.97,1.16,12.54
12.0,2022.0,India,IND,Solar,0,GWAC,63.3,1.33,13.87
1.0,2023.0,India,IND,Solar,0,GWAC,63.89,0.59,0.59
2.0,2023.0,India,IND,Solar,0,GWAC,64.38,0.49,1.08
3.0,2023.0,India,IND,Solar,0,GWAC,66.78,2.4,3.48
4.0,2023.0,India,IND,Solar,0,GWAC,67.08,0.3,3.78
5.0,2023.0,India,IND,Solar,0,GWAC,67.82,0.74,4.52
6.0,2023.0,India,IND,Solar,0,GWAC,70.1,2.28,6.8
7.0,2023.0,India,IND,Solar,0,GWAC,71.15,1.05,7.85
8.0,2023.0,India,IND,Solar,0,GWAC,71.61,0.46,8.31
9.0,2023.0,India,IND,Solar,0,GWAC,71.78,0.17,8.48
10.0,2023.0,India,IND,Solar,0,GWAC,72.02,0.24,8.72
11.0,2023.0,India,IND,Solar,0,GWAC,72.31,0.29,9.01
12.0,2023.0,India,IND,Solar,0,GWAC,73.32,1.01,10.02
1.0,2024.0,India,IND,Solar,0,GWAC,74.31,0.99,0.99
2.0,2024.0,India,IND,Solar,0,GWAC,75.58,1.27,2.26
3.0,2024.0,India,IND,Solar,0,GWAC,81.81,6.23,8.49
4.0,2024.0,India,IND,Solar,0,GWAC,82.64,0.83,9.32
5.0,2024.0,India,IND,Solar,0,GWAC,84.28,1.64,10.96
6.0,2024.0,India,IND,Solar,0,GWAC,85.47,1.19,12.15
7.0,2024.0,India,IND,Solar,0,GWAC,87.21,1.74,13.89
8.0,2024.0,India,IND,Solar,0,GWAC,89.43,2.22,16.11
9.0,2024.0,India,IND,Solar,0,GWAC,90.76,1.33,17.44
10.0,2024.0,India,IND,Solar,0,GWAC,92.12,1.36,18.8
11.0,2024.0,India,IND,Solar,0,GWAC,92.12,0.0,18.8
12.0,2024.0,India,IND,Solar,0,GWAC,97.86,5.74,24.54
1.0,2025.0,India,IND,Solar,0,GWAC,100.33,2.47,2.47
2.0,2025.0,India,IND,Solar,0,GWAC,102.57,2.24,4.71
3.0,2025.0,India,IND,Solar,0,GWAC,105.65,3.08,7.79
4.0,2025.0,India,IND,Solar,0,GWAC,107.95,2.3,10.09
5.0,2025.0,India,IND,Solar,0,GWAC,110.83,2.88,12.97
6.0,2025.0,India,IND,Solar,0,GWAC,116.03,5.2,18.17
3.0,2019.0,India,IND,Solar,0,GWDC,36.69,,
4.0,2019.0,India,IND,Solar,0,GWDC,37.34,0.65,
5.0,2019.0,India,IND,Solar,0,GWDC,38.29,0.95,
6.0,2019.0,India,IND,Solar,0,GWDC,38.47,0.18,
7.0,2019.0,India,IND,Solar,0,GWDC,39.15,0.68,
8.0,2019.0,India,IND,Solar,0,GWDC,39.98,0.83,
9.0,2019.0,India,IND,Solar,0,GWDC,40.62,0.64,
10.0,2019.0,India,IND,Solar,0,GWDC,41.26,0.64,
11.0,2019.0,India,IND,Solar,0,GWDC,42.59,1.33,
12.0,2019.0,India,IND,Solar,0,GWDC,43.91,1.32,
1.0,2020.0,India,IND,Solar,0,GWDC,44.3,0.39,0.39
2.0,2020.0,India,IND,Solar,0,GWDC,44.79,0.49,0.88
3.0,2020.0,India,IND,Solar,0,GWDC,45.07,0.28,1.16
4.0,2020.0,India,IND,Solar,0,GWDC,45.26,0.19,1.35
5.0,2020.0,India,IND,Solar,0,GWDC,45.45,0.19,1.54
6.0,2020.0,India,IND,Solar,0,GWDC,45.72,0.27,1.81
7.0,2020.0,India,IND,Solar,0,GWDC,46.12,0.4,2.21
8.0,2020.0,India,IND,Solar,0,GWDC,46.52,0.4,2.61
9.0,2020.0,India,IND,Solar,0,GWDC,46.92,0.4,3.01
10.0,2020.0,India,IND,Solar,0,GWDC,47.27,0.35,3.36
11.0,2020.0,India,IND,Solar,0,GWDC,48.04,0.77,4.13
12.0,2020.0,India,IND,Solar,0,GWDC,48.76,0.72,4.85
1.0,2021.0,India,IND,Solar,0,GWDC,50.49,1.73,1.73
2.0,2021.0,India,IND,Solar,0,GWDC,50.87,0.38,2.11
3.0,2021.0,India,IND,Solar,0,GWDC,52.17,1.3,3.41
4.0,2021.0,India,IND,Solar,0,GWDC,52.82,0.65,4.06
5.0,2021.0,India,IND,Solar,0,GWDC,53.47,0.65,4.71
6.0,2021.0,India,IND,Solar,0,GWDC,55.29,1.82,6.53
7.0,2021.0,India,IND,Solar,0,GWDC,57.12,1.83,8.36
8.0,2021.0,India,IND,Solar,0,GWDC,59.3,2.18,10.54
9.0,2021.0,India,IND,Solar,0,GWDC,60.16,0.86,11.4
10.0,2021.0,India,IND,Solar,0,GWDC,61.97,1.81,13.21
11.0,2021.0,India,IND,Solar,0,GWDC,63.12,1.15,14.36
12.0,2021.0,India,IND,Solar,0,GWDC,64.26,1.14,15.5
1.0,2022.0,India,IND,Solar,0,GWDC,65.39,1.13,1.13
2.0,2022.0,India,IND,Solar,0,GWDC,66.01,0.62,1.75
3.0,2022.0,India,IND,Solar,0,GWDC,70.2,4.19,5.94
4.0,2022.0,India,IND,Solar,0,GWDC,71.94,1.74,7.68
5.0,2022.0,India,IND,Solar,0,GWDC,74.04,2.1,9.78
6.0,2022.0,India,IND,Solar,0,GWDC,75.02,0.98,10.76
7.0,2022.0,India,IND,Solar,0,GWDC,75.37,0.35,11.11
8.0,2022.0,India,IND,Solar,0,GWDC,77.09,1.72,12.83
9.0,2022.0,India,IND,Solar,0,GWDC,79.06,1.97,14.8
10.0,2022.0,India,IND,Solar,0,GWDC,79.06,0.0,14.8
11.0,2022.0,India,IND,Solar,0,GWDC,80.56,1.5,16.3
12.0,2022.0,India,IND,Solar,0,GWDC,82.29,1.73,18.03
1.0,2023.0,India,IND,Solar,0,GWDC,83.06,0.77,0.77
2.0,2023.0,India,IND,Solar,0,GWDC,83.7,0.64,1.41
3.0,2023.0,India,IND,Solar,0,GWDC,86.81,3.11,4.52
4.0,2023.0,India,IND,Solar,0,GWDC,87.2,0.39,4.91
5.0,2023.0,India,IND,Solar,0,GWDC,88.17,0.97,5.88
6.0,2023.0,India,IND,Solar,0,GWDC,91.13,2.96,8.84
7.0,2023.0,India,IND,Solar,0,GWDC,92.49,1.36,10.2
8.0,2023.0,India,IND,Solar,0,GWDC,93.09,0.6,10.8
9.0,2023.0,India,IND,Solar,0,GWDC,93.32,0.23,11.03
10.0,2023.0,India,IND,Solar,0,GWDC,93.62,0.3,11.33
11.0,2023.0,India,IND,Solar,0,GWDC,94.01,0.39,11.72
12.0,2023.0,India,IND,Solar,0,GWDC,95.31,1.3,13.02
1.0,2024.0,India,IND,Solar,0,GWDC,96.6,1.29,1.29
2.0,2024.0,India,IND,Solar,0,GWDC,98.25,1.65,2.94
3.0,2024.0,India,IND,Solar,0,GWDC,106.36,8.11,11.05
4.0,2024.0,India,IND,Solar,0,GWDC,107.43,1.07,12.12
5.0,2024.0,India,IND,Solar,0,GWDC,109.56,2.13,14.25
6.0,2024.0,India,IND,Solar,0,GWDC,111.12,1.56,15.81
7.0,2024.0,India,IND,Solar,0,GWDC,113.37,2.25,18.06
8.0,2024.0,India,IND,Solar,0,GWDC,116.26,2.89,20.95
9.0,2024.0,India,IND,Solar,0,GWDC,117.99,1.73,22.68
10.0,2024.0,India,IND,Solar,0,GWDC,119.75,1.76,24.44
11.0,2024.0,India,IND,Solar,0,GWDC,119.75,0.0,24.44
12.0,2024.0,India,IND,Solar,0,GWDC,127.22,7.47,31.91
1.0,2025.0,India,IND,Solar,0,GWDC,130.43,3.21,3.21
2.0,2025.0,India,IND,Solar,0,GWDC,133.34,2.91,6.12
3.0,2025.0,India,IND,Solar,0,GWDC,137.34,4.0,10.12
4.0,2025.0,India,IND,Solar,0,GWDC,140.33,2.99,13.11
5.0,2025.0,India,IND,Solar,0,GWDC,144.08,3.75,16.86
6.0,2025.0,India,IND,Solar,0,GWDC,150.83,6.75,23.61
3.0,2019.0,India,IND,Wind onshore,0,GW,35.63,,
4.0,2019.0,India,IND,Wind onshore,0,GW,35.82,0.19,
5.0,2019.0,India,IND,Wind onshore,0,GW,36.09,0.27,
6.0,2019.0,India,IND,Wind onshore,0,GW,36.37,0.28,
7.0,2019.0,India,IND,Wind onshore,0,GW,36.69,0.32,
8.0,2019.0,India,IND,Wind onshore,0,GW,36.75,0.06,
9.0,2019.0,India,IND,Wind onshore,0,GW,36.92,0.17,
10.0,2019.0,India,IND,Wind onshore,0,GW,37.09,0.17,
11.0,2019.0,India,IND,Wind onshore,0,GW,37.3,0.21,
12.0,2019.0,India,IND,Wind onshore,0,GW,37.51,0.21,
1.0,2020.0,India,IND,Wind onshore,0,GW,37.61,0.1,0.1
2.0,2020.0,India,IND,Wind onshore,0,GW,37.67,0.06,0.16
3.0,2020.0,India,IND,Wind onshore,0,GW,37.69,0.02,0.18
4.0,2020.0,India,IND,Wind onshore,0,GW,37.73,0.04,0.22
5.0,2020.0,India,IND,Wind onshore,0,GW,37.76,0.03,0.25
6.0,2020.0,India,IND,Wind onshore,0,GW,37.83,0.07,0.32
7.0,2020.0,India,IND,Wind onshore,0,GW,37.91,0.08,0.4
8.0,2020.0,India,IND,Wind onshore,0,GW,38.0,0.09,0.49
9.0,2020.0,India,IND,Wind onshore,0,GW,38.12,0.12,0.61
10.0,2020.0,India,IND,Wind onshore,0,GW,38.26,0.14,0.75
11.0,2020.0,India,IND,Wind onshore,0,GW,38.43,0.17,0.92
12.0,2020.0,India,IND,Wind onshore,0,GW,38.62,0.19,1.11
1.0,2021.0,India,IND,Wind onshore,0,GW,38.68,0.06,0.06
2.0,2021.0,India,IND,Wind onshore,0,GW,38.79,0.11,0.17
3.0,2021.0,India,IND,Wind onshore,0,GW,39.25,0.46,0.63
4.0,2021.0,India,IND,Wind onshore,0,GW,39.34,0.09,0.72
5.0,2021.0,India,IND,Wind onshore,0,GW,39.44,0.1,0.82
6.0,2021.0,India,IND,Wind onshore,0,GW,39.52,0.08,0.9
7.0,2021.0,India,IND,Wind onshore,0,GW,39.59,0.07,0.97
8.0,2021.0,India,IND,Wind onshore,0,GW,39.69,0.1,1.07
9.0,2021.0,India,IND,Wind onshore,0,GW,39.87,0.18,1.25
10.0,2021.0,India,IND,Wind onshore,0,GW,39.99,0.12,1.37
11.0,2021.0,India,IND,Wind onshore,0,GW,40.03,0.04,1.41
12.0,2021.0,India,IND,Wind onshore,0,GW,40.07,0.04,1.45
1.0,2022.0,India,IND,Wind onshore,0,GW,40.1,0.03,0.03
2.0,2022.0,India,IND,Wind onshore,0,GW,40.13,0.03,0.06
3.0,2022.0,India,IND,Wind onshore,0,GW,40.36,0.23,0.29
4.0,2022.0,India,IND,Wind onshore,0,GW,40.53,0.17,0.46
5.0,2022.0,India,IND,Wind onshore,0,GW,40.71,0.18,0.64
6.0,2022.0,India,IND,Wind onshore,0,GW,40.79,0.08,0.72
7.0,2022.0,India,IND,Wind onshore,0,GW,40.89,0.1,0.82
8.0,2022.0,India,IND,Wind onshore,0,GW,41.2,0.31,1.13
9.0,2022.0,India,IND,Wind onshore,0,GW,41.67,0.47,1.6
10.0,2022.0,India,IND,Wind onshore,0,GW,41.67,0.0,1.6
11.0,2022.0,India,IND,Wind onshore,0,GW,41.9,0.23,1.83
12.0,2022.0,India,IND,Wind onshore,0,GW,41.9,0.0,1.83
1.0,2023.0,India,IND,Wind onshore,0,GW,41.98,0.08,0.08
2.0,2023.0,India,IND,Wind onshore,0,GW,42.02,0.04,0.12
3.0,2023.0,India,IND,Wind onshore,0,GW,42.63,0.61,0.73
4.0,2023.0,India,IND,Wind onshore,0,GW,42.87,0.24,0.97
5.0,2023.0,India,IND,Wind onshore,0,GW,43.2,0.33,1.3
6.0,2023.0,India,IND,Wind onshore,0,GW,43.77,0.57,1.87
7.0,2023.0,India,IND,Wind onshore,0,GW,43.94,0.17,2.04
8.0,2023.0,India,IND,Wind onshore,0,GW,44.09,0.15,2.19
9.0,2023.0,India,IND,Wind onshore,0,GW,44.18,0.09,2.28
10.0,2023.0,India,IND,Wind onshore,0,GW,44.29,0.11,2.39
11.0,2023.0,India,IND,Wind onshore,0,GW,44.56,0.27,2.66
12.0,2023.0,India,IND,Wind onshore,0,GW,44.74,0.18,2.84
1.0,2024.0,India,IND,Wind onshore,0,GW,44.97,0.23,0.23
2.0,2024.0,India,IND,Wind onshore,0,GW,45.15,0.18,0.41
3.0,2024.0,India,IND,Wind onshore,0,GW,45.89,0.74,1.15
4.0,2024.0,India,IND,Wind onshore,0,GW,46.16,0.27,1.42
5.0,2024.0,India,IND,Wind onshore,0,GW,46.42,0.26,1.68
6.0,2024.0,India,IND,Wind onshore,0,GW,46.66,0.24,1.92
7.0,2024.0,India,IND,Wind onshore,0,GW,47.08,0.42,2.34
8.0,2024.0,India,IND,Wind onshore,0,GW,47.19,0.11,2.45
9.0,2024.0,India,IND,Wind onshore,0,GW,47.36,0.17,2.62
10.0,2024.0,India,IND,Wind onshore,0,GW,47.72,0.36,2.98
11.0,2024.0,India,IND,Wind onshore,0,GW,47.72,0.0,2.98
12.0,2024.0,India,IND,Wind onshore,0,GW,48.16,0.44,3.42
1.0,2025.0,India,IND,Wind onshore,0,GW,48.37,0.21,0.21
2.0,2025.0,India,IND,Wind onshore,0,GW,48.59,0.22,0.43
3.0,2025.0,India,IND,Wind onshore,0,GW,50.04,1.45,1.88
4.0,2025.0,India,IND,Wind onshore,0,GW,51.06,1.02,2.9
5.0,2025.0,India,IND,Wind onshore,0,GW,51.29,0.23,3.13
6.0,2025.0,India,IND,Wind onshore,0,GW,51.67,0.38,3.51
3.0,2019.0,India,IND,Wind,1,GW,35.63,,
4.0,2019.0,India,IND,Wind,1,GW,35.82,0.19,
5.0,2019.0,India,IND,Wind,1,GW,36.09,0.27,
6.0,2019.0,India,IND,Wind,1,GW,36.37,0.28,
7.0,2019.0,India,IND,Wind,1,GW,36.69,0.32,
8.0,2019.0,India,IND,Wind,1,GW,36.75,0.06,
9.0,2019.0,India,IND,Wind,1,GW,36.92,0.17,
10.0,2019.0,India,IND,Wind,1,GW,37.09,0.17,
11.0,2019.0,India,IND,Wind,1,GW,37.3,0.21,
12.0,2019.0,India,IND,Wind,1,GW,37.51,0.21,
1.0,2020.0,India,IND,Wind,1,GW,37.61,0.1,0.1
2.0,2020.0,India,IND,Wind,1,GW,37.67,0.06,0.16
3.0,2020.0,India,IND,Wind,1,GW,37.69,0.02,0.18
4.0,2020.0,India,IND,Wind,1,GW,37.73,0.04,0.22
5.0,2020.0,India,IND,Wind,1,GW,37.76,0.03,0.25
6.0,2020.0,India,IND,Wind,1,GW,37.83,0.07,0.32
7.0,2020.0,India,IND,Wind,1,GW,37.91,0.08,0.4
8.0,2020.0,India,IND,Wind,1,GW,38.0,0.09,0.49
9.0,2020.0,India,IND,Wind,1,GW,38.12,0.12,0.61
10.0,2020.0,India,IND,Wind,1,GW,38.26,0.14,0.75
11.0,2020.0,India,IND,Wind,1,GW,38.43,0.17,0.92
12.0,2020.0,India,IND,Wind,1,GW,38.62,0.19,1.11
1.0,2021.0,India,IND,Wind,1,GW,38.68,0.06,0.06
2.0,2021.0,India,IND,Wind,1,GW,38.79,0.11,0.17
3.0,2021.0,India,IND,Wind,1,GW,39.25,0.46,0.63
4.0,2021.0,India,IND,Wind,1,GW,39.34,0.09,0.72
5.0,2021.0,India,IND,Wind,1,GW,39.44,0.1,0.82
6.0,2021.0,India,IND,Wind,1,GW,39.52,0.08,0.9
7.0,2021.0,India,IND,Wind,1,GW,39.59,0.07,0.97
8.0,2021.0,India,IND,Wind,1,GW,39.69,0.1,1.07
9.0,2021.0,India,IND,Wind,1,GW,39.87,0.18,1.25
10.0,2021.0,India,IND,Wind,1,GW,39.99,0.12,1.37
11.0,2021.0,India,IND,Wind,1,GW,40.03,0.04,1.41
12.0,2021.0,India,IND,Wind,1,GW,40.07,0.04,1.45
1.0,2022.0,India,IND,Wind,1,GW,40.1,0.03,0.03
2.0,2022.0,India,IND,Wind,1,GW,40.13,0.03,0.06
3.0,2022.0,India,IND,Wind,1,GW,40.36,0.23,0.29
4.0,2022.0,India,IND,Wind,1,GW,40.53,0.17,0.46
5.0,2022.0,India,IND,Wind,1,GW,40.71,0.18,0.64
6.0,2022.0,India,IND,Wind,1,GW,40.79,0.08,0.72
7.0,2022.0,India,IND,Wind,1,GW,40.89,0.1,0.82
8.0,2022.0,India,IND,Wind,1,GW,41.2,0.31,1.13
9.0,2022.0,India,IND,Wind,1,GW,41.67,0.47,1.6
10.0,2022.0,India,IND,Wind,1,GW,41.67,0.0,1.6
11.0,2022.0,India,IND,Wind,1,GW,41.9,0.23,1.83
12.0,2022.0,India,IND,Wind,1,GW,41.9,0.0,1.83
1.0,2023.0,India,IND,Wind,1,GW,41.98,0.08,0.08
2.0,2023.0,India,IND,Wind,1,GW,42.02,0.04,0.12
3.0,2023.0,India,IND,Wind,1,GW,42.63,0.61,0.73
4.0,2023.0,India,IND,Wind,1,GW,42.87,0.24,0.97
5.0,2023.0,India,IND,Wind,1,GW,43.2,0.33,1.3
6.0,2023.0,India,IND,Wind,1,GW,43.77,0.57,1.87
7.0,2023.0,India,IND,Wind,1,GW,43.94,0.17,2.04
8.0,2023.0,India,IND,Wind,1,GW,44.09,0.15,2.19
9.0,2023.0,India,IND,Wind,1,GW,44.18,0.09,2.28
10.0,2023.0,India,IND,Wind,1,GW,44.29,0.11,2.39
11.0,2023.0,India,IND,Wind,1,GW,44.56,0.27,2.66
12.0,2023.0,India,IND,Wind,1,GW,44.74,0.18,2.84
1.0,2024.0,India,IND,Wind,1,GW,44.97,0.23,0.23
2.0,2024.0,India,IND,Wind,1,GW,45.15,0.18,0.41
3.0,2024.0,India,IND,Wind,1,GW,45.89,0.74,1.15
4.0,2024.0,India,IND,Wind,1,GW,46.16,0.27,1.42
5.0,2024.0,India,IND,Wind,1,GW,46.42,0.26,1.68
6.0,2024.0,India,IND,Wind,1,GW,46.66,0.24,1.92
7.0,2024.0,India,IND,Wind,1,GW,47.08,0.42,2.34
8.0,2024.0,India,IND,Wind,1,GW,47.19,0.11,2.45
9.0,2024.0,India,IND,Wind,1,GW,47.36,0.17,2.62
10.0,2024.0,India,IND,Wind,1,GW,47.72,0.36,2.98
11.0,2024.0,India,IND,Wind,1,GW,47.72,0.0,2.98
12.0,2024.0,India,IND,Wind,1,GW,48.16,0.44,3.42
1.0,2025.0,India,IND,Wind,1,GW,48.37,0.21,0.21
2.0,2025.0,India,IND,Wind,1,GW,48.59,0.22,0.43
3.0,2025.0,India,IND,Wind,1,GW,50.04,1.45,1.88
4.0,2025.0,India,IND,Wind,1,GW,51.06,1.02,2.9
5.0,2025.0,India,IND,Wind,1,GW,51.29,0.23,3.13
6.0,2025.0,India,IND,Wind,1,GW,51.67,0.38,3.51
3.0,2019.0,India,IND,Wind and solar,1,GW,72.32,,
4.0,2019.0,India,IND,Wind and solar,1,GW,73.16,0.84,
5.0,2019.0,India,IND,Wind and solar,1,GW,74.38,1.22,
6.0,2019.0,India,IND,Wind and solar,1,GW,74.84,0.46,
7.0,2019.0,India,IND,Wind and solar,1,GW,75.84,1.0,
8.0,2019.0,India,IND,Wind and solar,1,GW,76.73,0.89,
9.0,2019.0,India,IND,Wind and solar,1,GW,77.54,0.81,
10.0,2019.0,India,IND,Wind and solar,1,GW,78.35,0.81,
11.0,2019.0,India,IND,Wind and solar,1,GW,79.88,1.53,
12.0,2019.0,India,IND,Wind and solar,1,GW,81.41,1.53,
1.0,2020.0,India,IND,Wind and solar,1,GW,81.91,0.5,0.5
2.0,2020.0,India,IND,Wind and solar,1,GW,82.46,0.55,1.05
3.0,2020.0,India,IND,Wind and solar,1,GW,82.77,0.31,1.36
4.0,2020.0,India,IND,Wind and solar,1,GW,82.99,0.22,1.58
5.0,2020.0,India,IND,Wind and solar,1,GW,83.2,0.21,1.79
6.0,2020.0,India,IND,Wind and solar,1,GW,83.55,0.35,2.14
7.0,2020.0,India,IND,Wind and solar,1,GW,84.03,0.48,2.62
8.0,2020.0,India,IND,Wind and solar,1,GW,84.52,0.49,3.11
9.0,2020.0,India,IND,Wind and solar,1,GW,85.05,0.53,3.64
10.0,2020.0,India,IND,Wind and solar,1,GW,85.53,0.48,4.12
11.0,2020.0,India,IND,Wind and solar,1,GW,86.48,0.95,5.07
12.0,2020.0,India,IND,Wind and solar,1,GW,87.39,0.91,5.98
1.0,2021.0,India,IND,Wind and solar,1,GW,89.17,1.78,1.78
2.0,2021.0,India,IND,Wind and solar,1,GW,89.66,0.49,2.27
3.0,2021.0,India,IND,Wind and solar,1,GW,91.42,1.76,4.03
4.0,2021.0,India,IND,Wind and solar,1,GW,92.17,0.75,4.78
5.0,2021.0,India,IND,Wind and solar,1,GW,92.91,0.74,5.52
6.0,2021.0,India,IND,Wind and solar,1,GW,94.81,1.9,7.42
7.0,2021.0,India,IND,Wind and solar,1,GW,96.71,1.9,9.32
8.0,2021.0,India,IND,Wind and solar,1,GW,98.99,2.28,11.6
9.0,2021.0,India,IND,Wind and solar,1,GW,100.03,1.04,12.64
10.0,2021.0,India,IND,Wind and solar,1,GW,101.96,1.93,14.57
11.0,2021.0,India,IND,Wind and solar,1,GW,103.16,1.2,15.77
12.0,2021.0,India,IND,Wind and solar,1,GW,104.33,1.17,16.94
1.0,2022.0,India,IND,Wind and solar,1,GW,105.5,1.17,1.17
2.0,2022.0,India,IND,Wind and solar,1,GW,106.14,0.64,1.81
3.0,2022.0,India,IND,Wind and solar,1,GW,110.55,4.41,6.22
4.0,2022.0,India,IND,Wind and solar,1,GW,112.47,1.92,8.14
5.0,2022.0,India,IND,Wind and solar,1,GW,114.74,2.27,10.41
6.0,2022.0,India,IND,Wind and solar,1,GW,115.81,1.07,11.48
7.0,2022.0,India,IND,Wind and solar,1,GW,116.26,0.45,11.93
8.0,2022.0,India,IND,Wind and solar,1,GW,118.3,2.04,13.97
9.0,2022.0,India,IND,Wind and solar,1,GW,120.72,2.42,16.39
10.0,2022.0,India,IND,Wind and solar,1,GW,120.72,0.0,16.39
11.0,2022.0,India,IND,Wind and solar,1,GW,122.45,1.73,18.12
12.0,2022.0,India,IND,Wind and solar,1,GW,124.19,1.74,19.86
1.0,2023.0,India,IND,Wind and solar,1,GW,125.05,0.86,0.86
2.0,2023.0,India,IND,Wind and solar,1,GW,125.71,0.66,1.52
3.0,2023.0,India,IND,Wind and solar,1,GW,129.45,3.74,5.26
4.0,2023.0,India,IND,Wind and solar,1,GW,130.07,0.62,5.88
5.0,2023.0,India,IND,Wind and solar,1,GW,131.37,1.3,7.18
6.0,2023.0,India,IND,Wind and solar,1,GW,134.9,3.53,10.71
7.0,2023.0,India,IND,Wind and solar,1,GW,136.43,1.53,12.24
8.0,2023.0,India,IND,Wind and solar,1,GW,137.18,0.75,12.99
9.0,2023.0,India,IND,Wind and solar,1,GW,137.5,0.32,13.31
10.0,2023.0,India,IND,Wind and solar,1,GW,137.92,0.42,13.73
11.0,2023.0,India,IND,Wind and solar,1,GW,138.57,0.65,14.38
12.0,2023.0,India,IND,Wind and solar,1,GW,140.05,1.48,15.86
1.0,2024.0,India,IND,Wind and solar,1,GW,141.57,1.52,1.52
2.0,2024.0,India,IND,Wind and solar,1,GW,143.4,1.83,3.35
3.0,2024.0,India,IND,Wind and solar,1,GW,152.24,8.84,12.19
4.0,2024.0,India,IND,Wind and solar,1,GW,153.59,1.35,13.54
5.0,2024.0,India,IND,Wind and solar,1,GW,155.98,2.39,15.93
6.0,2024.0,India,IND,Wind and solar,1,GW,157.77,1.79,17.72
7.0,2024.0,India,IND,Wind and solar,1,GW,160.45,2.68,20.4
8.0,2024.0,India,IND,Wind and solar,1,GW,163.45,3.0,23.4
9.0,2024.0,India,IND,Wind and solar,1,GW,165.35,1.9,25.3
10.0,2024.0,India,IND,Wind and solar,1,GW,167.47,2.12,27.42
11.0,2024.0,India,IND,Wind and solar,1,GW,167.47,0.0,27.42
12.0,2024.0,India,IND,Wind and solar,1,GW,175.39,7.92,35.34
1.0,2025.0,India,IND,Wind and solar,1,GW,178.79,3.4,3.4
2.0,2025.0,India,IND,Wind and solar,1,GW,181.92,3.13,6.53
3.0,2025.0,India,IND,Wind and solar,1,GW,187.38,5.46,11.99
4.0,2025.0,India,IND,Wind and solar,1,GW,191.39,4.01,16.0
5.0,2025.0,India,IND,Wind and solar,1,GW,195.38,3.99,19.99
6.0,2025.0,India,IND,Wind and solar,1,GW,202.5,7.12,27.11
1.0,2021.0,Italy,ITA,Solar,0,GWAC,16.62,,
2.0,2021.0,Italy,ITA,Solar,0,GWAC,16.66,0.04,
3.0,2021.0,Italy,ITA,Solar,0,GWAC,16.71,0.05,
4.0,2021.0,Italy,ITA,Solar,0,GWAC,16.76,0.05,
5.0,2021.0,Italy,ITA,Solar,0,GWAC,16.83,0.07,
6.0,2021.0,Italy,ITA,Solar,0,GWAC,16.88,0.05,
7.0,2021.0,Italy,ITA,Solar,0,GWAC,16.96,0.08,
8.0,2021.0,Italy,ITA,Solar,0,GWAC,17.02,0.06,
9.0,2021.0,Italy,ITA,Solar,0,GWAC,17.09,0.07,
10.0,2021.0,Italy,ITA,Solar,0,GWAC,17.17,0.08,
11.0,2021.0,Italy,ITA,Solar,0,GWAC,17.22,0.05,
12.0,2021.0,Italy,ITA,Solar,0,GWAC,17.29,0.07,
1.0,2022.0,Italy,ITA,Solar,0,GWAC,17.38,0.09,0.09
2.0,2022.0,Italy,ITA,Solar,0,GWAC,17.47,0.09,0.18
3.0,2022.0,Italy,ITA,Solar,0,GWAC,17.58,0.11,0.29
4.0,2022.0,Italy,ITA,Solar,0,GWAC,17.8,0.22,0.51
5.0,2022.0,Italy,ITA,Solar,0,GWAC,17.93,0.13,0.64
6.0,2022.0,Italy,ITA,Solar,0,GWAC,18.08,0.15,0.79
7.0,2022.0,Italy,ITA,Solar,0,GWAC,18.28,0.2,0.99
8.0,2022.0,Italy,ITA,Solar,0,GWAC,18.42,0.14,1.13
9.0,2022.0,Italy,ITA,Solar,0,GWAC,18.55,0.13,1.26
10.0,2022.0,Italy,ITA,Solar,0,GWAC,18.75,0.2,1.46
11.0,2022.0,Italy,ITA,Solar,0,GWAC,18.98,0.23,1.69
12.0,2022.0,Italy,ITA,Solar,0,GWAC,19.21,0.23,1.92
1.0,2023.0,Italy,ITA,Solar,0,GWAC,19.43,0.22,0.22
2.0,2023.0,Italy,ITA,Solar,0,GWAC,19.72,0.29,0.51
3.0,2023.0,Italy,ITA,Solar,0,GWAC,20.02,0.3,0.81
4.0,2023.0,Italy,ITA,Solar,0,GWAC,20.29,0.27,1.08
5.0,2023.0,Italy,ITA,Solar,0,GWAC,20.63,0.34,1.42
6.0,2023.0,Italy,ITA,Solar,0,GWAC,20.99,0.36,1.78
7.0,2023.0,Italy,ITA,Solar,0,GWAC,21.3,0.31,2.09
8.0,2023.0,Italy,ITA,Solar,0,GWAC,21.61,0.31,2.4
9.0,2023.0,Italy,ITA,Solar,0,GWAC,21.93,0.32,2.72
10.0,2023.0,Italy,ITA,Solar,0,GWAC,22.29,0.36,3.08
11.0,2023.0,Italy,ITA,Solar,0,GWAC,22.67,0.38,3.46
12.0,2023.0,Italy,ITA,Solar,0,GWAC,23.23,0.56,4.02
1.0,2024.0,Italy,ITA,Solar,0,GWAC,23.73,0.5,0.5
2.0,2024.0,Italy,ITA,Solar,0,GWAC,24.17,0.44,0.94
3.0,2024.0,Italy,ITA,Solar,0,GWAC,24.55,0.38,1.32
4.0,2024.0,Italy,ITA,Solar,0,GWAC,24.9,0.35,1.67
5.0,2024.0,Italy,ITA,Solar,0,GWAC,25.36,0.46,2.13
6.0,2024.0,Italy,ITA,Solar,0,GWAC,25.8,0.44,2.57
7.0,2024.0,Italy,ITA,Solar,0,GWAC,26.19,0.39,2.96
8.0,2024.0,Italy,ITA,Solar,0,GWAC,26.62,0.43,3.39
9.0,2024.0,Italy,ITA,Solar,0,GWAC,27.0,0.38,3.77
10.0,2024.0,Italy,ITA,Solar,0,GWAC,27.54,0.54,4.31
11.0,2024.0,Italy,ITA,Solar,0,GWAC,28.0,0.46,4.77
12.0,2024.0,Italy,ITA,Solar,0,GWAC,28.54,0.54,5.31
1.0,2025.0,Italy,ITA,Solar,0,GWAC,28.85,0.31,0.31
2.0,2025.0,Italy,ITA,Solar,0,GWAC,29.15,0.3,0.61
3.0,2025.0,Italy,ITA,Solar,0,GWAC,29.62,0.47,1.08
4.0,2025.0,Italy,ITA,Solar,0,GWAC,30.0,0.38,1.46
5.0,2025.0,Italy,ITA,Solar,0,GWAC,30.38,0.38,1.84
6.0,2025.0,Italy,ITA,Solar,0,GWAC,30.69,0.31,2.15
7.0,2025.0,Italy,ITA,Solar,0,GWAC,31.08,0.39,2.54
1.0,2021.0,Italy,ITA,Solar,0,GWDC,21.6,,
2.0,2021.0,Italy,ITA,Solar,0,GWDC,21.66,0.06,
3.0,2021.0,Italy,ITA,Solar,0,GWDC,21.72,0.06,
4.0,2021.0,Italy,ITA,Solar,0,GWDC,21.79,0.07,
5.0,2021.0,Italy,ITA,Solar,0,GWDC,21.88,0.09,
6.0,2021.0,Italy,ITA,Solar,0,GWDC,21.95,0.07,
7.0,2021.0,Italy,ITA,Solar,0,GWDC,22.05,0.1,
8.0,2021.0,Italy,ITA,Solar,0,GWDC,22.12,0.07,
9.0,2021.0,Italy,ITA,Solar,0,GWDC,22.22,0.1,
10.0,2021.0,Italy,ITA,Solar,0,GWDC,22.32,0.1,
11.0,2021.0,Italy,ITA,Solar,0,GWDC,22.39,0.07,
12.0,2021.0,Italy,ITA,Solar,0,GWDC,22.48,0.09,
1.0,2022.0,Italy,ITA,Solar,0,GWDC,22.59,0.11,0.11
2.0,2022.0,Italy,ITA,Solar,0,GWDC,22.71,0.12,0.23
3.0,2022.0,Italy,ITA,Solar,0,GWDC,22.86,0.15,0.38
4.0,2022.0,Italy,ITA,Solar,0,GWDC,23.14,0.28,0.66
5.0,2022.0,Italy,ITA,Solar,0,GWDC,23.31,0.17,0.83
6.0,2022.0,Italy,ITA,Solar,0,GWDC,23.5,0.19,1.02
7.0,2022.0,Italy,ITA,Solar,0,GWDC,23.77,0.27,1.29
8.0,2022.0,Italy,ITA,Solar,0,GWDC,23.94,0.17,1.46
9.0,2022.0,Italy,ITA,Solar,0,GWDC,24.12,0.18,1.64
10.0,2022.0,Italy,ITA,Solar,0,GWDC,24.38,0.26,1.9
11.0,2022.0,Italy,ITA,Solar,0,GWDC,24.68,0.3,2.2
12.0,2022.0,Italy,ITA,Solar,0,GWDC,24.97,0.29,2.49
1.0,2023.0,Italy,ITA,Solar,0,GWDC,25.26,0.29,0.29
2.0,2023.0,Italy,ITA,Solar,0,GWDC,25.64,0.38,0.67
3.0,2023.0,Italy,ITA,Solar,0,GWDC,26.02,0.38,1.05
4.0,2023.0,Italy,ITA,Solar,0,GWDC,26.38,0.36,1.41
5.0,2023.0,Italy,ITA,Solar,0,GWDC,26.82,0.44,1.85
6.0,2023.0,Italy,ITA,Solar,0,GWDC,27.29,0.47,2.32
7.0,2023.0,Italy,ITA,Solar,0,GWDC,27.69,0.4,2.72
8.0,2023.0,Italy,ITA,Solar,0,GWDC,28.09,0.4,3.12
9.0,2023.0,Italy,ITA,Solar,0,GWDC,28.51,0.42,3.54
10.0,2023.0,Italy,ITA,Solar,0,GWDC,28.98,0.47,4.01
11.0,2023.0,Italy,ITA,Solar,0,GWDC,29.47,0.49,4.5
12.0,2023.0,Italy,ITA,Solar,0,GWDC,30.2,0.73,5.23
1.0,2024.0,Italy,ITA,Solar,0,GWDC,30.85,0.65,0.65
2.0,2024.0,Italy,ITA,Solar,0,GWDC,31.42,0.57,1.22
3.0,2024.0,Italy,ITA,Solar,0,GWDC,31.92,0.5,1.72
4.0,2024.0,Italy,ITA,Solar,0,GWDC,32.37,0.45,2.17
5.0,2024.0,Italy,ITA,Solar,0,GWDC,32.97,0.6,2.77
6.0,2024.0,Italy,ITA,Solar,0,GWDC,33.54,0.57,3.34
7.0,2024.0,Italy,ITA,Solar,0,GWDC,34.05,0.51,3.85
8.0,2024.0,Italy,ITA,Solar,0,GWDC,34.6,0.55,4.4
9.0,2024.0,Italy,ITA,Solar,0,GWDC,35.1,0.5,4.9
10.0,2024.0,Italy,ITA,Solar,0,GWDC,35.8,0.7,5.6
11.0,2024.0,Italy,ITA,Solar,0,GWDC,36.4,0.6,6.2
12.0,2024.0,Italy,ITA,Solar,0,GWDC,37.1,0.7,6.9
1.0,2025.0,Italy,ITA,Solar,0,GWDC,37.5,0.4,0.4
2.0,2025.0,Italy,ITA,Solar,0,GWDC,37.9,0.4,0.8
3.0,2025.0,Italy,ITA,Solar,0,GWDC,38.5,0.6,1.4
4.0,2025.0,Italy,ITA,Solar,0,GWDC,39.0,0.5,1.9
5.0,2025.0,Italy,ITA,Solar,0,GWDC,39.5,0.5,2.4
6.0,2025.0,Italy,ITA,Solar,0,GWDC,39.9,0.4,2.8
7.0,2025.0,Italy,ITA,Solar,0,GWDC,40.4,0.5,3.3
1.0,2021.0,Italy,ITA,Wind offshore,0,GW,0.0,,
2.0,2021.0,Italy,ITA,Wind offshore,0,GW,0.0,0.0,
3.0,2021.0,Italy,ITA,Wind offshore,0,GW,0.0,0.0,
4.0,2021.0,Italy,ITA,Wind offshore,0,GW,0.0,0.0,
5.0,2021.0,Italy,ITA,Wind offshore,0,GW,0.0,0.0,
6.0,2021.0,Italy,ITA,Wind offshore,0,GW,0.0,0.0,
7.0,2021.0,Italy,ITA,Wind offshore,0,GW,0.0,0.0,
8.0,2021.0,Italy,ITA,Wind offshore,0,GW,0.0,0.0,
9.0,2021.0,Italy,ITA,Wind offshore,0,GW,0.0,0.0,
10.0,2021.0,Italy,ITA,Wind offshore,0,GW,0.0,0.0,
11.0,2021.0,Italy,ITA,Wind offshore,0,GW,0.0,0.0,
12.0,2021.0,Italy,ITA,Wind offshore,0,GW,0.0,0.0,
1.0,2022.0,Italy,ITA,Wind offshore,0,GW,0.0,0.0,0.0
2.0,2022.0,Italy,ITA,Wind offshore,0,GW,0.0,0.0,0.0
3.0,2022.0,Italy,ITA,Wind offshore,0,GW,0.0,0.0,0.0
4.0,2022.0,Italy,ITA,Wind offshore,0,GW,0.0,0.0,0.0
5.0,2022.0,Italy,ITA,Wind offshore,0,GW,0.0,0.0,0.0
6.0,2022.0,Italy,ITA,Wind offshore,0,GW,0.0,0.0,0.0
7.0,2022.0,Italy,ITA,Wind offshore,0,GW,0.03,0.03,0.03
8.0,2022.0,Italy,ITA,Wind offshore,0,GW,0.03,0.0,0.03
9.0,2022.0,Italy,ITA,Wind offshore,0,GW,0.03,0.0,0.03
10.0,2022.0,Italy,ITA,Wind offshore,0,GW,0.03,0.0,0.03
11.0,2022.0,Italy,ITA,Wind offshore,0,GW,0.03,0.0,0.03
12.0,2022.0,Italy,ITA,Wind offshore,0,GW,0.03,0.0,0.03
1.0,2023.0,Italy,ITA,Wind offshore,0,GW,0.03,0.0,0.0
2.0,2023.0,Italy,ITA,Wind offshore,0,GW,0.03,0.0,0.0
3.0,2023.0,Italy,ITA,Wind offshore,0,GW,0.03,0.0,0.0
4.0,2023.0,Italy,ITA,Wind offshore,0,GW,0.03,0.0,0.0
5.0,2023.0,Italy,ITA,Wind offshore,0,GW,0.03,0.0,0.0
6.0,2023.0,Italy,ITA,Wind offshore,0,GW,0.03,0.0,0.0
7.0,2023.0,Italy,ITA,Wind offshore,0,GW,0.03,0.0,0.0
8.0,2023.0,Italy,ITA,Wind offshore,0,GW,0.03,0.0,0.0
9.0,2023.0,Italy,ITA,Wind offshore,0,GW,0.03,0.0,0.0
10.0,2023.0,Italy,ITA,Wind offshore,0,GW,0.03,0.0,0.0
11.0,2023.0,Italy,ITA,Wind offshore,0,GW,0.03,0.0,0.0
12.0,2023.0,Italy,ITA,Wind offshore,0,GW,0.03,0.0,0.0
1.0,2024.0,Italy,ITA,Wind offshore,0,GW,0.03,0.0,0.0
2.0,2024.0,Italy,ITA,Wind offshore,0,GW,0.03,0.0,0.0
3.0,2024.0,Italy,ITA,Wind offshore,0,GW,0.03,0.0,0.0
4.0,2024.0,Italy,ITA,Wind offshore,0,GW,0.03,0.0,0.0
5.0,2024.0,Italy,ITA,Wind offshore,0,GW,0.03,0.0,0.0
6.0,2024.0,Italy,ITA,Wind offshore,0,GW,0.03,0.0,0.0
7.0,2024.0,Italy,ITA,Wind offshore,0,GW,0.03,0.0,0.0
8.0,2024.0,Italy,ITA,Wind offshore,0,GW,0.03,0.0,0.0
9.0,2024.0,Italy,ITA,Wind offshore,0,GW,0.03,0.0,0.0
10.0,2024.0,Italy,ITA,Wind offshore,0,GW,0.03,0.0,0.0
11.0,2024.0,Italy,ITA,Wind offshore,0,GW,0.03,0.0,0.0
12.0,2024.0,Italy,ITA,Wind offshore,0,GW,0.03,0.0,0.0
1.0,2025.0,Italy,ITA,Wind offshore,0,GW,0.03,0.0,0.0
2.0,2025.0,Italy,ITA,Wind offshore,0,GW,0.03,0.0,0.0
3.0,2025.0,Italy,ITA,Wind offshore,0,GW,0.03,0.0,0.0
4.0,2025.0,Italy,ITA,Wind offshore,0,GW,0.03,0.0,0.0
5.0,2025.0,Italy,ITA,Wind offshore,0,GW,0.03,0.0,0.0
6.0,2025.0,Italy,ITA,Wind offshore,0,GW,0.03,0.0,0.0
7.0,2025.0,Italy,ITA,Wind offshore,0,GW,0.03,0.0,0.0
1.0,2021.0,Italy,ITA,Wind onshore,0,GW,10.9,,
2.0,2021.0,Italy,ITA,Wind onshore,0,GW,10.88,-0.02,
3.0,2021.0,Italy,ITA,Wind onshore,0,GW,10.88,0.0,
4.0,2021.0,Italy,ITA,Wind onshore,0,GW,10.92,0.04,
5.0,2021.0,Italy,ITA,Wind onshore,0,GW,10.93,0.01,
6.0,2021.0,Italy,ITA,Wind onshore,0,GW,10.93,0.0,
7.0,2021.0,Italy,ITA,Wind onshore,0,GW,10.98,0.05,
8.0,2021.0,Italy,ITA,Wind onshore,0,GW,10.98,0.0,
9.0,2021.0,Italy,ITA,Wind onshore,0,GW,11.04,0.06,
10.0,2021.0,Italy,ITA,Wind onshore,0,GW,11.06,0.02,
11.0,2021.0,Italy,ITA,Wind onshore,0,GW,11.11,0.05,
12.0,2021.0,Italy,ITA,Wind onshore,0,GW,11.28,0.17,
1.0,2022.0,Italy,ITA,Wind onshore,0,GW,11.3,0.02,0.02
2.0,2022.0,Italy,ITA,Wind onshore,0,GW,11.3,0.0,0.02
3.0,2022.0,Italy,ITA,Wind onshore,0,GW,11.31,0.01,0.03
4.0,2022.0,Italy,ITA,Wind onshore,0,GW,11.31,0.0,0.03
5.0,2022.0,Italy,ITA,Wind onshore,0,GW,11.37,0.06,0.09
6.0,2022.0,Italy,ITA,Wind onshore,0,GW,11.42,0.05,0.14
7.0,2022.0,Italy,ITA,Wind onshore,0,GW,11.43,0.01,0.15
8.0,2022.0,Italy,ITA,Wind onshore,0,GW,11.56,0.13,0.28
9.0,2022.0,Italy,ITA,Wind onshore,0,GW,11.64,0.08,0.36
10.0,2022.0,Italy,ITA,Wind onshore,0,GW,11.71,0.07,0.43
11.0,2022.0,Italy,ITA,Wind onshore,0,GW,11.72,0.01,0.44
12.0,2022.0,Italy,ITA,Wind onshore,0,GW,11.8,0.08,0.52
1.0,2023.0,Italy,ITA,Wind onshore,0,GW,11.77,-0.03,-0.03
2.0,2023.0,Italy,ITA,Wind onshore,0,GW,11.87,0.1,0.07
3.0,2023.0,Italy,ITA,Wind onshore,0,GW,11.92,0.05,0.12
4.0,2023.0,Italy,ITA,Wind onshore,0,GW,11.97,0.05,0.17
5.0,2023.0,Italy,ITA,Wind onshore,0,GW,12.02,0.05,0.22
6.0,2023.0,Italy,ITA,Wind onshore,0,GW,12.04,0.02,0.24
7.0,2023.0,Italy,ITA,Wind onshore,0,GW,12.11,0.07,0.31
8.0,2023.0,Italy,ITA,Wind onshore,0,GW,12.19,0.08,0.39
9.0,2023.0,Italy,ITA,Wind onshore,0,GW,12.2,0.01,0.4
10.0,2023.0,Italy,ITA,Wind onshore,0,GW,12.24,0.04,0.44
11.0,2023.0,Italy,ITA,Wind onshore,0,GW,12.25,0.01,0.45
12.0,2023.0,Italy,ITA,Wind onshore,0,GW,12.26,0.01,0.46
1.0,2024.0,Italy,ITA,Wind onshore,0,GW,12.3,0.04,0.04
2.0,2024.0,Italy,ITA,Wind onshore,0,GW,12.39,0.09,0.13
3.0,2024.0,Italy,ITA,Wind onshore,0,GW,12.41,0.02,0.15
4.0,2024.0,Italy,ITA,Wind onshore,0,GW,12.48,0.07,0.22
5.0,2024.0,Italy,ITA,Wind onshore,0,GW,12.53,0.05,0.27
6.0,2024.0,Italy,ITA,Wind onshore,0,GW,12.63,0.1,0.37
7.0,2024.0,Italy,ITA,Wind onshore,0,GW,12.71,0.08,0.45
8.0,2024.0,Italy,ITA,Wind onshore,0,GW,12.75,0.04,0.49
9.0,2024.0,Italy,ITA,Wind onshore,0,GW,12.77,0.02,0.51
10.0,2024.0,Italy,ITA,Wind onshore,0,GW,12.87,0.1,0.61
11.0,2024.0,Italy,ITA,Wind onshore,0,GW,12.87,0.0,0.61
12.0,2024.0,Italy,ITA,Wind onshore,0,GW,12.97,0.1,0.71
1.0,2025.0,Italy,ITA,Wind onshore,0,GW,12.97,0.0,0.0
2.0,2025.0,Italy,ITA,Wind onshore,0,GW,12.97,0.0,0.0
3.0,2025.0,Italy,ITA,Wind onshore,0,GW,13.17,0.2,0.2
4.0,2025.0,Italy,ITA,Wind onshore,0,GW,13.17,0.0,0.2
5.0,2025.0,Italy,ITA,Wind onshore,0,GW,13.27,0.1,0.3
6.0,2025.0,Italy,ITA,Wind onshore,0,GW,13.27,0.0,0.3
7.0,2025.0,Italy,ITA,Wind onshore,0,GW,13.37,0.1,0.4
1.0,2021.0,Italy,ITA,Wind,1,GW,10.9,,
2.0,2021.0,Italy,ITA,Wind,1,GW,10.88,-0.02,
3.0,2021.0,Italy,ITA,Wind,1,GW,10.88,0.0,
4.0,2021.0,Italy,ITA,Wind,1,GW,10.92,0.04,
5.0,2021.0,Italy,ITA,Wind,1,GW,10.93,0.01,
6.0,2021.0,Italy,ITA,Wind,1,GW,10.93,0.0,
7.0,2021.0,Italy,ITA,Wind,1,GW,10.98,0.05,
8.0,2021.0,Italy,ITA,Wind,1,GW,10.98,0.0,
9.0,2021.0,Italy,ITA,Wind,1,GW,11.04,0.06,
10.0,2021.0,Italy,ITA,Wind,1,GW,11.06,0.02,
11.0,2021.0,Italy,ITA,Wind,1,GW,11.11,0.05,
12.0,2021.0,Italy,ITA,Wind,1,GW,11.28,0.17,
1.0,2022.0,Italy,ITA,Wind,1,GW,11.3,0.02,0.02
2.0,2022.0,Italy,ITA,Wind,1,GW,11.3,0.0,0.02
3.0,2022.0,Italy,ITA,Wind,1,GW,11.31,0.01,0.03
4.0,2022.0,Italy,ITA,Wind,1,GW,11.31,0.0,0.03
5.0,2022.0,Italy,ITA,Wind,1,GW,11.37,0.06,0.09
6.0,2022.0,Italy,ITA,Wind,1,GW,11.42,0.05,0.14
7.0,2022.0,Italy,ITA,Wind,1,GW,11.46,0.04,0.18
8.0,2022.0,Italy,ITA,Wind,1,GW,11.59,0.13,0.31
9.0,2022.0,Italy,ITA,Wind,1,GW,11.67,0.08,0.39
10.0,2022.0,Italy,ITA,Wind,1,GW,11.74,0.07,0.46
11.0,2022.0,Italy,ITA,Wind,1,GW,11.75,0.01,0.47
12.0,2022.0,Italy,ITA,Wind,1,GW,11.83,0.08,0.55
1.0,2023.0,Italy,ITA,Wind,1,GW,11.8,-0.03,-0.03
2.0,2023.0,Italy,ITA,Wind,1,GW,11.9,0.1,0.07
3.0,2023.0,Italy,ITA,Wind,1,GW,11.95,0.05,0.12
4.0,2023.0,Italy,ITA,Wind,1,GW,12.0,0.05,0.17
5.0,2023.0,Italy,ITA,Wind,1,GW,12.05,0.05,0.22
6.0,2023.0,Italy,ITA,Wind,1,GW,12.07,0.02,0.24
7.0,2023.0,Italy,ITA,Wind,1,GW,12.14,0.07,0.31
8.0,2023.0,Italy,ITA,Wind,1,GW,12.22,0.08,0.39
9.0,2023.0,Italy,ITA,Wind,1,GW,12.23,0.01,0.4
10.0,2023.0,Italy,ITA,Wind,1,GW,12.27,0.04,0.44
11.0,2023.0,Italy,ITA,Wind,1,GW,12.28,0.01,0.45
12.0,2023.0,Italy,ITA,Wind,1,GW,12.29,0.01,0.46
1.0,2024.0,Italy,ITA,Wind,1,GW,12.33,0.04,0.04
2.0,2024.0,Italy,ITA,Wind,1,GW,12.42,0.09,0.13
3.0,2024.0,Italy,ITA,Wind,1,GW,12.44,0.02,0.15
4.0,2024.0,Italy,ITA,Wind,1,GW,12.51,0.07,0.22
5.0,2024.0,Italy,ITA,Wind,1,GW,12.56,0.05,0.27
6.0,2024.0,Italy,ITA,Wind,1,GW,12.66,0.1,0.37
7.0,2024.0,Italy,ITA,Wind,1,GW,12.74,0.08,0.45
8.0,2024.0,Italy,ITA,Wind,1,GW,12.78,0.04,0.49
9.0,2024.0,Italy,ITA,Wind,1,GW,12.8,0.02,0.51
10.0,2024.0,Italy,ITA,Wind,1,GW,12.9,0.1,0.61
11.0,2024.0,Italy,ITA,Wind,1,GW,12.9,0.0,0.61
12.0,2024.0,Italy,ITA,Wind,1,GW,13.0,0.1,0.71
1.0,2025.0,Italy,ITA,Wind,1,GW,13.0,0.0,0.0
2.0,2025.0,Italy,ITA,Wind,1,GW,13.0,0.0,0.0
3.0,2025.0,Italy,ITA,Wind,1,GW,13.2,0.2,0.2
4.0,2025.0,Italy,ITA,Wind,1,GW,13.2,0.0,0.2
5.0,2025.0,Italy,ITA,Wind,1,GW,13.3,0.1,0.3
6.0,2025.0,Italy,ITA,Wind,1,GW,13.3,0.0,0.3
7.0,2025.0,Italy,ITA,Wind,1,GW,13.4,0.1,0.4
1.0,2021.0,Italy,ITA,Wind and solar,1,GW,32.5,,
2.0,2021.0,Italy,ITA,Wind and solar,1,GW,32.54,0.04,
3.0,2021.0,Italy,ITA,Wind and solar,1,GW,32.6,0.06,
4.0,2021.0,Italy,ITA,Wind and solar,1,GW,32.71,0.11,
5.0,2021.0,Italy,ITA,Wind and solar,1,GW,32.81,0.1,
6.0,2021.0,Italy,ITA,Wind and solar,1,GW,32.88,0.07,
7.0,2021.0,Italy,ITA,Wind and solar,1,GW,33.03,0.15,
8.0,2021.0,Italy,ITA,Wind and solar,1,GW,33.11,0.08,
9.0,2021.0,Italy,ITA,Wind and solar,1,GW,33.26,0.15,
10.0,2021.0,Italy,ITA,Wind and solar,1,GW,33.38,0.12,
11.0,2021.0,Italy,ITA,Wind and solar,1,GW,33.5,0.12,
12.0,2021.0,Italy,ITA,Wind and solar,1,GW,33.76,0.26,
1.0,2022.0,Italy,ITA,Wind and solar,1,GW,33.89,0.13,0.13
2.0,2022.0,Italy,ITA,Wind and solar,1,GW,34.01,0.12,0.25
3.0,2022.0,Italy,ITA,Wind and solar,1,GW,34.17,0.16,0.41
4.0,2022.0,Italy,ITA,Wind and solar,1,GW,34.45,0.28,0.69
5.0,2022.0,Italy,ITA,Wind and solar,1,GW,34.68,0.23,0.92
6.0,2022.0,Italy,ITA,Wind and solar,1,GW,34.92,0.24,1.16
7.0,2022.0,Italy,ITA,Wind and solar,1,GW,35.23,0.31,1.47
8.0,2022.0,Italy,ITA,Wind and solar,1,GW,35.53,0.3,1.77
9.0,2022.0,Italy,ITA,Wind and solar,1,GW,35.79,0.26,2.03
10.0,2022.0,Italy,ITA,Wind and solar,1,GW,36.12,0.33,2.36
11.0,2022.0,Italy,ITA,Wind and solar,1,GW,36.43,0.31,2.67
12.0,2022.0,Italy,ITA,Wind and solar,1,GW,36.8,0.37,3.04
1.0,2023.0,Italy,ITA,Wind and solar,1,GW,37.06,0.26,0.26
2.0,2023.0,Italy,ITA,Wind and solar,1,GW,37.54,0.48,0.74
3.0,2023.0,Italy,ITA,Wind and solar,1,GW,37.97,0.43,1.17
4.0,2023.0,Italy,ITA,Wind and solar,1,GW,38.38,0.41,1.58
5.0,2023.0,Italy,ITA,Wind and solar,1,GW,38.87,0.49,2.07
6.0,2023.0,Italy,ITA,Wind and solar,1,GW,39.36,0.49,2.56
7.0,2023.0,Italy,ITA,Wind and solar,1,GW,39.83,0.47,3.03
8.0,2023.0,Italy,ITA,Wind and solar,1,GW,40.31,0.48,3.51
9.0,2023.0,Italy,ITA,Wind and solar,1,GW,40.74,0.43,3.94
10.0,2023.0,Italy,ITA,Wind and solar,1,GW,41.25,0.51,4.45
11.0,2023.0,Italy,ITA,Wind and solar,1,GW,41.75,0.5,4.95
12.0,2023.0,Italy,ITA,Wind and solar,1,GW,42.49,0.74,5.69
1.0,2024.0,Italy,ITA,Wind and solar,1,GW,43.18,0.69,0.69
2.0,2024.0,Italy,ITA,Wind and solar,1,GW,43.84,0.66,1.35
3.0,2024.0,Italy,ITA,Wind and solar,1,GW,44.36,0.52,1.87
4.0,2024.0,Italy,ITA,Wind and solar,1,GW,44.88,0.52,2.39
5.0,2024.0,Italy,ITA,Wind and solar,1,GW,45.53,0.65,3.04
6.0,2024.0,Italy,ITA,Wind and solar,1,GW,46.2,0.67,3.71
7.0,2024.0,Italy,ITA,Wind and solar,1,GW,46.79,0.59,4.3
8.0,2024.0,Italy,ITA,Wind and solar,1,GW,47.38,0.59,4.89
9.0,2024.0,Italy,ITA,Wind and solar,1,GW,47.9,0.52,5.41
10.0,2024.0,Italy,ITA,Wind and solar,1,GW,48.7,0.8,6.21
11.0,2024.0,Italy,ITA,Wind and solar,1,GW,49.3,0.6,6.81
12.0,2024.0,Italy,ITA,Wind and solar,1,GW,50.1,0.8,7.61
1.0,2025.0,Italy,ITA,Wind and solar,1,GW,50.5,0.4,0.4
2.0,2025.0,Italy,ITA,Wind and solar,1,GW,50.9,0.4,0.8
3.0,2025.0,Italy,ITA,Wind and solar,1,GW,51.7,0.8,1.6
4.0,2025.0,Italy,ITA,Wind and solar,1,GW,52.2,0.5,2.1
5.0,2025.0,Italy,ITA,Wind and solar,1,GW,52.8,0.6,2.7
6.0,2025.0,Italy,ITA,Wind and solar,1,GW,53.2,0.4,3.1
7.0,2025.0,Italy,ITA,Wind and solar,1,GW,53.8,0.6,3.7
1.0,2016.0,Japan,JPN,Solar,0,GWAC,27.24,0.97,0.97
2.0,2016.0,Japan,JPN,Solar,0,GWAC,28.22,0.98,1.95
3.0,2016.0,Japan,JPN,Solar,0,GWAC,29.2,0.98,2.93
4.0,2016.0,Japan,JPN,Solar,0,GWAC,30.17,0.97,3.9
5.0,2016.0,Japan,JPN,Solar,0,GWAC,30.4,0.23,4.13
6.0,2016.0,Japan,JPN,Solar,0,GWAC,30.64,0.24,4.37
7.0,2016.0,Japan,JPN,Solar,0,GWAC,30.95,0.31,4.68
8.0,2016.0,Japan,JPN,Solar,0,GWAC,31.26,0.31,4.99
9.0,2016.0,Japan,JPN,Solar,0,GWAC,31.55,0.29,5.28
10.0,2016.0,Japan,JPN,Solar,0,GWAC,31.79,0.24,5.52
11.0,2016.0,Japan,JPN,Solar,0,GWAC,32.05,0.26,5.78
12.0,2016.0,Japan,JPN,Solar,0,GWAC,32.34,0.29,6.07
1.0,2017.0,Japan,JPN,Solar,0,GWAC,32.79,0.45,0.45
2.0,2017.0,Japan,JPN,Solar,0,GWAC,33.3,0.51,0.96
3.0,2017.0,Japan,JPN,Solar,0,GWAC,33.76,0.46,1.42
4.0,2017.0,Japan,JPN,Solar,0,GWAC,34.33,0.57,1.99
5.0,2017.0,Japan,JPN,Solar,0,GWAC,34.89,0.56,2.55
6.0,2017.0,Japan,JPN,Solar,0,GWAC,35.45,0.56,3.11
7.0,2017.0,Japan,JPN,Solar,0,GWAC,36.02,0.57,3.68
8.0,2017.0,Japan,JPN,Solar,0,GWAC,36.55,0.53,4.21
9.0,2017.0,Japan,JPN,Solar,0,GWAC,37.05,0.5,4.71
10.0,2017.0,Japan,JPN,Solar,0,GWAC,37.39,0.34,5.05
11.0,2017.0,Japan,JPN,Solar,0,GWAC,37.73,0.34,5.39
12.0,2017.0,Japan,JPN,Solar,0,GWAC,38.08,0.35,5.74
1.0,2018.0,Japan,JPN,Solar,0,GWAC,38.5,0.42,0.42
2.0,2018.0,Japan,JPN,Solar,0,GWAC,38.95,0.45,0.87
3.0,2018.0,Japan,JPN,Solar,0,GWAC,39.23,0.28,1.15
4.0,2018.0,Japan,JPN,Solar,0,GWAC,39.73,0.5,1.65
5.0,2018.0,Japan,JPN,Solar,0,GWAC,40.2,0.47,2.12
6.0,2018.0,Japan,JPN,Solar,0,GWAC,40.66,0.46,2.58
7.0,2018.0,Japan,JPN,Solar,0,GWAC,40.92,0.26,2.84
8.0,2018.0,Japan,JPN,Solar,0,GWAC,41.26,0.34,3.18
9.0,2018.0,Japan,JPN,Solar,0,GWAC,41.54,0.28,3.46
10.0,2018.0,Japan,JPN,Solar,0,GWAC,42.1,0.56,4.02
11.0,2018.0,Japan,JPN,Solar,0,GWAC,42.56,0.46,4.48
12.0,2018.0,Japan,JPN,Solar,0,GWAC,43.2,0.64,5.12
1.0,2019.0,Japan,JPN,Solar,0,GWAC,43.69,0.49,0.49
2.0,2019.0,Japan,JPN,Solar,0,GWAC,44.06,0.37,0.86
3.0,2019.0,Japan,JPN,Solar,0,GWAC,44.76,0.7,1.56
4.0,2019.0,Japan,JPN,Solar,0,GWAC,45.42,0.66,2.22
5.0,2019.0,Japan,JPN,Solar,0,GWAC,45.82,0.4,2.62
6.0,2019.0,Japan,JPN,Solar,0,GWAC,46.15,0.33,2.95
7.0,2019.0,Japan,JPN,Solar,0,GWAC,46.44,0.29,3.24
8.0,2019.0,Japan,JPN,Solar,0,GWAC,46.87,0.43,3.67
9.0,2019.0,Japan,JPN,Solar,0,GWAC,47.24,0.37,4.04
10.0,2019.0,Japan,JPN,Solar,0,GWAC,47.8,0.56,4.6
11.0,2019.0,Japan,JPN,Solar,0,GWAC,47.99,0.19,4.79
12.0,2019.0,Japan,JPN,Solar,0,GWAC,48.61,0.62,5.41
1.0,2020.0,Japan,JPN,Solar,0,GWAC,49.29,0.68,0.68
2.0,2020.0,Japan,JPN,Solar,0,GWAC,49.77,0.48,1.16
3.0,2020.0,Japan,JPN,Solar,0,GWAC,50.74,0.97,2.13
4.0,2020.0,Japan,JPN,Solar,0,GWAC,51.34,0.6,2.73
5.0,2020.0,Japan,JPN,Solar,0,GWAC,51.88,0.54,3.27
6.0,2020.0,Japan,JPN,Solar,0,GWAC,52.34,0.46,3.73
7.0,2020.0,Japan,JPN,Solar,0,GWAC,52.78,0.44,4.17
8.0,2020.0,Japan,JPN,Solar,0,GWAC,53.22,0.44,4.61
9.0,2020.0,Japan,JPN,Solar,0,GWAC,53.6,0.38,4.99
10.0,2020.0,Japan,JPN,Solar,0,GWAC,54.19,0.59,5.58
11.0,2020.0,Japan,JPN,Solar,0,GWAC,54.79,0.6,6.18
12.0,2020.0,Japan,JPN,Solar,0,GWAC,55.28,0.49,6.67
1.0,2021.0,Japan,JPN,Solar,0,GWAC,55.74,0.46,0.46
2.0,2021.0,Japan,JPN,Solar,0,GWAC,56.17,0.43,0.89
3.0,2021.0,Japan,JPN,Solar,0,GWAC,56.6,0.43,1.32
4.0,2021.0,Japan,JPN,Solar,0,GWAC,57.04,0.44,1.76
5.0,2021.0,Japan,JPN,Solar,0,GWAC,57.44,0.4,2.16
6.0,2021.0,Japan,JPN,Solar,0,GWAC,57.8,0.36,2.52
7.0,2021.0,Japan,JPN,Solar,0,GWAC,58.17,0.37,2.89
8.0,2021.0,Japan,JPN,Solar,0,GWAC,58.65,0.48,3.37
9.0,2021.0,Japan,JPN,Solar,0,GWAC,59.09,0.44,3.81
10.0,2021.0,Japan,JPN,Solar,0,GWAC,59.51,0.42,4.23
11.0,2021.0,Japan,JPN,Solar,0,GWAC,59.6,0.09,4.32
12.0,2021.0,Japan,JPN,Solar,0,GWAC,60.32,0.72,5.04
1.0,2022.0,Japan,JPN,Solar,0,GWAC,60.86,0.54,0.54
2.0,2022.0,Japan,JPN,Solar,0,GWAC,61.3,0.44,0.98
3.0,2022.0,Japan,JPN,Solar,0,GWAC,61.47,0.17,1.15
4.0,2022.0,Japan,JPN,Solar,0,GWAC,62.16,0.69,1.84
5.0,2022.0,Japan,JPN,Solar,0,GWAC,62.58,0.42,2.26
6.0,2022.0,Japan,JPN,Solar,0,GWAC,62.96,0.38,2.64
7.0,2022.0,Japan,JPN,Solar,0,GWAC,63.36,0.4,3.04
8.0,2022.0,Japan,JPN,Solar,0,GWAC,63.73,0.37,3.41
9.0,2022.0,Japan,JPN,Solar,0,GWAC,64.24,0.51,3.92
10.0,2022.0,Japan,JPN,Solar,0,GWAC,64.64,0.4,4.32
11.0,2022.0,Japan,JPN,Solar,0,GWAC,64.97,0.33,4.65
12.0,2022.0,Japan,JPN,Solar,0,GWAC,65.44,0.47,5.12
1.0,2023.0,Japan,JPN,Solar,0,GWAC,65.72,0.28,0.28
2.0,2023.0,Japan,JPN,Solar,0,GWAC,66.08,0.36,0.64
3.0,2023.0,Japan,JPN,Solar,0,GWAC,66.36,0.28,0.92
4.0,2023.0,Japan,JPN,Solar,0,GWAC,66.86,0.5,1.42
5.0,2023.0,Japan,JPN,Solar,0,GWAC,67.06,0.2,1.62
6.0,2023.0,Japan,JPN,Solar,0,GWAC,67.21,0.15,1.77
7.0,2023.0,Japan,JPN,Solar,0,GWAC,67.49,0.28,2.05
8.0,2023.0,Japan,JPN,Solar,0,GWAC,67.57,0.08,2.13
9.0,2023.0,Japan,JPN,Solar,0,GWAC,67.73,0.16,2.29
10.0,2023.0,Japan,JPN,Solar,0,GWAC,67.91,0.18,2.47
11.0,2023.0,Japan,JPN,Solar,0,GWAC,68.31,0.4,2.87
12.0,2023.0,Japan,JPN,Solar,0,GWAC,68.52,0.21,3.08
1.0,2024.0,Japan,JPN,Solar,0,GWAC,68.68,0.16,0.16
2.0,2024.0,Japan,JPN,Solar,0,GWAC,68.94,0.26,0.42
3.0,2024.0,Japan,JPN,Solar,0,GWAC,69.26,0.32,0.74
4.0,2024.0,Japan,JPN,Solar,0,GWAC,68.97,-0.29,0.45
5.0,2024.0,Japan,JPN,Solar,0,GWAC,68.86,-0.11,0.34
6.0,2024.0,Japan,JPN,Solar,0,GWAC,69.1,0.24,0.58
7.0,2024.0,Japan,JPN,Solar,0,GWAC,69.19,0.09,0.67
8.0,2024.0,Japan,JPN,Solar,0,GWAC,69.4,0.21,0.88
9.0,2024.0,Japan,JPN,Solar,0,GWAC,69.59,0.19,1.07
10.0,2024.0,Japan,JPN,Solar,0,GWAC,69.86,0.27,1.34
11.0,2024.0,Japan,JPN,Solar,0,GWAC,70.19,0.33,1.67
12.0,2024.0,Japan,JPN,Solar,0,GWAC,70.47,0.28,1.95
1.0,2025.0,Japan,JPN,Solar,0,GWAC,70.74,0.27,0.27
2.0,2025.0,Japan,JPN,Solar,0,GWAC,71.0,0.26,0.53
3.0,2025.0,Japan,JPN,Solar,0,GWAC,71.26,0.26,0.79
4.0,2025.0,Japan,JPN,Solar,0,GWAC,71.54,0.28,1.07
1.0,2016.0,Japan,JPN,Solar,0,GWDC,35.42,1.27,1.27
2.0,2016.0,Japan,JPN,Solar,0,GWDC,36.69,1.27,2.54
3.0,2016.0,Japan,JPN,Solar,0,GWDC,37.95,1.26,3.8
4.0,2016.0,Japan,JPN,Solar,0,GWDC,39.22,1.27,5.07
5.0,2016.0,Japan,JPN,Solar,0,GWDC,39.52,0.3,5.37
6.0,2016.0,Japan,JPN,Solar,0,GWDC,39.83,0.31,5.68
7.0,2016.0,Japan,JPN,Solar,0,GWDC,40.24,0.41,6.09
8.0,2016.0,Japan,JPN,Solar,0,GWDC,40.64,0.4,6.49
9.0,2016.0,Japan,JPN,Solar,0,GWDC,41.01,0.37,6.86
10.0,2016.0,Japan,JPN,Solar,0,GWDC,41.33,0.32,7.18
11.0,2016.0,Japan,JPN,Solar,0,GWDC,41.67,0.34,7.52
12.0,2016.0,Japan,JPN,Solar,0,GWDC,42.04,0.37,7.89
1.0,2017.0,Japan,JPN,Solar,0,GWDC,42.62,0.58,0.58
2.0,2017.0,Japan,JPN,Solar,0,GWDC,43.3,0.68,1.26
3.0,2017.0,Japan,JPN,Solar,0,GWDC,43.89,0.59,1.85
4.0,2017.0,Japan,JPN,Solar,0,GWDC,44.63,0.74,2.59
5.0,2017.0,Japan,JPN,Solar,0,GWDC,45.36,0.73,3.32
6.0,2017.0,Japan,JPN,Solar,0,GWDC,46.08,0.72,4.04
7.0,2017.0,Japan,JPN,Solar,0,GWDC,46.82,0.74,4.78
8.0,2017.0,Japan,JPN,Solar,0,GWDC,47.52,0.7,5.48
9.0,2017.0,Japan,JPN,Solar,0,GWDC,48.17,0.65,6.13
10.0,2017.0,Japan,JPN,Solar,0,GWDC,48.61,0.44,6.57
11.0,2017.0,Japan,JPN,Solar,0,GWDC,49.05,0.44,7.01
12.0,2017.0,Japan,JPN,Solar,0,GWDC,49.5,0.45,7.46
1.0,2018.0,Japan,JPN,Solar,0,GWDC,50.04,0.54,0.54
2.0,2018.0,Japan,JPN,Solar,0,GWDC,50.64,0.6,1.14
3.0,2018.0,Japan,JPN,Solar,0,GWDC,51.0,0.36,1.5
4.0,2018.0,Japan,JPN,Solar,0,GWDC,51.65,0.65,2.15
5.0,2018.0,Japan,JPN,Solar,0,GWDC,52.25,0.6,2.75
6.0,2018.0,Japan,JPN,Solar,0,GWDC,52.86,0.61,3.36
7.0,2018.0,Japan,JPN,Solar,0,GWDC,53.2,0.34,3.7
8.0,2018.0,Japan,JPN,Solar,0,GWDC,53.63,0.43,4.13
9.0,2018.0,Japan,JPN,Solar,0,GWDC,54.01,0.38,4.51
10.0,2018.0,Japan,JPN,Solar,0,GWDC,54.73,0.72,5.23
11.0,2018.0,Japan,JPN,Solar,0,GWDC,55.33,0.6,5.83
12.0,2018.0,Japan,JPN,Solar,0,GWDC,56.16,0.83,6.66
1.0,2019.0,Japan,JPN,Solar,0,GWDC,56.8,0.64,0.64
2.0,2019.0,Japan,JPN,Solar,0,GWDC,57.28,0.48,1.12
3.0,2019.0,Japan,JPN,Solar,0,GWDC,58.18,0.9,2.02
4.0,2019.0,Japan,JPN,Solar,0,GWDC,59.05,0.87,2.89
5.0,2019.0,Japan,JPN,Solar,0,GWDC,59.57,0.52,3.41
6.0,2019.0,Japan,JPN,Solar,0,GWDC,60.0,0.43,3.84
7.0,2019.0,Japan,JPN,Solar,0,GWDC,60.38,0.38,4.22
8.0,2019.0,Japan,JPN,Solar,0,GWDC,60.93,0.55,4.77
9.0,2019.0,Japan,JPN,Solar,0,GWDC,61.41,0.48,5.25
10.0,2019.0,Japan,JPN,Solar,0,GWDC,62.14,0.73,5.98
11.0,2019.0,Japan,JPN,Solar,0,GWDC,62.38,0.24,6.22
12.0,2019.0,Japan,JPN,Solar,0,GWDC,63.19,0.81,7.03
1.0,2020.0,Japan,JPN,Solar,0,GWDC,64.07,0.88,0.88
2.0,2020.0,Japan,JPN,Solar,0,GWDC,64.7,0.63,1.51
3.0,2020.0,Japan,JPN,Solar,0,GWDC,65.96,1.26,2.77
4.0,2020.0,Japan,JPN,Solar,0,GWDC,66.75,0.79,3.56
5.0,2020.0,Japan,JPN,Solar,0,GWDC,67.45,0.7,4.26
6.0,2020.0,Japan,JPN,Solar,0,GWDC,68.05,0.6,4.86
7.0,2020.0,Japan,JPN,Solar,0,GWDC,68.62,0.57,5.43
8.0,2020.0,Japan,JPN,Solar,0,GWDC,69.19,0.57,6.0
9.0,2020.0,Japan,JPN,Solar,0,GWDC,69.68,0.49,6.49
10.0,2020.0,Japan,JPN,Solar,0,GWDC,70.44,0.76,7.25
11.0,2020.0,Japan,JPN,Solar,0,GWDC,71.23,0.79,8.04
12.0,2020.0,Japan,JPN,Solar,0,GWDC,71.87,0.64,8.68
1.0,2021.0,Japan,JPN,Solar,0,GWDC,72.46,0.59,0.59
2.0,2021.0,Japan,JPN,Solar,0,GWDC,73.02,0.56,1.15
3.0,2021.0,Japan,JPN,Solar,0,GWDC,73.58,0.56,1.71
4.0,2021.0,Japan,JPN,Solar,0,GWDC,74.15,0.57,2.28
5.0,2021.0,Japan,JPN,Solar,0,GWDC,74.67,0.52,2.8
6.0,2021.0,Japan,JPN,Solar,0,GWDC,75.14,0.47,3.27
7.0,2021.0,Japan,JPN,Solar,0,GWDC,75.62,0.48,3.75
8.0,2021.0,Japan,JPN,Solar,0,GWDC,76.25,0.63,4.38
9.0,2021.0,Japan,JPN,Solar,0,GWDC,76.82,0.57,4.95
10.0,2021.0,Japan,JPN,Solar,0,GWDC,77.36,0.54,5.49
11.0,2021.0,Japan,JPN,Solar,0,GWDC,77.48,0.12,5.61
12.0,2021.0,Japan,JPN,Solar,0,GWDC,78.41,0.93,6.54
1.0,2022.0,Japan,JPN,Solar,0,GWDC,79.12,0.71,0.71
2.0,2022.0,Japan,JPN,Solar,0,GWDC,79.69,0.57,1.28
3.0,2022.0,Japan,JPN,Solar,0,GWDC,79.92,0.23,1.51
4.0,2022.0,Japan,JPN,Solar,0,GWDC,80.81,0.89,2.4
5.0,2022.0,Japan,JPN,Solar,0,GWDC,81.35,0.54,2.94
6.0,2022.0,Japan,JPN,Solar,0,GWDC,81.85,0.5,3.44
7.0,2022.0,Japan,JPN,Solar,0,GWDC,82.36,0.51,3.95
8.0,2022.0,Japan,JPN,Solar,0,GWDC,82.85,0.49,4.44
9.0,2022.0,Japan,JPN,Solar,0,GWDC,83.52,0.67,5.11
10.0,2022.0,Japan,JPN,Solar,0,GWDC,84.03,0.51,5.62
11.0,2022.0,Japan,JPN,Solar,0,GWDC,84.47,0.44,6.06
12.0,2022.0,Japan,JPN,Solar,0,GWDC,85.07,0.6,6.66
1.0,2023.0,Japan,JPN,Solar,0,GWDC,85.43,0.36,0.36
2.0,2023.0,Japan,JPN,Solar,0,GWDC,85.9,0.47,0.83
3.0,2023.0,Japan,JPN,Solar,0,GWDC,86.27,0.37,1.2
4.0,2023.0,Japan,JPN,Solar,0,GWDC,86.92,0.65,1.85
5.0,2023.0,Japan,JPN,Solar,0,GWDC,87.17,0.25,2.1
6.0,2023.0,Japan,JPN,Solar,0,GWDC,87.37,0.2,2.3
7.0,2023.0,Japan,JPN,Solar,0,GWDC,87.74,0.37,2.67
8.0,2023.0,Japan,JPN,Solar,0,GWDC,87.84,0.1,2.77
9.0,2023.0,Japan,JPN,Solar,0,GWDC,88.05,0.21,2.98
10.0,2023.0,Japan,JPN,Solar,0,GWDC,88.28,0.23,3.21
11.0,2023.0,Japan,JPN,Solar,0,GWDC,88.8,0.52,3.73
12.0,2023.0,Japan,JPN,Solar,0,GWDC,89.08,0.28,4.01
1.0,2024.0,Japan,JPN,Solar,0,GWDC,89.28,0.2,0.2
2.0,2024.0,Japan,JPN,Solar,0,GWDC,89.62,0.34,0.54
3.0,2024.0,Japan,JPN,Solar,0,GWDC,90.04,0.42,0.96
4.0,2024.0,Japan,JPN,Solar,0,GWDC,89.66,-0.38,0.58
5.0,2024.0,Japan,JPN,Solar,0,GWDC,89.52,-0.14,0.44
6.0,2024.0,Japan,JPN,Solar,0,GWDC,89.83,0.31,0.75
7.0,2024.0,Japan,JPN,Solar,0,GWDC,89.94,0.11,0.86
8.0,2024.0,Japan,JPN,Solar,0,GWDC,90.22,0.28,1.14
9.0,2024.0,Japan,JPN,Solar,0,GWDC,90.47,0.25,1.39
10.0,2024.0,Japan,JPN,Solar,0,GWDC,90.82,0.35,1.74
11.0,2024.0,Japan,JPN,Solar,0,GWDC,91.24,0.42,2.16
12.0,2024.0,Japan,JPN,Solar,0,GWDC,91.61,0.37,2.53
1.0,2025.0,Japan,JPN,Solar,0,GWDC,91.97,0.36,0.36
2.0,2025.0,Japan,JPN,Solar,0,GWDC,92.3,0.33,0.69
3.0,2025.0,Japan,JPN,Solar,0,GWDC,92.64,0.34,1.03
4.0,2025.0,Japan,JPN,Solar,0,GWDC,93.0,0.36,1.39
1.0,2016.0,Japan,JPN,Wind offshore,0,GW,0.0,0.0,0.0
2.0,2016.0,Japan,JPN,Wind offshore,0,GW,0.0,0.0,0.0
3.0,2016.0,Japan,JPN,Wind offshore,0,GW,0.0,0.0,0.0
4.0,2016.0,Japan,JPN,Wind offshore,0,GW,0.0,0.0,0.0
5.0,2016.0,Japan,JPN,Wind offshore,0,GW,0.0,0.0,0.0
6.0,2016.0,Japan,JPN,Wind offshore,0,GW,0.0,0.0,0.0
7.0,2016.0,Japan,JPN,Wind offshore,0,GW,0.0,0.0,0.0
8.0,2016.0,Japan,JPN,Wind offshore,0,GW,0.0,0.0,0.0
9.0,2016.0,Japan,JPN,Wind offshore,0,GW,0.0,0.0,0.0
10.0,2016.0,Japan,JPN,Wind offshore,0,GW,0.0,0.0,0.0
11.0,2016.0,Japan,JPN,Wind offshore,0,GW,0.0,0.0,0.0
12.0,2016.0,Japan,JPN,Wind offshore,0,GW,0.0,0.0,0.0
1.0,2017.0,Japan,JPN,Wind offshore,0,GW,0.0,0.0,0.0
2.0,2017.0,Japan,JPN,Wind offshore,0,GW,0.0,0.0,0.0
3.0,2017.0,Japan,JPN,Wind offshore,0,GW,0.0,0.0,0.0
4.0,2017.0,Japan,JPN,Wind offshore,0,GW,0.0,0.0,0.0
5.0,2017.0,Japan,JPN,Wind offshore,0,GW,0.0,0.0,0.0
6.0,2017.0,Japan,JPN,Wind offshore,0,GW,0.0,0.0,0.0
7.0,2017.0,Japan,JPN,Wind offshore,0,GW,0.0,0.0,0.0
8.0,2017.0,Japan,JPN,Wind offshore,0,GW,0.0,0.0,0.0
9.0,2017.0,Japan,JPN,Wind offshore,0,GW,0.0,0.0,0.0
10.0,2017.0,Japan,JPN,Wind offshore,0,GW,0.0,0.0,0.0
11.0,2017.0,Japan,JPN,Wind offshore,0,GW,0.0,0.0,0.0
12.0,2017.0,Japan,JPN,Wind offshore,0,GW,0.0,0.0,0.0
1.0,2018.0,Japan,JPN,Wind offshore,0,GW,0.0,0.0,0.0
2.0,2018.0,Japan,JPN,Wind offshore,0,GW,0.0,0.0,0.0
3.0,2018.0,Japan,JPN,Wind offshore,0,GW,0.0,0.0,0.0
4.0,2018.0,Japan,JPN,Wind offshore,0,GW,0.0,0.0,0.0
5.0,2018.0,Japan,JPN,Wind offshore,0,GW,0.0,0.0,0.0
6.0,2018.0,Japan,JPN,Wind offshore,0,GW,0.0,0.0,0.0
7.0,2018.0,Japan,JPN,Wind offshore,0,GW,0.0,0.0,0.0
8.0,2018.0,Japan,JPN,Wind offshore,0,GW,0.0,0.0,0.0
9.0,2018.0,Japan,JPN,Wind offshore,0,GW,0.0,0.0,0.0
10.0,2018.0,Japan,JPN,Wind offshore,0,GW,0.0,0.0,0.0
11.0,2018.0,Japan,JPN,Wind offshore,0,GW,0.0,0.0,0.0
12.0,2018.0,Japan,JPN,Wind offshore,0,GW,0.0,0.0,0.0
1.0,2019.0,Japan,JPN,Wind offshore,0,GW,0.0,0.0,0.0
2.0,2019.0,Japan,JPN,Wind offshore,0,GW,0.0,0.0,0.0
3.0,2019.0,Japan,JPN,Wind offshore,0,GW,0.0,0.0,0.0
4.0,2019.0,Japan,JPN,Wind offshore,0,GW,0.0,0.0,0.0
5.0,2019.0,Japan,JPN,Wind offshore,0,GW,0.01,0.01,0.01
6.0,2019.0,Japan,JPN,Wind offshore,0,GW,0.01,0.0,0.01
7.0,2019.0,Japan,JPN,Wind offshore,0,GW,0.01,0.0,0.01
8.0,2019.0,Japan,JPN,Wind offshore,0,GW,0.01,0.0,0.01
9.0,2019.0,Japan,JPN,Wind offshore,0,GW,0.01,0.0,0.01
10.0,2019.0,Japan,JPN,Wind offshore,0,GW,0.01,0.0,0.01
11.0,2019.0,Japan,JPN,Wind offshore,0,GW,0.01,0.0,0.01
12.0,2019.0,Japan,JPN,Wind offshore,0,GW,0.01,0.0,0.01
1.0,2020.0,Japan,JPN,Wind offshore,0,GW,0.01,0.0,0.0
2.0,2020.0,Japan,JPN,Wind offshore,0,GW,0.01,0.0,0.0
3.0,2020.0,Japan,JPN,Wind offshore,0,GW,0.01,0.0,0.0
4.0,2020.0,Japan,JPN,Wind offshore,0,GW,0.01,0.0,0.0
5.0,2020.0,Japan,JPN,Wind offshore,0,GW,0.01,0.0,0.0
6.0,2020.0,Japan,JPN,Wind offshore,0,GW,0.01,0.0,0.0
7.0,2020.0,Japan,JPN,Wind offshore,0,GW,0.01,0.0,0.0
8.0,2020.0,Japan,JPN,Wind offshore,0,GW,0.01,0.0,0.0
9.0,2020.0,Japan,JPN,Wind offshore,0,GW,0.01,0.0,0.0
10.0,2020.0,Japan,JPN,Wind offshore,0,GW,0.01,0.0,0.0
11.0,2020.0,Japan,JPN,Wind offshore,0,GW,0.01,0.0,0.0
12.0,2020.0,Japan,JPN,Wind offshore,0,GW,0.01,0.0,0.0
1.0,2021.0,Japan,JPN,Wind offshore,0,GW,0.01,0.0,0.0
2.0,2021.0,Japan,JPN,Wind offshore,0,GW,0.01,0.0,0.0
3.0,2021.0,Japan,JPN,Wind offshore,0,GW,0.01,0.0,0.0
4.0,2021.0,Japan,JPN,Wind offshore,0,GW,0.01,0.0,0.0
5.0,2021.0,Japan,JPN,Wind offshore,0,GW,0.01,0.0,0.0
6.0,2021.0,Japan,JPN,Wind offshore,0,GW,0.01,0.0,0.0
7.0,2021.0,Japan,JPN,Wind offshore,0,GW,0.01,0.0,0.0
8.0,2021.0,Japan,JPN,Wind offshore,0,GW,0.01,0.0,0.0
9.0,2021.0,Japan,JPN,Wind offshore,0,GW,0.01,0.0,0.0
10.0,2021.0,Japan,JPN,Wind offshore,0,GW,0.01,0.0,0.0
11.0,2021.0,Japan,JPN,Wind offshore,0,GW,0.01,0.0,0.0
12.0,2021.0,Japan,JPN,Wind offshore,0,GW,0.01,0.0,0.0
1.0,2022.0,Japan,JPN,Wind offshore,0,GW,0.01,0.0,0.0
2.0,2022.0,Japan,JPN,Wind offshore,0,GW,0.01,0.0,0.0
3.0,2022.0,Japan,JPN,Wind offshore,0,GW,0.01,0.0,0.0
4.0,2022.0,Japan,JPN,Wind offshore,0,GW,0.01,0.0,0.0
5.0,2022.0,Japan,JPN,Wind offshore,0,GW,0.01,0.0,0.0
6.0,2022.0,Japan,JPN,Wind offshore,0,GW,0.01,0.0,0.0
7.0,2022.0,Japan,JPN,Wind offshore,0,GW,0.01,0.0,0.0
8.0,2022.0,Japan,JPN,Wind offshore,0,GW,0.01,0.0,0.0
9.0,2022.0,Japan,JPN,Wind offshore,0,GW,0.01,0.0,0.0
10.0,2022.0,Japan,JPN,Wind offshore,0,GW,0.01,0.0,0.0
11.0,2022.0,Japan,JPN,Wind offshore,0,GW,0.01,0.0,0.0
12.0,2022.0,Japan,JPN,Wind offshore,0,GW,0.09,0.08,0.08
1.0,2023.0,Japan,JPN,Wind offshore,0,GW,0.15,0.06,0.06
2.0,2023.0,Japan,JPN,Wind offshore,0,GW,0.15,0.0,0.06
3.0,2023.0,Japan,JPN,Wind offshore,0,GW,0.15,0.0,0.06
4.0,2023.0,Japan,JPN,Wind offshore,0,GW,0.15,0.0,0.06
5.0,2023.0,Japan,JPN,Wind offshore,0,GW,0.15,0.0,0.06
6.0,2023.0,Japan,JPN,Wind offshore,0,GW,0.15,0.0,0.06
7.0,2023.0,Japan,JPN,Wind offshore,0,GW,0.15,0.0,0.06
8.0,2023.0,Japan,JPN,Wind offshore,0,GW,0.15,0.0,0.06
9.0,2023.0,Japan,JPN,Wind offshore,0,GW,0.15,0.0,0.06
10.0,2023.0,Japan,JPN,Wind offshore,0,GW,0.15,0.0,0.06
11.0,2023.0,Japan,JPN,Wind offshore,0,GW,0.15,0.0,0.06
12.0,2023.0,Japan,JPN,Wind offshore,0,GW,0.15,0.0,0.06
1.0,2024.0,Japan,JPN,Wind offshore,0,GW,0.25,0.1,0.1
2.0,2024.0,Japan,JPN,Wind offshore,0,GW,0.25,0.0,0.1
3.0,2024.0,Japan,JPN,Wind offshore,0,GW,0.25,0.0,0.1
4.0,2024.0,Japan,JPN,Wind offshore,0,GW,0.25,0.0,0.1
5.0,2024.0,Japan,JPN,Wind offshore,0,GW,0.25,0.0,0.1
6.0,2024.0,Japan,JPN,Wind offshore,0,GW,0.25,0.0,0.1
7.0,2024.0,Japan,JPN,Wind offshore,0,GW,0.25,0.0,0.1
8.0,2024.0,Japan,JPN,Wind offshore,0,GW,0.25,0.0,0.1
9.0,2024.0,Japan,JPN,Wind offshore,0,GW,0.25,0.0,0.1
10.0,2024.0,Japan,JPN,Wind offshore,0,GW,0.25,0.0,0.1
11.0,2024.0,Japan,JPN,Wind offshore,0,GW,0.25,0.0,0.1
12.0,2024.0,Japan,JPN,Wind offshore,0,GW,0.25,0.0,0.1
1.0,2025.0,Japan,JPN,Wind offshore,0,GW,0.25,0.0,0.0
2.0,2025.0,Japan,JPN,Wind offshore,0,GW,0.25,0.0,0.0
3.0,2025.0,Japan,JPN,Wind offshore,0,GW,0.25,0.0,0.0
4.0,2025.0,Japan,JPN,Wind offshore,0,GW,0.25,0.0,0.0
1.0,2016.0,Japan,JPN,Wind onshore,0,GW,2.81,0.0,0.0
2.0,2016.0,Japan,JPN,Wind onshore,0,GW,2.81,0.0,0.0
3.0,2016.0,Japan,JPN,Wind onshore,0,GW,2.81,0.0,0.0
4.0,2016.0,Japan,JPN,Wind onshore,0,GW,3.2,0.39,0.39
5.0,2016.0,Japan,JPN,Wind onshore,0,GW,3.2,0.0,0.39
6.0,2016.0,Japan,JPN,Wind onshore,0,GW,3.22,0.02,0.41
7.0,2016.0,Japan,JPN,Wind onshore,0,GW,3.2,-0.02,0.39
8.0,2016.0,Japan,JPN,Wind onshore,0,GW,3.2,0.0,0.39
9.0,2016.0,Japan,JPN,Wind onshore,0,GW,3.19,-0.01,0.38
10.0,2016.0,Japan,JPN,Wind onshore,0,GW,3.2,0.01,0.39
11.0,2016.0,Japan,JPN,Wind onshore,0,GW,3.2,0.0,0.39
12.0,2016.0,Japan,JPN,Wind onshore,0,GW,3.2,0.0,0.39
1.0,2017.0,Japan,JPN,Wind onshore,0,GW,3.2,0.0,0.0
2.0,2017.0,Japan,JPN,Wind onshore,0,GW,3.32,0.12,0.12
3.0,2017.0,Japan,JPN,Wind onshore,0,GW,3.31,-0.01,0.11
4.0,2017.0,Japan,JPN,Wind onshore,0,GW,3.4,0.09,0.2
5.0,2017.0,Japan,JPN,Wind onshore,0,GW,3.47,0.07,0.27
6.0,2017.0,Japan,JPN,Wind onshore,0,GW,3.47,0.0,0.27
7.0,2017.0,Japan,JPN,Wind onshore,0,GW,3.47,0.0,0.27
8.0,2017.0,Japan,JPN,Wind onshore,0,GW,3.47,0.0,0.27
9.0,2017.0,Japan,JPN,Wind onshore,0,GW,3.47,0.0,0.27
10.0,2017.0,Japan,JPN,Wind onshore,0,GW,3.48,0.01,0.28
11.0,2017.0,Japan,JPN,Wind onshore,0,GW,3.48,0.0,0.28
12.0,2017.0,Japan,JPN,Wind onshore,0,GW,3.48,0.0,0.28
1.0,2018.0,Japan,JPN,Wind onshore,0,GW,3.48,0.0,0.0
2.0,2018.0,Japan,JPN,Wind onshore,0,GW,3.49,0.01,0.01
3.0,2018.0,Japan,JPN,Wind onshore,0,GW,3.49,0.0,0.01
4.0,2018.0,Japan,JPN,Wind onshore,0,GW,3.49,0.0,0.01
5.0,2018.0,Japan,JPN,Wind onshore,0,GW,3.49,0.0,0.01
6.0,2018.0,Japan,JPN,Wind onshore,0,GW,3.49,0.0,0.01
7.0,2018.0,Japan,JPN,Wind onshore,0,GW,3.49,0.0,0.01
8.0,2018.0,Japan,JPN,Wind onshore,0,GW,3.49,0.0,0.01
9.0,2018.0,Japan,JPN,Wind onshore,0,GW,3.49,0.0,0.01
10.0,2018.0,Japan,JPN,Wind onshore,0,GW,3.49,0.0,0.01
11.0,2018.0,Japan,JPN,Wind onshore,0,GW,3.49,0.0,0.01
12.0,2018.0,Japan,JPN,Wind onshore,0,GW,3.5,0.01,0.02
1.0,2019.0,Japan,JPN,Wind onshore,0,GW,3.5,0.0,0.0
2.0,2019.0,Japan,JPN,Wind onshore,0,GW,3.59,0.09,0.09
3.0,2019.0,Japan,JPN,Wind onshore,0,GW,3.52,-0.07,0.02
4.0,2019.0,Japan,JPN,Wind onshore,0,GW,4.24,0.72,0.74
5.0,2019.0,Japan,JPN,Wind onshore,0,GW,4.2,-0.04,0.7
6.0,2019.0,Japan,JPN,Wind onshore,0,GW,4.05,-0.15,0.55
7.0,2019.0,Japan,JPN,Wind onshore,0,GW,4.44,0.39,0.94
8.0,2019.0,Japan,JPN,Wind onshore,0,GW,4.44,0.0,0.94
9.0,2019.0,Japan,JPN,Wind onshore,0,GW,4.17,-0.27,0.67
10.0,2019.0,Japan,JPN,Wind onshore,0,GW,4.18,0.01,0.68
11.0,2019.0,Japan,JPN,Wind onshore,0,GW,4.18,0.0,0.68
12.0,2019.0,Japan,JPN,Wind onshore,0,GW,3.94,-0.24,0.44
1.0,2020.0,Japan,JPN,Wind onshore,0,GW,3.99,0.05,0.05
2.0,2020.0,Japan,JPN,Wind onshore,0,GW,4.02,0.03,0.08
3.0,2020.0,Japan,JPN,Wind onshore,0,GW,4.05,0.03,0.11
4.0,2020.0,Japan,JPN,Wind onshore,0,GW,4.08,0.03,0.14
5.0,2020.0,Japan,JPN,Wind onshore,0,GW,4.08,0.0,0.14
6.0,2020.0,Japan,JPN,Wind onshore,0,GW,4.08,0.0,0.14
7.0,2020.0,Japan,JPN,Wind onshore,0,GW,4.08,0.0,0.14
8.0,2020.0,Japan,JPN,Wind onshore,0,GW,4.08,0.0,0.14
9.0,2020.0,Japan,JPN,Wind onshore,0,GW,4.08,0.0,0.14
10.0,2020.0,Japan,JPN,Wind onshore,0,GW,4.1,0.02,0.16
11.0,2020.0,Japan,JPN,Wind onshore,0,GW,4.11,0.01,0.17
12.0,2020.0,Japan,JPN,Wind onshore,0,GW,4.11,0.0,0.17
1.0,2021.0,Japan,JPN,Wind onshore,0,GW,4.01,-0.1,-0.1
2.0,2021.0,Japan,JPN,Wind onshore,0,GW,4.0,-0.01,-0.11
3.0,2021.0,Japan,JPN,Wind onshore,0,GW,4.11,0.11,0.0
4.0,2021.0,Japan,JPN,Wind onshore,0,GW,3.96,-0.15,-0.15
5.0,2021.0,Japan,JPN,Wind onshore,0,GW,3.96,0.0,-0.15
6.0,2021.0,Japan,JPN,Wind onshore,0,GW,4.07,0.11,-0.04
7.0,2021.0,Japan,JPN,Wind onshore,0,GW,3.99,-0.08,-0.12
8.0,2021.0,Japan,JPN,Wind onshore,0,GW,3.96,-0.03,-0.15
9.0,2021.0,Japan,JPN,Wind onshore,0,GW,3.97,0.01,-0.14
10.0,2021.0,Japan,JPN,Wind onshore,0,GW,4.06,0.09,-0.05
11.0,2021.0,Japan,JPN,Wind onshore,0,GW,3.9,-0.16,-0.21
12.0,2021.0,Japan,JPN,Wind onshore,0,GW,4.25,0.35,0.14
1.0,2022.0,Japan,JPN,Wind onshore,0,GW,4.34,0.09,0.09
2.0,2022.0,Japan,JPN,Wind onshore,0,GW,4.34,0.0,0.09
3.0,2022.0,Japan,JPN,Wind onshore,0,GW,4.38,0.04,0.13
4.0,2022.0,Japan,JPN,Wind onshore,0,GW,4.46,0.08,0.21
5.0,2022.0,Japan,JPN,Wind onshore,0,GW,4.46,0.0,0.21
6.0,2022.0,Japan,JPN,Wind onshore,0,GW,4.46,0.0,0.21
7.0,2022.0,Japan,JPN,Wind onshore,0,GW,4.48,0.02,0.23
8.0,2022.0,Japan,JPN,Wind onshore,0,GW,4.48,0.0,0.23
9.0,2022.0,Japan,JPN,Wind onshore,0,GW,4.47,-0.01,0.22
10.0,2022.0,Japan,JPN,Wind onshore,0,GW,4.48,0.01,0.23
11.0,2022.0,Japan,JPN,Wind onshore,0,GW,4.44,-0.04,0.19
12.0,2022.0,Japan,JPN,Wind onshore,0,GW,4.39,-0.05,0.14
1.0,2023.0,Japan,JPN,Wind onshore,0,GW,4.35,-0.04,-0.04
2.0,2023.0,Japan,JPN,Wind onshore,0,GW,4.41,0.06,0.02
3.0,2023.0,Japan,JPN,Wind onshore,0,GW,4.42,0.01,0.03
4.0,2023.0,Japan,JPN,Wind onshore,0,GW,4.91,0.49,0.52
5.0,2023.0,Japan,JPN,Wind onshore,0,GW,5.08,0.17,0.69
6.0,2023.0,Japan,JPN,Wind onshore,0,GW,5.07,-0.01,0.68
7.0,2023.0,Japan,JPN,Wind onshore,0,GW,5.06,-0.01,0.67
8.0,2023.0,Japan,JPN,Wind onshore,0,GW,5.06,0.0,0.67
9.0,2023.0,Japan,JPN,Wind onshore,0,GW,5.06,0.0,0.67
10.0,2023.0,Japan,JPN,Wind onshore,0,GW,4.95,-0.11,0.56
11.0,2023.0,Japan,JPN,Wind onshore,0,GW,5.19,0.24,0.8
12.0,2023.0,Japan,JPN,Wind onshore,0,GW,5.19,0.0,0.8
1.0,2024.0,Japan,JPN,Wind onshore,0,GW,5.14,-0.05,-0.05
2.0,2024.0,Japan,JPN,Wind onshore,0,GW,5.1,-0.04,-0.09
3.0,2024.0,Japan,JPN,Wind onshore,0,GW,5.27,0.17,0.08
4.0,2024.0,Japan,JPN,Wind onshore,0,GW,5.53,0.26,0.34
5.0,2024.0,Japan,JPN,Wind onshore,0,GW,5.75,0.22,0.56
6.0,2024.0,Japan,JPN,Wind onshore,0,GW,5.49,-0.26,0.3
7.0,2024.0,Japan,JPN,Wind onshore,0,GW,5.48,-0.01,0.29
8.0,2024.0,Japan,JPN,Wind onshore,0,GW,5.59,0.11,0.4
9.0,2024.0,Japan,JPN,Wind onshore,0,GW,5.62,0.03,0.43
10.0,2024.0,Japan,JPN,Wind onshore,0,GW,5.63,0.01,0.44
11.0,2024.0,Japan,JPN,Wind onshore,0,GW,5.64,0.01,0.45
12.0,2024.0,Japan,JPN,Wind onshore,0,GW,5.58,-0.06,0.39
1.0,2025.0,Japan,JPN,Wind onshore,0,GW,5.64,0.06,0.06
2.0,2025.0,Japan,JPN,Wind onshore,0,GW,5.7,0.06,0.12
3.0,2025.0,Japan,JPN,Wind onshore,0,GW,5.77,0.07,0.19
4.0,2025.0,Japan,JPN,Wind onshore,0,GW,5.82,0.05,0.24
1.0,2016.0,Japan,JPN,Wind,1,GW,2.81,0.0,0.0
2.0,2016.0,Japan,JPN,Wind,1,GW,2.81,0.0,0.0
3.0,2016.0,Japan,JPN,Wind,1,GW,2.81,0.0,0.0
4.0,2016.0,Japan,JPN,Wind,1,GW,3.2,0.39,0.39
5.0,2016.0,Japan,JPN,Wind,1,GW,3.2,0.0,0.39
6.0,2016.0,Japan,JPN,Wind,1,GW,3.22,0.02,0.41
7.0,2016.0,Japan,JPN,Wind,1,GW,3.2,-0.02,0.39
8.0,2016.0,Japan,JPN,Wind,1,GW,3.2,0.0,0.39
9.0,2016.0,Japan,JPN,Wind,1,GW,3.19,-0.01,0.38
10.0,2016.0,Japan,JPN,Wind,1,GW,3.2,0.01,0.39
11.0,2016.0,Japan,JPN,Wind,1,GW,3.2,0.0,0.39
12.0,2016.0,Japan,JPN,Wind,1,GW,3.2,0.0,0.39
1.0,2017.0,Japan,JPN,Wind,1,GW,3.2,0.0,0.0
2.0,2017.0,Japan,JPN,Wind,1,GW,3.32,0.12,0.12
3.0,2017.0,Japan,JPN,Wind,1,GW,3.31,-0.01,0.11
4.0,2017.0,Japan,JPN,Wind,1,GW,3.4,0.09,0.2
5.0,2017.0,Japan,JPN,Wind,1,GW,3.47,0.07,0.27
6.0,2017.0,Japan,JPN,Wind,1,GW,3.47,0.0,0.27
7.0,2017.0,Japan,JPN,Wind,1,GW,3.47,0.0,0.27
8.0,2017.0,Japan,JPN,Wind,1,GW,3.47,0.0,0.27
9.0,2017.0,Japan,JPN,Wind,1,GW,3.47,0.0,0.27
10.0,2017.0,Japan,JPN,Wind,1,GW,3.48,0.01,0.28
11.0,2017.0,Japan,JPN,Wind,1,GW,3.48,0.0,0.28
12.0,2017.0,Japan,JPN,Wind,1,GW,3.48,0.0,0.28
1.0,2018.0,Japan,JPN,Wind,1,GW,3.49,0.01,0.01
2.0,2018.0,Japan,JPN,Wind,1,GW,3.49,0.0,0.01
3.0,2018.0,Japan,JPN,Wind,1,GW,3.49,0.0,0.01
4.0,2018.0,Japan,JPN,Wind,1,GW,3.49,0.0,0.01
5.0,2018.0,Japan,JPN,Wind,1,GW,3.49,0.0,0.01
6.0,2018.0,Japan,JPN,Wind,1,GW,3.5,0.01,0.02
7.0,2018.0,Japan,JPN,Wind,1,GW,3.5,0.0,0.02
8.0,2018.0,Japan,JPN,Wind,1,GW,3.5,0.0,0.02
9.0,2018.0,Japan,JPN,Wind,1,GW,3.5,0.0,0.02
10.0,2018.0,Japan,JPN,Wind,1,GW,3.5,0.0,0.02
11.0,2018.0,Japan,JPN,Wind,1,GW,3.5,0.0,0.02
12.0,2018.0,Japan,JPN,Wind,1,GW,3.5,0.0,0.02
1.0,2019.0,Japan,JPN,Wind,1,GW,3.51,0.01,0.01
2.0,2019.0,Japan,JPN,Wind,1,GW,3.59,0.08,0.09
3.0,2019.0,Japan,JPN,Wind,1,GW,3.52,-0.07,0.02
4.0,2019.0,Japan,JPN,Wind,1,GW,4.24,0.72,0.74
5.0,2019.0,Japan,JPN,Wind,1,GW,4.2,-0.04,0.7
6.0,2019.0,Japan,JPN,Wind,1,GW,4.06,-0.14,0.56
7.0,2019.0,Japan,JPN,Wind,1,GW,4.45,0.39,0.95
8.0,2019.0,Japan,JPN,Wind,1,GW,4.45,0.0,0.95
9.0,2019.0,Japan,JPN,Wind,1,GW,4.18,-0.27,0.68
10.0,2019.0,Japan,JPN,Wind,1,GW,4.19,0.01,0.69
11.0,2019.0,Japan,JPN,Wind,1,GW,4.18,-0.01,0.68
12.0,2019.0,Japan,JPN,Wind,1,GW,3.95,-0.23,0.45
1.0,2020.0,Japan,JPN,Wind,1,GW,4.0,0.05,0.05
2.0,2020.0,Japan,JPN,Wind,1,GW,4.02,0.02,0.07
3.0,2020.0,Japan,JPN,Wind,1,GW,4.06,0.04,0.11
4.0,2020.0,Japan,JPN,Wind,1,GW,4.08,0.02,0.13
5.0,2020.0,Japan,JPN,Wind,1,GW,4.08,0.0,0.13
6.0,2020.0,Japan,JPN,Wind,1,GW,4.08,0.0,0.13
7.0,2020.0,Japan,JPN,Wind,1,GW,4.09,0.01,0.14
8.0,2020.0,Japan,JPN,Wind,1,GW,4.09,0.0,0.14
9.0,2020.0,Japan,JPN,Wind,1,GW,4.09,0.0,0.14
10.0,2020.0,Japan,JPN,Wind,1,GW,4.11,0.02,0.16
11.0,2020.0,Japan,JPN,Wind,1,GW,4.12,0.01,0.17
12.0,2020.0,Japan,JPN,Wind,1,GW,4.12,0.0,0.17
1.0,2021.0,Japan,JPN,Wind,1,GW,4.01,-0.11,-0.11
2.0,2021.0,Japan,JPN,Wind,1,GW,4.01,0.0,-0.11
3.0,2021.0,Japan,JPN,Wind,1,GW,4.12,0.11,0.0
4.0,2021.0,Japan,JPN,Wind,1,GW,3.97,-0.15,-0.15
5.0,2021.0,Japan,JPN,Wind,1,GW,3.97,0.0,-0.15
6.0,2021.0,Japan,JPN,Wind,1,GW,4.08,0.11,-0.04
7.0,2021.0,Japan,JPN,Wind,1,GW,3.99,-0.09,-0.13
8.0,2021.0,Japan,JPN,Wind,1,GW,3.97,-0.02,-0.15
9.0,2021.0,Japan,JPN,Wind,1,GW,3.98,0.01,-0.14
10.0,2021.0,Japan,JPN,Wind,1,GW,4.07,0.09,-0.05
11.0,2021.0,Japan,JPN,Wind,1,GW,3.91,-0.16,-0.21
12.0,2021.0,Japan,JPN,Wind,1,GW,4.26,0.35,0.14
1.0,2022.0,Japan,JPN,Wind,1,GW,4.35,0.09,0.09
2.0,2022.0,Japan,JPN,Wind,1,GW,4.34,-0.01,0.08
3.0,2022.0,Japan,JPN,Wind,1,GW,4.38,0.04,0.12
4.0,2022.0,Japan,JPN,Wind,1,GW,4.47,0.09,0.21
5.0,2022.0,Japan,JPN,Wind,1,GW,4.47,0.0,0.21
6.0,2022.0,Japan,JPN,Wind,1,GW,4.47,0.0,0.21
7.0,2022.0,Japan,JPN,Wind,1,GW,4.49,0.02,0.23
8.0,2022.0,Japan,JPN,Wind,1,GW,4.49,0.0,0.23
9.0,2022.0,Japan,JPN,Wind,1,GW,4.48,-0.01,0.22
10.0,2022.0,Japan,JPN,Wind,1,GW,4.48,0.0,0.22
11.0,2022.0,Japan,JPN,Wind,1,GW,4.44,-0.04,0.18
12.0,2022.0,Japan,JPN,Wind,1,GW,4.48,0.04,0.22
1.0,2023.0,Japan,JPN,Wind,1,GW,4.5,0.02,0.02
2.0,2023.0,Japan,JPN,Wind,1,GW,4.56,0.06,0.08
3.0,2023.0,Japan,JPN,Wind,1,GW,4.57,0.01,0.09
4.0,2023.0,Japan,JPN,Wind,1,GW,5.06,0.49,0.58
5.0,2023.0,Japan,JPN,Wind,1,GW,5.23,0.17,0.75
6.0,2023.0,Japan,JPN,Wind,1,GW,5.21,-0.02,0.73
7.0,2023.0,Japan,JPN,Wind,1,GW,5.21,0.0,0.73
8.0,2023.0,Japan,JPN,Wind,1,GW,5.21,0.0,0.73
9.0,2023.0,Japan,JPN,Wind,1,GW,5.22,0.01,0.74
10.0,2023.0,Japan,JPN,Wind,1,GW,5.11,-0.11,0.63
11.0,2023.0,Japan,JPN,Wind,1,GW,5.34,0.23,0.86
12.0,2023.0,Japan,JPN,Wind,1,GW,5.34,0.0,0.86
1.0,2024.0,Japan,JPN,Wind,1,GW,5.4,0.06,0.06
2.0,2024.0,Japan,JPN,Wind,1,GW,5.35,-0.05,0.01
3.0,2024.0,Japan,JPN,Wind,1,GW,5.53,0.18,0.19
4.0,2024.0,Japan,JPN,Wind,1,GW,5.78,0.25,0.44
5.0,2024.0,Japan,JPN,Wind,1,GW,6.01,0.23,0.67
6.0,2024.0,Japan,JPN,Wind,1,GW,5.74,-0.27,0.4
7.0,2024.0,Japan,JPN,Wind,1,GW,5.74,0.0,0.4
8.0,2024.0,Japan,JPN,Wind,1,GW,5.85,0.11,0.51
9.0,2024.0,Japan,JPN,Wind,1,GW,5.88,0.03,0.54
10.0,2024.0,Japan,JPN,Wind,1,GW,5.89,0.01,0.55
11.0,2024.0,Japan,JPN,Wind,1,GW,5.89,0.0,0.55
12.0,2024.0,Japan,JPN,Wind,1,GW,5.83,-0.06,0.49
1.0,2025.0,Japan,JPN,Wind,1,GW,5.89,0.06,0.06
2.0,2025.0,Japan,JPN,Wind,1,GW,5.96,0.07,0.13
3.0,2025.0,Japan,JPN,Wind,1,GW,6.03,0.07,0.2
4.0,2025.0,Japan,JPN,Wind,1,GW,6.07,0.04,0.24
1.0,2016.0,Japan,JPN,Wind and solar,1,GW,38.23,1.27,1.27
2.0,2016.0,Japan,JPN,Wind and solar,1,GW,39.49,1.26,2.53
3.0,2016.0,Japan,JPN,Wind and solar,1,GW,40.76,1.27,3.8
4.0,2016.0,Japan,JPN,Wind and solar,1,GW,42.42,1.66,5.46
5.0,2016.0,Japan,JPN,Wind and solar,1,GW,42.72,0.3,5.76
6.0,2016.0,Japan,JPN,Wind and solar,1,GW,43.05,0.33,6.09
7.0,2016.0,Japan,JPN,Wind and solar,1,GW,43.44,0.39,6.48
8.0,2016.0,Japan,JPN,Wind and solar,1,GW,43.84,0.4,6.88
9.0,2016.0,Japan,JPN,Wind and solar,1,GW,44.21,0.37,7.25
10.0,2016.0,Japan,JPN,Wind and solar,1,GW,44.53,0.32,7.57
11.0,2016.0,Japan,JPN,Wind and solar,1,GW,44.87,0.34,7.91
12.0,2016.0,Japan,JPN,Wind and solar,1,GW,45.24,0.37,8.28
1.0,2017.0,Japan,JPN,Wind and solar,1,GW,45.83,0.59,0.59
2.0,2017.0,Japan,JPN,Wind and solar,1,GW,46.62,0.79,1.38
3.0,2017.0,Japan,JPN,Wind and solar,1,GW,47.21,0.59,1.97
4.0,2017.0,Japan,JPN,Wind and solar,1,GW,48.03,0.82,2.79
5.0,2017.0,Japan,JPN,Wind and solar,1,GW,48.83,0.8,3.59
6.0,2017.0,Japan,JPN,Wind and solar,1,GW,49.55,0.72,4.31
7.0,2017.0,Japan,JPN,Wind and solar,1,GW,50.29,0.74,5.05
8.0,2017.0,Japan,JPN,Wind and solar,1,GW,50.98,0.69,5.74
9.0,2017.0,Japan,JPN,Wind and solar,1,GW,51.64,0.66,6.4
10.0,2017.0,Japan,JPN,Wind and solar,1,GW,52.09,0.45,6.85
11.0,2017.0,Japan,JPN,Wind and solar,1,GW,52.53,0.44,7.29
12.0,2017.0,Japan,JPN,Wind and solar,1,GW,52.98,0.45,7.74
1.0,2018.0,Japan,JPN,Wind and solar,1,GW,53.53,0.55,0.55
2.0,2018.0,Japan,JPN,Wind and solar,1,GW,54.13,0.6,1.15
3.0,2018.0,Japan,JPN,Wind and solar,1,GW,54.49,0.36,1.51
4.0,2018.0,Japan,JPN,Wind and solar,1,GW,55.14,0.65,2.16
5.0,2018.0,Japan,JPN,Wind and solar,1,GW,55.75,0.61,2.77
6.0,2018.0,Japan,JPN,Wind and solar,1,GW,56.35,0.6,3.37
7.0,2018.0,Japan,JPN,Wind and solar,1,GW,56.7,0.35,3.72
8.0,2018.0,Japan,JPN,Wind and solar,1,GW,57.13,0.43,4.15
9.0,2018.0,Japan,JPN,Wind and solar,1,GW,57.5,0.37,4.52
10.0,2018.0,Japan,JPN,Wind and solar,1,GW,58.22,0.72,5.24
11.0,2018.0,Japan,JPN,Wind and solar,1,GW,58.83,0.61,5.85
12.0,2018.0,Japan,JPN,Wind and solar,1,GW,59.66,0.83,6.68
1.0,2019.0,Japan,JPN,Wind and solar,1,GW,60.31,0.65,0.65
2.0,2019.0,Japan,JPN,Wind and solar,1,GW,60.87,0.56,1.21
3.0,2019.0,Japan,JPN,Wind and solar,1,GW,61.71,0.84,2.05
4.0,2019.0,Japan,JPN,Wind and solar,1,GW,63.29,1.58,3.63
5.0,2019.0,Japan,JPN,Wind and solar,1,GW,63.77,0.48,4.11
6.0,2019.0,Japan,JPN,Wind and solar,1,GW,64.05,0.28,4.39
7.0,2019.0,Japan,JPN,Wind and solar,1,GW,64.83,0.78,5.17
8.0,2019.0,Japan,JPN,Wind and solar,1,GW,65.38,0.55,5.72
9.0,2019.0,Japan,JPN,Wind and solar,1,GW,65.59,0.21,5.93
10.0,2019.0,Japan,JPN,Wind and solar,1,GW,66.33,0.74,6.67
11.0,2019.0,Japan,JPN,Wind and solar,1,GW,66.57,0.24,6.91
12.0,2019.0,Japan,JPN,Wind and solar,1,GW,67.14,0.57,7.48
1.0,2020.0,Japan,JPN,Wind and solar,1,GW,68.07,0.93,0.93
2.0,2020.0,Japan,JPN,Wind and solar,1,GW,68.72,0.65,1.58
3.0,2020.0,Japan,JPN,Wind and solar,1,GW,70.02,1.3,2.88
4.0,2020.0,Japan,JPN,Wind and solar,1,GW,70.83,0.81,3.69
5.0,2020.0,Japan,JPN,Wind and solar,1,GW,71.53,0.7,4.39
6.0,2020.0,Japan,JPN,Wind and solar,1,GW,72.13,0.6,4.99
7.0,2020.0,Japan,JPN,Wind and solar,1,GW,72.7,0.57,5.56
8.0,2020.0,Japan,JPN,Wind and solar,1,GW,73.28,0.58,6.14
9.0,2020.0,Japan,JPN,Wind and solar,1,GW,73.77,0.49,6.63
10.0,2020.0,Japan,JPN,Wind and solar,1,GW,74.55,0.78,7.41
11.0,2020.0,Japan,JPN,Wind and solar,1,GW,75.35,0.8,8.21
12.0,2020.0,Japan,JPN,Wind and solar,1,GW,75.99,0.64,8.85
1.0,2021.0,Japan,JPN,Wind and solar,1,GW,76.47,0.48,0.48
2.0,2021.0,Japan,JPN,Wind and solar,1,GW,77.03,0.56,1.04
3.0,2021.0,Japan,JPN,Wind and solar,1,GW,77.7,0.67,1.71
4.0,2021.0,Japan,JPN,Wind and solar,1,GW,78.12,0.42,2.13
5.0,2021.0,Japan,JPN,Wind and solar,1,GW,78.63,0.51,2.64
6.0,2021.0,Japan,JPN,Wind and solar,1,GW,79.22,0.59,3.23
7.0,2021.0,Japan,JPN,Wind and solar,1,GW,79.62,0.4,3.63
8.0,2021.0,Japan,JPN,Wind and solar,1,GW,80.22,0.6,4.23
9.0,2021.0,Japan,JPN,Wind and solar,1,GW,80.8,0.58,4.81
10.0,2021.0,Japan,JPN,Wind and solar,1,GW,81.43,0.63,5.44
11.0,2021.0,Japan,JPN,Wind and solar,1,GW,81.39,-0.04,5.4
12.0,2021.0,Japan,JPN,Wind and solar,1,GW,82.68,1.29,6.69
1.0,2022.0,Japan,JPN,Wind and solar,1,GW,83.47,0.79,0.79
2.0,2022.0,Japan,JPN,Wind and solar,1,GW,84.04,0.57,1.36
3.0,2022.0,Japan,JPN,Wind and solar,1,GW,84.3,0.26,1.62
4.0,2022.0,Japan,JPN,Wind and solar,1,GW,85.28,0.98,2.6
5.0,2022.0,Japan,JPN,Wind and solar,1,GW,85.82,0.54,3.14
6.0,2022.0,Japan,JPN,Wind and solar,1,GW,86.32,0.5,3.64
7.0,2022.0,Japan,JPN,Wind and solar,1,GW,86.85,0.53,4.17
8.0,2022.0,Japan,JPN,Wind and solar,1,GW,87.34,0.49,4.66
9.0,2022.0,Japan,JPN,Wind and solar,1,GW,88.0,0.66,5.32
10.0,2022.0,Japan,JPN,Wind and solar,1,GW,88.51,0.51,5.83
11.0,2022.0,Japan,JPN,Wind and solar,1,GW,88.91,0.4,6.23
12.0,2022.0,Japan,JPN,Wind and solar,1,GW,89.55,0.64,6.87
1.0,2023.0,Japan,JPN,Wind and solar,1,GW,89.93,0.38,0.38
2.0,2023.0,Japan,JPN,Wind and solar,1,GW,90.46,0.53,0.91
3.0,2023.0,Japan,JPN,Wind and solar,1,GW,90.84,0.38,1.29
4.0,2023.0,Japan,JPN,Wind and solar,1,GW,91.97,1.13,2.42
5.0,2023.0,Japan,JPN,Wind and solar,1,GW,92.4,0.43,2.85
6.0,2023.0,Japan,JPN,Wind and solar,1,GW,92.58,0.18,3.03
7.0,2023.0,Japan,JPN,Wind and solar,1,GW,92.95,0.37,3.4
8.0,2023.0,Japan,JPN,Wind and solar,1,GW,93.05,0.1,3.5
9.0,2023.0,Japan,JPN,Wind and solar,1,GW,93.27,0.22,3.72
10.0,2023.0,Japan,JPN,Wind and solar,1,GW,93.39,0.12,3.84
11.0,2023.0,Japan,JPN,Wind and solar,1,GW,94.15,0.76,4.6
12.0,2023.0,Japan,JPN,Wind and solar,1,GW,94.42,0.27,4.87
1.0,2024.0,Japan,JPN,Wind and solar,1,GW,94.68,0.26,0.26
2.0,2024.0,Japan,JPN,Wind and solar,1,GW,94.98,0.3,0.56
3.0,2024.0,Japan,JPN,Wind and solar,1,GW,95.57,0.59,1.15
4.0,2024.0,Japan,JPN,Wind and solar,1,GW,95.44,-0.13,1.02
5.0,2024.0,Japan,JPN,Wind and solar,1,GW,95.52,0.08,1.1
6.0,2024.0,Japan,JPN,Wind and solar,1,GW,95.57,0.05,1.15
7.0,2024.0,Japan,JPN,Wind and solar,1,GW,95.68,0.11,1.26
8.0,2024.0,Japan,JPN,Wind and solar,1,GW,96.06,0.38,1.64
9.0,2024.0,Japan,JPN,Wind and solar,1,GW,96.35,0.29,1.93
10.0,2024.0,Japan,JPN,Wind and solar,1,GW,96.71,0.36,2.29
11.0,2024.0,Japan,JPN,Wind and solar,1,GW,97.14,0.43,2.72
12.0,2024.0,Japan,JPN,Wind and solar,1,GW,97.44,0.3,3.02
1.0,2025.0,Japan,JPN,Wind and solar,1,GW,97.86,0.42,0.42
2.0,2025.0,Japan,JPN,Wind and solar,1,GW,98.26,0.4,0.82
3.0,2025.0,Japan,JPN,Wind and solar,1,GW,98.67,0.41,1.23
4.0,2025.0,Japan,JPN,Wind and solar,1,GW,99.07,0.4,1.63
12.0,2017.0,South Korea,KOR,Solar,0,GWAC,5.06,,
1.0,2018.0,South Korea,KOR,Solar,0,GWAC,5.06,0.0,0.0
2.0,2018.0,South Korea,KOR,Solar,0,GWAC,5.06,0.0,0.0
3.0,2018.0,South Korea,KOR,Solar,0,GWAC,5.28,0.22,0.22
4.0,2018.0,South Korea,KOR,Solar,0,GWAC,5.28,0.0,0.22
5.0,2018.0,South Korea,KOR,Solar,0,GWAC,5.65,0.37,0.59
6.0,2018.0,South Korea,KOR,Solar,0,GWAC,5.65,0.0,0.59
7.0,2018.0,South Korea,KOR,Solar,0,GWAC,5.8,0.15,0.74
8.0,2018.0,South Korea,KOR,Solar,0,GWAC,6.24,0.44,1.18
9.0,2018.0,South Korea,KOR,Solar,0,GWAC,6.24,0.0,1.18
10.0,2018.0,South Korea,KOR,Solar,0,GWAC,6.24,0.0,1.18
11.0,2018.0,South Korea,KOR,Solar,0,GWAC,6.33,0.09,1.27
12.0,2018.0,South Korea,KOR,Solar,0,GWAC,7.13,0.8,2.07
1.0,2019.0,South Korea,KOR,Solar,0,GWAC,7.29,0.16,0.16
2.0,2019.0,South Korea,KOR,Solar,0,GWAC,7.29,0.0,0.16
3.0,2019.0,South Korea,KOR,Solar,0,GWAC,7.76,0.47,0.63
4.0,2019.0,South Korea,KOR,Solar,0,GWAC,7.76,0.0,0.63
5.0,2019.0,South Korea,KOR,Solar,0,GWAC,7.76,0.0,0.63
6.0,2019.0,South Korea,KOR,Solar,0,GWAC,8.63,0.87,1.5
7.0,2019.0,South Korea,KOR,Solar,0,GWAC,8.63,0.0,1.5
8.0,2019.0,South Korea,KOR,Solar,0,GWAC,9.05,0.42,1.92
9.0,2019.0,South Korea,KOR,Solar,0,GWAC,9.09,0.04,1.96
10.0,2019.0,South Korea,KOR,Solar,0,GWAC,9.68,0.59,2.55
11.0,2019.0,South Korea,KOR,Solar,0,GWAC,9.68,0.0,2.55
12.0,2019.0,South Korea,KOR,Solar,0,GWAC,10.51,0.83,3.38
1.0,2020.0,South Korea,KOR,Solar,0,GWAC,10.62,0.11,0.11
2.0,2020.0,South Korea,KOR,Solar,0,GWAC,11.11,0.49,0.6
3.0,2020.0,South Korea,KOR,Solar,0,GWAC,11.11,0.0,0.6
4.0,2020.0,South Korea,KOR,Solar,0,GWAC,11.45,0.34,0.94
5.0,2020.0,South Korea,KOR,Solar,0,GWAC,11.91,0.46,1.4
6.0,2020.0,South Korea,KOR,Solar,0,GWAC,12.44,0.53,1.93
7.0,2020.0,South Korea,KOR,Solar,0,GWAC,12.9,0.46,2.39
8.0,2020.0,South Korea,KOR,Solar,0,GWAC,13.13,0.23,2.62
9.0,2020.0,South Korea,KOR,Solar,0,GWAC,13.42,0.29,2.91
10.0,2020.0,South Korea,KOR,Solar,0,GWAC,13.75,0.33,3.24
11.0,2020.0,South Korea,KOR,Solar,0,GWAC,14.01,0.26,3.5
12.0,2020.0,South Korea,KOR,Solar,0,GWAC,14.57,0.56,4.06
1.0,2021.0,South Korea,KOR,Solar,0,GWAC,14.64,0.07,0.07
2.0,2021.0,South Korea,KOR,Solar,0,GWAC,15.19,0.55,0.62
3.0,2021.0,South Korea,KOR,Solar,0,GWAC,15.7,0.51,1.13
4.0,2021.0,South Korea,KOR,Solar,0,GWAC,15.9,0.2,1.33
5.0,2021.0,South Korea,KOR,Solar,0,GWAC,15.93,0.03,1.36
6.0,2021.0,South Korea,KOR,Solar,0,GWAC,16.02,0.09,1.45
7.0,2021.0,South Korea,KOR,Solar,0,GWAC,16.64,0.62,2.07
8.0,2021.0,South Korea,KOR,Solar,0,GWAC,16.94,0.3,2.37
9.0,2021.0,South Korea,KOR,Solar,0,GWAC,17.26,0.32,2.69
10.0,2021.0,South Korea,KOR,Solar,0,GWAC,17.53,0.27,2.96
11.0,2021.0,South Korea,KOR,Solar,0,GWAC,17.72,0.19,3.15
12.0,2021.0,South Korea,KOR,Solar,0,GWAC,18.16,0.44,3.59
1.0,2022.0,South Korea,KOR,Solar,0,GWAC,18.56,0.4,0.4
2.0,2022.0,South Korea,KOR,Solar,0,GWAC,18.71,0.15,0.55
3.0,2022.0,South Korea,KOR,Solar,0,GWAC,19.19,0.48,1.03
4.0,2022.0,South Korea,KOR,Solar,0,GWAC,19.32,0.13,1.16
5.0,2022.0,South Korea,KOR,Solar,0,GWAC,19.54,0.22,1.38
6.0,2022.0,South Korea,KOR,Solar,0,GWAC,19.88,0.34,1.72
7.0,2022.0,South Korea,KOR,Solar,0,GWAC,19.9,0.02,1.74
8.0,2022.0,South Korea,KOR,Solar,0,GWAC,20.28,0.38,2.12
9.0,2022.0,South Korea,KOR,Solar,0,GWAC,20.36,0.08,2.2
10.0,2022.0,South Korea,KOR,Solar,0,GWAC,20.53,0.17,2.37
11.0,2022.0,South Korea,KOR,Solar,0,GWAC,20.73,0.2,2.57
12.0,2022.0,South Korea,KOR,Solar,0,GWAC,20.97,0.24,2.81
1.0,2023.0,South Korea,KOR,Solar,0,GWAC,21.55,0.58,0.58
2.0,2023.0,South Korea,KOR,Solar,0,GWAC,21.77,0.22,0.8
3.0,2023.0,South Korea,KOR,Solar,0,GWAC,21.96,0.19,0.99
4.0,2023.0,South Korea,KOR,Solar,0,GWAC,21.99,0.03,1.02
5.0,2023.0,South Korea,KOR,Solar,0,GWAC,22.13,0.14,1.16
6.0,2023.0,South Korea,KOR,Solar,0,GWAC,22.32,0.19,1.35
7.0,2023.0,South Korea,KOR,Solar,0,GWAC,22.56,0.24,1.59
8.0,2023.0,South Korea,KOR,Solar,0,GWAC,23.09,0.53,2.12
9.0,2023.0,South Korea,KOR,Solar,0,GWAC,23.22,0.13,2.25
10.0,2023.0,South Korea,KOR,Solar,0,GWAC,23.43,0.21,2.46
11.0,2023.0,South Korea,KOR,Solar,0,GWAC,24.0,0.57,3.03
12.0,2023.0,South Korea,KOR,Solar,0,GWAC,23.94,-0.06,2.97
1.0,2024.0,South Korea,KOR,Solar,0,GWAC,24.23,0.29,0.29
2.0,2024.0,South Korea,KOR,Solar,0,GWAC,24.49,0.26,0.55
3.0,2024.0,South Korea,KOR,Solar,0,GWAC,24.67,0.18,0.73
4.0,2024.0,South Korea,KOR,Solar,0,GWAC,24.86,0.19,0.92
5.0,2024.0,South Korea,KOR,Solar,0,GWAC,24.92,0.06,0.98
6.0,2024.0,South Korea,KOR,Solar,0,GWAC,25.17,0.25,1.23
7.0,2024.0,South Korea,KOR,Solar,0,GWAC,25.61,0.44,1.67
8.0,2024.0,South Korea,KOR,Solar,0,GWAC,25.84,0.23,1.9
9.0,2024.0,South Korea,KOR,Solar,0,GWAC,26.08,0.24,2.14
10.0,2024.0,South Korea,KOR,Solar,0,GWAC,26.47,0.39,2.53
11.0,2024.0,South Korea,KOR,Solar,0,GWAC,26.83,0.36,2.89
12.0,2024.0,South Korea,KOR,Solar,0,GWAC,27.09,0.26,3.15
1.0,2025.0,South Korea,KOR,Solar,0,GWAC,27.45,0.36,0.36
2.0,2025.0,South Korea,KOR,Solar,0,GWAC,27.49,0.04,0.4
3.0,2025.0,South Korea,KOR,Solar,0,GWAC,27.9,0.41,0.81
4.0,2025.0,South Korea,KOR,Solar,0,GWAC,28.29,0.39,1.2
5.0,2025.0,South Korea,KOR,Solar,0,GWAC,28.65,0.36,1.56
6.0,2025.0,South Korea,KOR,Solar,0,GWAC,28.87,0.22,1.78
7.0,2025.0,South Korea,KOR,Solar,0,GWAC,29.22,0.35,2.13
8.0,2025.0,South Korea,KOR,Solar,0,GWAC,29.57,0.35,2.48
12.0,2017.0,South Korea,KOR,Solar,0,GWDC,6.58,,
1.0,2018.0,South Korea,KOR,Solar,0,GWDC,6.58,0.0,0.0
2.0,2018.0,South Korea,KOR,Solar,0,GWDC,6.58,0.0,0.0
3.0,2018.0,South Korea,KOR,Solar,0,GWDC,6.87,0.29,0.29
4.0,2018.0,South Korea,KOR,Solar,0,GWDC,6.87,0.0,0.29
5.0,2018.0,South Korea,KOR,Solar,0,GWDC,7.35,0.48,0.77
6.0,2018.0,South Korea,KOR,Solar,0,GWDC,7.35,0.0,0.77
7.0,2018.0,South Korea,KOR,Solar,0,GWDC,7.54,0.19,0.96
8.0,2018.0,South Korea,KOR,Solar,0,GWDC,8.11,0.57,1.53
9.0,2018.0,South Korea,KOR,Solar,0,GWDC,8.11,0.0,1.53
10.0,2018.0,South Korea,KOR,Solar,0,GWDC,8.11,0.0,1.53
11.0,2018.0,South Korea,KOR,Solar,0,GWDC,8.23,0.12,1.65
12.0,2018.0,South Korea,KOR,Solar,0,GWDC,9.27,1.04,2.69
1.0,2019.0,South Korea,KOR,Solar,0,GWDC,9.47,0.2,0.2
2.0,2019.0,South Korea,KOR,Solar,0,GWDC,9.47,0.0,0.2
3.0,2019.0,South Korea,KOR,Solar,0,GWDC,10.08,0.61,0.81
4.0,2019.0,South Korea,KOR,Solar,0,GWDC,10.08,0.0,0.81
5.0,2019.0,South Korea,KOR,Solar,0,GWDC,10.08,0.0,0.81
6.0,2019.0,South Korea,KOR,Solar,0,GWDC,11.22,1.14,1.95
7.0,2019.0,South Korea,KOR,Solar,0,GWDC,11.22,0.0,1.95
8.0,2019.0,South Korea,KOR,Solar,0,GWDC,11.76,0.54,2.49
9.0,2019.0,South Korea,KOR,Solar,0,GWDC,11.82,0.06,2.55
10.0,2019.0,South Korea,KOR,Solar,0,GWDC,12.58,0.76,3.31
11.0,2019.0,South Korea,KOR,Solar,0,GWDC,12.58,0.0,3.31
12.0,2019.0,South Korea,KOR,Solar,0,GWDC,13.66,1.08,4.39
1.0,2020.0,South Korea,KOR,Solar,0,GWDC,13.81,0.15,0.15
2.0,2020.0,South Korea,KOR,Solar,0,GWDC,14.44,0.63,0.78
3.0,2020.0,South Korea,KOR,Solar,0,GWDC,14.44,0.0,0.78
4.0,2020.0,South Korea,KOR,Solar,0,GWDC,14.88,0.44,1.22
5.0,2020.0,South Korea,KOR,Solar,0,GWDC,15.48,0.6,1.82
6.0,2020.0,South Korea,KOR,Solar,0,GWDC,16.18,0.7,2.52
7.0,2020.0,South Korea,KOR,Solar,0,GWDC,16.77,0.59,3.11
8.0,2020.0,South Korea,KOR,Solar,0,GWDC,17.07,0.3,3.41
9.0,2020.0,South Korea,KOR,Solar,0,GWDC,17.45,0.38,3.79
10.0,2020.0,South Korea,KOR,Solar,0,GWDC,17.87,0.42,4.21
11.0,2020.0,South Korea,KOR,Solar,0,GWDC,18.22,0.35,4.56
12.0,2020.0,South Korea,KOR,Solar,0,GWDC,18.95,0.73,5.29
1.0,2021.0,South Korea,KOR,Solar,0,GWDC,19.04,0.09,0.09
2.0,2021.0,South Korea,KOR,Solar,0,GWDC,19.74,0.7,0.79
3.0,2021.0,South Korea,KOR,Solar,0,GWDC,20.41,0.67,1.46
4.0,2021.0,South Korea,KOR,Solar,0,GWDC,20.67,0.26,1.72
5.0,2021.0,South Korea,KOR,Solar,0,GWDC,20.71,0.04,1.76
6.0,2021.0,South Korea,KOR,Solar,0,GWDC,20.82,0.11,1.87
7.0,2021.0,South Korea,KOR,Solar,0,GWDC,21.64,0.82,2.69
8.0,2021.0,South Korea,KOR,Solar,0,GWDC,22.02,0.38,3.07
9.0,2021.0,South Korea,KOR,Solar,0,GWDC,22.44,0.42,3.49
10.0,2021.0,South Korea,KOR,Solar,0,GWDC,22.79,0.35,3.84
11.0,2021.0,South Korea,KOR,Solar,0,GWDC,23.03,0.24,4.08
12.0,2021.0,South Korea,KOR,Solar,0,GWDC,23.61,0.58,4.66
1.0,2022.0,South Korea,KOR,Solar,0,GWDC,24.13,0.52,0.52
2.0,2022.0,South Korea,KOR,Solar,0,GWDC,24.32,0.19,0.71
3.0,2022.0,South Korea,KOR,Solar,0,GWDC,24.95,0.63,1.34
4.0,2022.0,South Korea,KOR,Solar,0,GWDC,25.12,0.17,1.51
5.0,2022.0,South Korea,KOR,Solar,0,GWDC,25.4,0.28,1.79
6.0,2022.0,South Korea,KOR,Solar,0,GWDC,25.85,0.45,2.24
7.0,2022.0,South Korea,KOR,Solar,0,GWDC,25.88,0.03,2.27
8.0,2022.0,South Korea,KOR,Solar,0,GWDC,26.36,0.48,2.75
9.0,2022.0,South Korea,KOR,Solar,0,GWDC,26.46,0.1,2.85
10.0,2022.0,South Korea,KOR,Solar,0,GWDC,26.69,0.23,3.08
11.0,2022.0,South Korea,KOR,Solar,0,GWDC,26.95,0.26,3.34
12.0,2022.0,South Korea,KOR,Solar,0,GWDC,27.27,0.32,3.66
1.0,2023.0,South Korea,KOR,Solar,0,GWDC,28.02,0.75,0.75
2.0,2023.0,South Korea,KOR,Solar,0,GWDC,28.3,0.28,1.03
3.0,2023.0,South Korea,KOR,Solar,0,GWDC,28.55,0.25,1.28
4.0,2023.0,South Korea,KOR,Solar,0,GWDC,28.59,0.04,1.32
5.0,2023.0,South Korea,KOR,Solar,0,GWDC,28.77,0.18,1.5
6.0,2023.0,South Korea,KOR,Solar,0,GWDC,29.02,0.25,1.75
7.0,2023.0,South Korea,KOR,Solar,0,GWDC,29.33,0.31,2.06
8.0,2023.0,South Korea,KOR,Solar,0,GWDC,30.02,0.69,2.75
9.0,2023.0,South Korea,KOR,Solar,0,GWDC,30.18,0.16,2.91
10.0,2023.0,South Korea,KOR,Solar,0,GWDC,30.46,0.28,3.19
11.0,2023.0,South Korea,KOR,Solar,0,GWDC,31.2,0.74,3.93
12.0,2023.0,South Korea,KOR,Solar,0,GWDC,31.13,-0.07,3.86
1.0,2024.0,South Korea,KOR,Solar,0,GWDC,31.5,0.37,0.37
2.0,2024.0,South Korea,KOR,Solar,0,GWDC,31.84,0.34,0.71
3.0,2024.0,South Korea,KOR,Solar,0,GWDC,32.07,0.23,0.94
4.0,2024.0,South Korea,KOR,Solar,0,GWDC,32.32,0.25,1.19
5.0,2024.0,South Korea,KOR,Solar,0,GWDC,32.4,0.08,1.27
6.0,2024.0,South Korea,KOR,Solar,0,GWDC,32.72,0.32,1.59
7.0,2024.0,South Korea,KOR,Solar,0,GWDC,33.29,0.57,2.16
8.0,2024.0,South Korea,KOR,Solar,0,GWDC,33.59,0.3,2.46
9.0,2024.0,South Korea,KOR,Solar,0,GWDC,33.9,0.31,2.77
10.0,2024.0,South Korea,KOR,Solar,0,GWDC,34.41,0.51,3.28
11.0,2024.0,South Korea,KOR,Solar,0,GWDC,34.89,0.48,3.76
12.0,2024.0,South Korea,KOR,Solar,0,GWDC,35.22,0.33,4.09
1.0,2025.0,South Korea,KOR,Solar,0,GWDC,35.69,0.47,0.47
2.0,2025.0,South Korea,KOR,Solar,0,GWDC,35.74,0.05,0.52
3.0,2025.0,South Korea,KOR,Solar,0,GWDC,36.27,0.53,1.05
4.0,2025.0,South Korea,KOR,Solar,0,GWDC,36.77,0.5,1.55
5.0,2025.0,South Korea,KOR,Solar,0,GWDC,37.25,0.48,2.03
6.0,2025.0,South Korea,KOR,Solar,0,GWDC,37.54,0.29,2.32
7.0,2025.0,South Korea,KOR,Solar,0,GWDC,37.99,0.45,2.77
8.0,2025.0,South Korea,KOR,Solar,0,GWDC,38.44,0.45,3.22
12.0,2017.0,South Korea,KOR,Wind unspecified,0,GW,1.21,,
1.0,2018.0,South Korea,KOR,Wind unspecified,0,GW,1.21,0.0,0.0
2.0,2018.0,South Korea,KOR,Wind unspecified,0,GW,1.21,0.0,0.0
3.0,2018.0,South Korea,KOR,Wind unspecified,0,GW,1.27,0.06,0.06
4.0,2018.0,South Korea,KOR,Wind unspecified,0,GW,1.27,0.0,0.06
5.0,2018.0,South Korea,KOR,Wind unspecified,0,GW,1.27,0.0,0.06
6.0,2018.0,South Korea,KOR,Wind unspecified,0,GW,1.27,0.0,0.06
7.0,2018.0,South Korea,KOR,Wind unspecified,0,GW,1.28,0.01,0.07
8.0,2018.0,South Korea,KOR,Wind unspecified,0,GW,1.28,0.0,0.07
9.0,2018.0,South Korea,KOR,Wind unspecified,0,GW,1.28,0.0,0.07
10.0,2018.0,South Korea,KOR,Wind unspecified,0,GW,1.28,0.0,0.07
11.0,2018.0,South Korea,KOR,Wind unspecified,0,GW,1.42,0.14,0.21
12.0,2018.0,South Korea,KOR,Wind unspecified,0,GW,1.42,0.0,0.21
1.0,2019.0,South Korea,KOR,Wind unspecified,0,GW,1.42,0.0,0.0
2.0,2019.0,South Korea,KOR,Wind unspecified,0,GW,1.42,0.0,0.0
3.0,2019.0,South Korea,KOR,Wind unspecified,0,GW,1.42,0.0,0.0
4.0,2019.0,South Korea,KOR,Wind unspecified,0,GW,1.42,0.0,0.0
5.0,2019.0,South Korea,KOR,Wind unspecified,0,GW,1.42,0.0,0.0
6.0,2019.0,South Korea,KOR,Wind unspecified,0,GW,1.46,0.04,0.04
7.0,2019.0,South Korea,KOR,Wind unspecified,0,GW,1.46,0.0,0.04
8.0,2019.0,South Korea,KOR,Wind unspecified,0,GW,1.42,-0.04,0.0
9.0,2019.0,South Korea,KOR,Wind unspecified,0,GW,1.42,0.0,0.0
10.0,2019.0,South Korea,KOR,Wind unspecified,0,GW,1.49,0.07,0.07
11.0,2019.0,South Korea,KOR,Wind unspecified,0,GW,1.49,0.0,0.07
12.0,2019.0,South Korea,KOR,Wind unspecified,0,GW,1.51,0.02,0.09
1.0,2020.0,South Korea,KOR,Wind unspecified,0,GW,1.51,0.0,0.0
2.0,2020.0,South Korea,KOR,Wind unspecified,0,GW,1.51,0.0,0.0
3.0,2020.0,South Korea,KOR,Wind unspecified,0,GW,1.51,0.0,0.0
4.0,2020.0,South Korea,KOR,Wind unspecified,0,GW,1.56,0.05,0.05
5.0,2020.0,South Korea,KOR,Wind unspecified,0,GW,1.56,0.0,0.05
6.0,2020.0,South Korea,KOR,Wind unspecified,0,GW,1.56,0.0,0.05
7.0,2020.0,South Korea,KOR,Wind unspecified,0,GW,1.58,0.02,0.07
8.0,2020.0,South Korea,KOR,Wind unspecified,0,GW,1.58,0.0,0.07
9.0,2020.0,South Korea,KOR,Wind unspecified,0,GW,1.62,0.04,0.11
10.0,2020.0,South Korea,KOR,Wind unspecified,0,GW,1.62,0.0,0.11
11.0,2020.0,South Korea,KOR,Wind unspecified,0,GW,1.62,0.0,0.11
12.0,2020.0,South Korea,KOR,Wind unspecified,0,GW,1.64,0.02,0.13
1.0,2021.0,South Korea,KOR,Wind unspecified,0,GW,1.64,0.0,0.0
2.0,2021.0,South Korea,KOR,Wind unspecified,0,GW,1.64,0.0,0.0
3.0,2021.0,South Korea,KOR,Wind unspecified,0,GW,1.69,0.05,0.05
4.0,2021.0,South Korea,KOR,Wind unspecified,0,GW,1.69,0.0,0.05
5.0,2021.0,South Korea,KOR,Wind unspecified,0,GW,1.69,0.0,0.05
6.0,2021.0,South Korea,KOR,Wind unspecified,0,GW,1.69,0.0,0.05
7.0,2021.0,South Korea,KOR,Wind unspecified,0,GW,1.69,0.0,0.05
8.0,2021.0,South Korea,KOR,Wind unspecified,0,GW,1.69,0.0,0.05
9.0,2021.0,South Korea,KOR,Wind unspecified,0,GW,1.71,0.02,0.07
10.0,2021.0,South Korea,KOR,Wind unspecified,0,GW,1.71,0.0,0.07
11.0,2021.0,South Korea,KOR,Wind unspecified,0,GW,1.71,0.0,0.07
12.0,2021.0,South Korea,KOR,Wind unspecified,0,GW,1.71,0.0,0.07
1.0,2022.0,South Korea,KOR,Wind unspecified,0,GW,1.73,0.02,0.02
2.0,2022.0,South Korea,KOR,Wind unspecified,0,GW,1.73,0.0,0.02
3.0,2022.0,South Korea,KOR,Wind unspecified,0,GW,1.73,0.0,0.02
4.0,2022.0,South Korea,KOR,Wind unspecified,0,GW,1.73,0.0,0.02
5.0,2022.0,South Korea,KOR,Wind unspecified,0,GW,1.73,0.0,0.02
6.0,2022.0,South Korea,KOR,Wind unspecified,0,GW,1.75,0.02,0.04
7.0,2022.0,South Korea,KOR,Wind unspecified,0,GW,1.75,0.0,0.04
8.0,2022.0,South Korea,KOR,Wind unspecified,0,GW,1.75,0.0,0.04
9.0,2022.0,South Korea,KOR,Wind unspecified,0,GW,1.75,0.0,0.04
10.0,2022.0,South Korea,KOR,Wind unspecified,0,GW,1.77,0.02,0.06
11.0,2022.0,South Korea,KOR,Wind unspecified,0,GW,1.78,0.01,0.07
12.0,2022.0,South Korea,KOR,Wind unspecified,0,GW,1.89,0.11,0.18
1.0,2023.0,South Korea,KOR,Wind unspecified,0,GW,1.93,0.04,0.04
2.0,2023.0,South Korea,KOR,Wind unspecified,0,GW,1.93,0.0,0.04
3.0,2023.0,South Korea,KOR,Wind unspecified,0,GW,1.93,0.0,0.04
4.0,2023.0,South Korea,KOR,Wind unspecified,0,GW,1.93,0.0,0.04
5.0,2023.0,South Korea,KOR,Wind unspecified,0,GW,1.93,0.0,0.04
6.0,2023.0,South Korea,KOR,Wind unspecified,0,GW,1.93,0.0,0.04
7.0,2023.0,South Korea,KOR,Wind unspecified,0,GW,1.93,0.0,0.04
8.0,2023.0,South Korea,KOR,Wind unspecified,0,GW,1.93,0.0,0.04
9.0,2023.0,South Korea,KOR,Wind unspecified,0,GW,1.93,0.0,0.04
10.0,2023.0,South Korea,KOR,Wind unspecified,0,GW,1.94,0.01,0.05
11.0,2023.0,South Korea,KOR,Wind unspecified,0,GW,1.99,0.05,0.1
12.0,2023.0,South Korea,KOR,Wind unspecified,0,GW,2.15,0.16,0.26
1.0,2024.0,South Korea,KOR,Wind unspecified,0,GW,2.19,0.04,0.04
2.0,2024.0,South Korea,KOR,Wind unspecified,0,GW,2.19,0.0,0.04
3.0,2024.0,South Korea,KOR,Wind unspecified,0,GW,2.19,0.0,0.04
4.0,2024.0,South Korea,KOR,Wind unspecified,0,GW,2.23,0.04,0.08
5.0,2024.0,South Korea,KOR,Wind unspecified,0,GW,2.23,0.0,0.08
6.0,2024.0,South Korea,KOR,Wind unspecified,0,GW,2.23,0.0,0.08
7.0,2024.0,South Korea,KOR,Wind unspecified,0,GW,2.23,0.0,0.08
8.0,2024.0,South Korea,KOR,Wind unspecified,0,GW,2.23,0.0,0.08
9.0,2024.0,South Korea,KOR,Wind unspecified,0,GW,2.23,0.0,0.08
10.0,2024.0,South Korea,KOR,Wind unspecified,0,GW,2.23,0.0,0.08
11.0,2024.0,South Korea,KOR,Wind unspecified,0,GW,2.25,0.02,0.1
12.0,2024.0,South Korea,KOR,Wind unspecified,0,GW,2.25,0.0,0.1
1.0,2025.0,South Korea,KOR,Wind unspecified,0,GW,2.26,0.01,0.01
2.0,2025.0,South Korea,KOR,Wind unspecified,0,GW,2.26,0.0,0.01
3.0,2025.0,South Korea,KOR,Wind unspecified,0,GW,2.26,0.0,0.01
4.0,2025.0,South Korea,KOR,Wind unspecified,0,GW,2.26,0.0,0.01
5.0,2025.0,South Korea,KOR,Wind unspecified,0,GW,2.26,0.0,0.01
6.0,2025.0,South Korea,KOR,Wind unspecified,0,GW,2.27,0.01,0.02
7.0,2025.0,South Korea,KOR,Wind unspecified,0,GW,2.29,0.02,0.04
8.0,2025.0,South Korea,KOR,Wind unspecified,0,GW,2.29,0.0,0.04
12.0,2017.0,South Korea,KOR,Wind,1,GW,1.21,,
1.0,2018.0,South Korea,KOR,Wind,1,GW,1.21,0.0,0.0
2.0,2018.0,South Korea,KOR,Wind,1,GW,1.21,0.0,0.0
3.0,2018.0,South Korea,KOR,Wind,1,GW,1.27,0.06,0.06
4.0,2018.0,South Korea,KOR,Wind,1,GW,1.27,0.0,0.06
5.0,2018.0,South Korea,KOR,Wind,1,GW,1.27,0.0,0.06
6.0,2018.0,South Korea,KOR,Wind,1,GW,1.27,0.0,0.06
7.0,2018.0,South Korea,KOR,Wind,1,GW,1.28,0.01,0.07
8.0,2018.0,South Korea,KOR,Wind,1,GW,1.28,0.0,0.07
9.0,2018.0,South Korea,KOR,Wind,1,GW,1.28,0.0,0.07
10.0,2018.0,South Korea,KOR,Wind,1,GW,1.28,0.0,0.07
11.0,2018.0,South Korea,KOR,Wind,1,GW,1.42,0.14,0.21
12.0,2018.0,South Korea,KOR,Wind,1,GW,1.42,0.0,0.21
1.0,2019.0,South Korea,KOR,Wind,1,GW,1.42,0.0,0.0
2.0,2019.0,South Korea,KOR,Wind,1,GW,1.42,0.0,0.0
3.0,2019.0,South Korea,KOR,Wind,1,GW,1.42,0.0,0.0
4.0,2019.0,South Korea,KOR,Wind,1,GW,1.42,0.0,0.0
5.0,2019.0,South Korea,KOR,Wind,1,GW,1.42,0.0,0.0
6.0,2019.0,South Korea,KOR,Wind,1,GW,1.46,0.04,0.04
7.0,2019.0,South Korea,KOR,Wind,1,GW,1.46,0.0,0.04
8.0,2019.0,South Korea,KOR,Wind,1,GW,1.42,-0.04,0.0
9.0,2019.0,South Korea,KOR,Wind,1,GW,1.42,0.0,0.0
10.0,2019.0,South Korea,KOR,Wind,1,GW,1.49,0.07,0.07
11.0,2019.0,South Korea,KOR,Wind,1,GW,1.49,0.0,0.07
12.0,2019.0,South Korea,KOR,Wind,1,GW,1.51,0.02,0.09
1.0,2020.0,South Korea,KOR,Wind,1,GW,1.51,0.0,0.0
2.0,2020.0,South Korea,KOR,Wind,1,GW,1.51,0.0,0.0
3.0,2020.0,South Korea,KOR,Wind,1,GW,1.51,0.0,0.0
4.0,2020.0,South Korea,KOR,Wind,1,GW,1.56,0.05,0.05
5.0,2020.0,South Korea,KOR,Wind,1,GW,1.56,0.0,0.05
6.0,2020.0,South Korea,KOR,Wind,1,GW,1.56,0.0,0.05
7.0,2020.0,South Korea,KOR,Wind,1,GW,1.58,0.02,0.07
8.0,2020.0,South Korea,KOR,Wind,1,GW,1.58,0.0,0.07
9.0,2020.0,South Korea,KOR,Wind,1,GW,1.62,0.04,0.11
10.0,2020.0,South Korea,KOR,Wind,1,GW,1.62,0.0,0.11
11.0,2020.0,South Korea,KOR,Wind,1,GW,1.62,0.0,0.11
12.0,2020.0,South Korea,KOR,Wind,1,GW,1.64,0.02,0.13
1.0,2021.0,South Korea,KOR,Wind,1,GW,1.64,0.0,0.0
2.0,2021.0,South Korea,KOR,Wind,1,GW,1.64,0.0,0.0
3.0,2021.0,South Korea,KOR,Wind,1,GW,1.69,0.05,0.05
4.0,2021.0,South Korea,KOR,Wind,1,GW,1.69,0.0,0.05
5.0,2021.0,South Korea,KOR,Wind,1,GW,1.69,0.0,0.05
6.0,2021.0,South Korea,KOR,Wind,1,GW,1.69,0.0,0.05
7.0,2021.0,South Korea,KOR,Wind,1,GW,1.69,0.0,0.05
8.0,2021.0,South Korea,KOR,Wind,1,GW,1.69,0.0,0.05
9.0,2021.0,South Korea,KOR,Wind,1,GW,1.71,0.02,0.07
10.0,2021.0,South Korea,KOR,Wind,1,GW,1.71,0.0,0.07
11.0,2021.0,South Korea,KOR,Wind,1,GW,1.71,0.0,0.07
12.0,2021.0,South Korea,KOR,Wind,1,GW,1.71,0.0,0.07
1.0,2022.0,South Korea,KOR,Wind,1,GW,1.73,0.02,0.02
2.0,2022.0,South Korea,KOR,Wind,1,GW,1.73,0.0,0.02
3.0,2022.0,South Korea,KOR,Wind,1,GW,1.73,0.0,0.02
4.0,2022.0,South Korea,KOR,Wind,1,GW,1.73,0.0,0.02
5.0,2022.0,South Korea,KOR,Wind,1,GW,1.73,0.0,0.02
6.0,2022.0,South Korea,KOR,Wind,1,GW,1.75,0.02,0.04
7.0,2022.0,South Korea,KOR,Wind,1,GW,1.75,0.0,0.04
8.0,2022.0,South Korea,KOR,Wind,1,GW,1.75,0.0,0.04
9.0,2022.0,South Korea,KOR,Wind,1,GW,1.75,0.0,0.04
10.0,2022.0,South Korea,KOR,Wind,1,GW,1.77,0.02,0.06
11.0,2022.0,South Korea,KOR,Wind,1,GW,1.78,0.01,0.07
12.0,2022.0,South Korea,KOR,Wind,1,GW,1.89,0.11,0.18
1.0,2023.0,South Korea,KOR,Wind,1,GW,1.93,0.04,0.04
2.0,2023.0,South Korea,KOR,Wind,1,GW,1.93,0.0,0.04
3.0,2023.0,South Korea,KOR,Wind,1,GW,1.93,0.0,0.04
4.0,2023.0,South Korea,KOR,Wind,1,GW,1.93,0.0,0.04
5.0,2023.0,South Korea,KOR,Wind,1,GW,1.93,0.0,0.04
6.0,2023.0,South Korea,KOR,Wind,1,GW,1.93,0.0,0.04
7.0,2023.0,South Korea,KOR,Wind,1,GW,1.93,0.0,0.04
8.0,2023.0,South Korea,KOR,Wind,1,GW,1.93,0.0,0.04
9.0,2023.0,South Korea,KOR,Wind,1,GW,1.93,0.0,0.04
10.0,2023.0,South Korea,KOR,Wind,1,GW,1.94,0.01,0.05
11.0,2023.0,South Korea,KOR,Wind,1,GW,1.99,0.05,0.1
12.0,2023.0,South Korea,KOR,Wind,1,GW,2.15,0.16,0.26
1.0,2024.0,South Korea,KOR,Wind,1,GW,2.19,0.04,0.04
2.0,2024.0,South Korea,KOR,Wind,1,GW,2.19,0.0,0.04
3.0,2024.0,South Korea,KOR,Wind,1,GW,2.19,0.0,0.04
4.0,2024.0,South Korea,KOR,Wind,1,GW,2.23,0.04,0.08
5.0,2024.0,South Korea,KOR,Wind,1,GW,2.23,0.0,0.08
6.0,2024.0,South Korea,KOR,Wind,1,GW,2.23,0.0,0.08
7.0,2024.0,South Korea,KOR,Wind,1,GW,2.23,0.0,0.08
8.0,2024.0,South Korea,KOR,Wind,1,GW,2.23,0.0,0.08
9.0,2024.0,South Korea,KOR,Wind,1,GW,2.23,0.0,0.08
10.0,2024.0,South Korea,KOR,Wind,1,GW,2.23,0.0,0.08
11.0,2024.0,South Korea,KOR,Wind,1,GW,2.25,0.02,0.1
12.0,2024.0,South Korea,KOR,Wind,1,GW,2.25,0.0,0.1
1.0,2025.0,South Korea,KOR,Wind,1,GW,2.26,0.01,0.01
2.0,2025.0,South Korea,KOR,Wind,1,GW,2.26,0.0,0.01
3.0,2025.0,South Korea,KOR,Wind,1,GW,2.26,0.0,0.01
4.0,2025.0,South Korea,KOR,Wind,1,GW,2.26,0.0,0.01
5.0,2025.0,South Korea,KOR,Wind,1,GW,2.26,0.0,0.01
6.0,2025.0,South Korea,KOR,Wind,1,GW,2.27,0.01,0.02
7.0,2025.0,South Korea,KOR,Wind,1,GW,2.29,0.02,0.04
8.0,2025.0,South Korea,KOR,Wind,1,GW,2.29,0.0,0.04
12.0,2017.0,South Korea,KOR,Wind and solar,1,GW,7.8,,
1.0,2018.0,South Korea,KOR,Wind and solar,1,GW,7.8,0.0,0.0
2.0,2018.0,South Korea,KOR,Wind and solar,1,GW,7.8,0.0,0.0
3.0,2018.0,South Korea,KOR,Wind and solar,1,GW,8.13,0.33,0.33
4.0,2018.0,South Korea,KOR,Wind and solar,1,GW,8.13,0.0,0.33
5.0,2018.0,South Korea,KOR,Wind and solar,1,GW,8.61,0.48,0.81
6.0,2018.0,South Korea,KOR,Wind and solar,1,GW,8.61,0.0,0.81
7.0,2018.0,South Korea,KOR,Wind and solar,1,GW,8.82,0.21,1.02
8.0,2018.0,South Korea,KOR,Wind and solar,1,GW,9.39,0.57,1.59
9.0,2018.0,South Korea,KOR,Wind and solar,1,GW,9.39,0.0,1.59
10.0,2018.0,South Korea,KOR,Wind and solar,1,GW,9.39,0.0,1.59
11.0,2018.0,South Korea,KOR,Wind and solar,1,GW,9.65,0.26,1.85
12.0,2018.0,South Korea,KOR,Wind and solar,1,GW,10.69,1.04,2.89
1.0,2019.0,South Korea,KOR,Wind and solar,1,GW,10.9,0.21,0.21
2.0,2019.0,South Korea,KOR,Wind and solar,1,GW,10.9,0.0,0.21
3.0,2019.0,South Korea,KOR,Wind and solar,1,GW,11.51,0.61,0.82
4.0,2019.0,South Korea,KOR,Wind and solar,1,GW,11.51,0.0,0.82
5.0,2019.0,South Korea,KOR,Wind and solar,1,GW,11.51,0.0,0.82
6.0,2019.0,South Korea,KOR,Wind and solar,1,GW,12.68,1.17,1.99
7.0,2019.0,South Korea,KOR,Wind and solar,1,GW,12.68,0.0,1.99
8.0,2019.0,South Korea,KOR,Wind and solar,1,GW,13.18,0.5,2.49
9.0,2019.0,South Korea,KOR,Wind and solar,1,GW,13.24,0.06,2.55
10.0,2019.0,South Korea,KOR,Wind and solar,1,GW,14.07,0.83,3.38
11.0,2019.0,South Korea,KOR,Wind and solar,1,GW,14.07,0.0,3.38
12.0,2019.0,South Korea,KOR,Wind and solar,1,GW,15.17,1.1,4.48
1.0,2020.0,South Korea,KOR,Wind and solar,1,GW,15.32,0.15,0.15
2.0,2020.0,South Korea,KOR,Wind and solar,1,GW,15.95,0.63,0.78
3.0,2020.0,South Korea,KOR,Wind and solar,1,GW,15.95,0.0,0.78
4.0,2020.0,South Korea,KOR,Wind and solar,1,GW,16.44,0.49,1.27
5.0,2020.0,South Korea,KOR,Wind and solar,1,GW,17.04,0.6,1.87
6.0,2020.0,South Korea,KOR,Wind and solar,1,GW,17.74,0.7,2.57
7.0,2020.0,South Korea,KOR,Wind and solar,1,GW,18.35,0.61,3.18
8.0,2020.0,South Korea,KOR,Wind and solar,1,GW,18.65,0.3,3.48
9.0,2020.0,South Korea,KOR,Wind and solar,1,GW,19.07,0.42,3.9
10.0,2020.0,South Korea,KOR,Wind and solar,1,GW,19.49,0.42,4.32
11.0,2020.0,South Korea,KOR,Wind and solar,1,GW,19.84,0.35,4.67
12.0,2020.0,South Korea,KOR,Wind and solar,1,GW,20.58,0.74,5.41
1.0,2021.0,South Korea,KOR,Wind and solar,1,GW,20.68,0.1,0.1
2.0,2021.0,South Korea,KOR,Wind and solar,1,GW,21.39,0.71,0.81
3.0,2021.0,South Korea,KOR,Wind and solar,1,GW,22.1,0.71,1.52
4.0,2021.0,South Korea,KOR,Wind and solar,1,GW,22.36,0.26,1.78
5.0,2021.0,South Korea,KOR,Wind and solar,1,GW,22.4,0.04,1.82
6.0,2021.0,South Korea,KOR,Wind and solar,1,GW,22.52,0.12,1.94
7.0,2021.0,South Korea,KOR,Wind and solar,1,GW,23.33,0.81,2.75
8.0,2021.0,South Korea,KOR,Wind and solar,1,GW,23.71,0.38,3.13
9.0,2021.0,South Korea,KOR,Wind and solar,1,GW,24.14,0.43,3.56
10.0,2021.0,South Korea,KOR,Wind and solar,1,GW,24.5,0.36,3.92
11.0,2021.0,South Korea,KOR,Wind and solar,1,GW,24.74,0.24,4.16
12.0,2021.0,South Korea,KOR,Wind and solar,1,GW,25.32,0.58,4.74
1.0,2022.0,South Korea,KOR,Wind and solar,1,GW,25.86,0.54,0.54
2.0,2022.0,South Korea,KOR,Wind and solar,1,GW,26.05,0.19,0.73
3.0,2022.0,South Korea,KOR,Wind and solar,1,GW,26.68,0.63,1.36
4.0,2022.0,South Korea,KOR,Wind and solar,1,GW,26.85,0.17,1.53
5.0,2022.0,South Korea,KOR,Wind and solar,1,GW,27.14,0.29,1.82
6.0,2022.0,South Korea,KOR,Wind and solar,1,GW,27.6,0.46,2.28
7.0,2022.0,South Korea,KOR,Wind and solar,1,GW,27.63,0.03,2.31
8.0,2022.0,South Korea,KOR,Wind and solar,1,GW,28.12,0.49,2.8
9.0,2022.0,South Korea,KOR,Wind and solar,1,GW,28.22,0.1,2.9
10.0,2022.0,South Korea,KOR,Wind and solar,1,GW,28.47,0.25,3.15
11.0,2022.0,South Korea,KOR,Wind and solar,1,GW,28.73,0.26,3.41
12.0,2022.0,South Korea,KOR,Wind and solar,1,GW,29.16,0.43,3.84
1.0,2023.0,South Korea,KOR,Wind and solar,1,GW,29.96,0.8,0.8
2.0,2023.0,South Korea,KOR,Wind and solar,1,GW,30.23,0.27,1.07
3.0,2023.0,South Korea,KOR,Wind and solar,1,GW,30.48,0.25,1.32
4.0,2023.0,South Korea,KOR,Wind and solar,1,GW,30.52,0.04,1.36
5.0,2023.0,South Korea,KOR,Wind and solar,1,GW,30.7,0.18,1.54
6.0,2023.0,South Korea,KOR,Wind and solar,1,GW,30.95,0.25,1.79
7.0,2023.0,South Korea,KOR,Wind and solar,1,GW,31.26,0.31,2.1
8.0,2023.0,South Korea,KOR,Wind and solar,1,GW,31.95,0.69,2.79
9.0,2023.0,South Korea,KOR,Wind and solar,1,GW,32.12,0.17,2.96
10.0,2023.0,South Korea,KOR,Wind and solar,1,GW,32.4,0.28,3.24
11.0,2023.0,South Korea,KOR,Wind and solar,1,GW,33.19,0.79,4.03
12.0,2023.0,South Korea,KOR,Wind and solar,1,GW,33.28,0.09,4.12
1.0,2024.0,South Korea,KOR,Wind and solar,1,GW,33.7,0.42,0.42
2.0,2024.0,South Korea,KOR,Wind and solar,1,GW,34.03,0.33,0.75
3.0,2024.0,South Korea,KOR,Wind and solar,1,GW,34.26,0.23,0.98
4.0,2024.0,South Korea,KOR,Wind and solar,1,GW,34.55,0.29,1.27
5.0,2024.0,South Korea,KOR,Wind and solar,1,GW,34.63,0.08,1.35
6.0,2024.0,South Korea,KOR,Wind and solar,1,GW,34.95,0.32,1.67
7.0,2024.0,South Korea,KOR,Wind and solar,1,GW,35.52,0.57,2.24
8.0,2024.0,South Korea,KOR,Wind and solar,1,GW,35.82,0.3,2.54
9.0,2024.0,South Korea,KOR,Wind and solar,1,GW,36.13,0.31,2.85
10.0,2024.0,South Korea,KOR,Wind and solar,1,GW,36.64,0.51,3.36
11.0,2024.0,South Korea,KOR,Wind and solar,1,GW,37.13,0.49,3.85
12.0,2024.0,South Korea,KOR,Wind and solar,1,GW,37.47,0.34,4.19
1.0,2025.0,South Korea,KOR,Wind and solar,1,GW,37.95,0.48,0.48
2.0,2025.0,South Korea,KOR,Wind and solar,1,GW,38.0,0.05,0.53
3.0,2025.0,South Korea,KOR,Wind and solar,1,GW,38.53,0.53,1.06
4.0,2025.0,South Korea,KOR,Wind and solar,1,GW,39.03,0.5,1.56
5.0,2025.0,South Korea,KOR,Wind and solar,1,GW,39.51,0.48,2.04
6.0,2025.0,South Korea,KOR,Wind and solar,1,GW,39.8,0.29,2.33
7.0,2025.0,South Korea,KOR,Wind and solar,1,GW,40.28,0.48,2.81
8.0,2025.0,South Korea,KOR,Wind and solar,1,GW,40.73,0.45,3.26
1.0,2016.0,Netherlands,NLD,Solar,0,GWAC,1.18,,
2.0,2016.0,Netherlands,NLD,Solar,0,GWAC,1.19,0.01,
3.0,2016.0,Netherlands,NLD,Solar,0,GWAC,1.22,0.03,
4.0,2016.0,Netherlands,NLD,Solar,0,GWAC,1.26,0.04,
5.0,2016.0,Netherlands,NLD,Solar,0,GWAC,1.29,0.03,
6.0,2016.0,Netherlands,NLD,Solar,0,GWAC,1.33,0.04,
7.0,2016.0,Netherlands,NLD,Solar,0,GWAC,1.37,0.04,
8.0,2016.0,Netherlands,NLD,Solar,0,GWAC,1.41,0.04,
9.0,2016.0,Netherlands,NLD,Solar,0,GWAC,1.44,0.03,
10.0,2016.0,Netherlands,NLD,Solar,0,GWAC,1.48,0.04,
11.0,2016.0,Netherlands,NLD,Solar,0,GWAC,1.51,0.03,
12.0,2016.0,Netherlands,NLD,Solar,0,GWAC,1.55,0.04,
1.0,2017.0,Netherlands,NLD,Solar,0,GWAC,1.59,0.04,0.04
2.0,2017.0,Netherlands,NLD,Solar,0,GWAC,1.63,0.04,0.08
3.0,2017.0,Netherlands,NLD,Solar,0,GWAC,1.68,0.05,0.13
4.0,2017.0,Netherlands,NLD,Solar,0,GWAC,1.72,0.04,0.17
5.0,2017.0,Netherlands,NLD,Solar,0,GWAC,1.76,0.04,0.21
6.0,2017.0,Netherlands,NLD,Solar,0,GWAC,1.8,0.04,0.25
7.0,2017.0,Netherlands,NLD,Solar,0,GWAC,1.84,0.04,0.29
8.0,2017.0,Netherlands,NLD,Solar,0,GWAC,1.89,0.05,0.34
9.0,2017.0,Netherlands,NLD,Solar,0,GWAC,1.93,0.04,0.38
10.0,2017.0,Netherlands,NLD,Solar,0,GWAC,1.97,0.04,0.42
11.0,2017.0,Netherlands,NLD,Solar,0,GWAC,2.01,0.04,0.46
12.0,2017.0,Netherlands,NLD,Solar,0,GWAC,2.06,0.05,0.51
1.0,2018.0,Netherlands,NLD,Solar,0,GWAC,2.16,0.1,0.1
2.0,2018.0,Netherlands,NLD,Solar,0,GWAC,2.23,0.07,0.17
3.0,2018.0,Netherlands,NLD,Solar,0,GWAC,2.3,0.07,0.24
4.0,2018.0,Netherlands,NLD,Solar,0,GWAC,2.38,0.08,0.32
5.0,2018.0,Netherlands,NLD,Solar,0,GWAC,2.46,0.08,0.4
6.0,2018.0,Netherlands,NLD,Solar,0,GWAC,2.54,0.08,0.48
7.0,2018.0,Netherlands,NLD,Solar,0,GWAC,2.63,0.09,0.57
8.0,2018.0,Netherlands,NLD,Solar,0,GWAC,2.74,0.11,0.68
9.0,2018.0,Netherlands,NLD,Solar,0,GWAC,2.86,0.12,0.8
10.0,2018.0,Netherlands,NLD,Solar,0,GWAC,2.96,0.1,0.9
11.0,2018.0,Netherlands,NLD,Solar,0,GWAC,3.08,0.12,1.02
12.0,2018.0,Netherlands,NLD,Solar,0,GWAC,3.2,0.12,1.14
1.0,2019.0,Netherlands,NLD,Solar,0,GWAC,3.32,0.12,0.12
2.0,2019.0,Netherlands,NLD,Solar,0,GWAC,3.44,0.12,0.24
3.0,2019.0,Netherlands,NLD,Solar,0,GWAC,3.55,0.11,0.35
4.0,2019.0,Netherlands,NLD,Solar,0,GWAC,3.7,0.15,0.5
5.0,2019.0,Netherlands,NLD,Solar,0,GWAC,3.92,0.22,0.72
6.0,2019.0,Netherlands,NLD,Solar,0,GWAC,4.14,0.22,0.94
7.0,2019.0,Netherlands,NLD,Solar,0,GWAC,4.35,0.21,1.15
8.0,2019.0,Netherlands,NLD,Solar,0,GWAC,4.58,0.23,1.38
9.0,2019.0,Netherlands,NLD,Solar,0,GWAC,4.78,0.2,1.58
10.0,2019.0,Netherlands,NLD,Solar,0,GWAC,5.01,0.23,1.81
11.0,2019.0,Netherlands,NLD,Solar,0,GWAC,5.22,0.21,2.02
12.0,2019.0,Netherlands,NLD,Solar,0,GWAC,5.45,0.23,2.25
1.0,2020.0,Netherlands,NLD,Solar,0,GWAC,5.7,0.25,0.25
2.0,2020.0,Netherlands,NLD,Solar,0,GWAC,5.93,0.23,0.48
3.0,2020.0,Netherlands,NLD,Solar,0,GWAC,6.2,0.27,0.75
4.0,2020.0,Netherlands,NLD,Solar,0,GWAC,6.43,0.23,0.98
5.0,2020.0,Netherlands,NLD,Solar,0,GWAC,6.68,0.25,1.23
6.0,2020.0,Netherlands,NLD,Solar,0,GWAC,6.93,0.25,1.48
7.0,2020.0,Netherlands,NLD,Solar,0,GWAC,7.18,0.25,1.73
8.0,2020.0,Netherlands,NLD,Solar,0,GWAC,7.41,0.23,1.96
9.0,2020.0,Netherlands,NLD,Solar,0,GWAC,7.67,0.26,2.22
10.0,2020.0,Netherlands,NLD,Solar,0,GWAC,7.91,0.24,2.46
11.0,2020.0,Netherlands,NLD,Solar,0,GWAC,8.15,0.24,2.7
12.0,2020.0,Netherlands,NLD,Solar,0,GWAC,8.42,0.27,2.97
1.0,2021.0,Netherlands,NLD,Solar,0,GWAC,8.69,0.27,0.27
2.0,2021.0,Netherlands,NLD,Solar,0,GWAC,8.92,0.23,0.5
3.0,2021.0,Netherlands,NLD,Solar,0,GWAC,9.14,0.22,0.72
4.0,2021.0,Netherlands,NLD,Solar,0,GWAC,9.38,0.24,0.96
5.0,2021.0,Netherlands,NLD,Solar,0,GWAC,9.61,0.23,1.19
6.0,2021.0,Netherlands,NLD,Solar,0,GWAC,9.83,0.22,1.41
7.0,2021.0,Netherlands,NLD,Solar,0,GWAC,10.09,0.26,1.67
8.0,2021.0,Netherlands,NLD,Solar,0,GWAC,10.32,0.23,1.9
9.0,2021.0,Netherlands,NLD,Solar,0,GWAC,10.55,0.23,2.13
10.0,2021.0,Netherlands,NLD,Solar,0,GWAC,10.79,0.24,2.37
11.0,2021.0,Netherlands,NLD,Solar,0,GWAC,11.03,0.24,2.61
12.0,2021.0,Netherlands,NLD,Solar,0,GWAC,11.28,0.25,2.86
1.0,2022.0,Netherlands,NLD,Solar,0,GWAC,11.56,0.28,0.28
2.0,2022.0,Netherlands,NLD,Solar,0,GWAC,11.88,0.32,0.6
3.0,2022.0,Netherlands,NLD,Solar,0,GWAC,12.15,0.27,0.87
4.0,2022.0,Netherlands,NLD,Solar,0,GWAC,12.48,0.33,1.2
5.0,2022.0,Netherlands,NLD,Solar,0,GWAC,12.76,0.28,1.48
6.0,2022.0,Netherlands,NLD,Solar,0,GWAC,13.08,0.32,1.8
7.0,2022.0,Netherlands,NLD,Solar,0,GWAC,13.38,0.3,2.1
8.0,2022.0,Netherlands,NLD,Solar,0,GWAC,13.68,0.3,2.4
9.0,2022.0,Netherlands,NLD,Solar,0,GWAC,13.98,0.3,2.7
10.0,2022.0,Netherlands,NLD,Solar,0,GWAC,14.29,0.31,3.01
11.0,2022.0,Netherlands,NLD,Solar,0,GWAC,14.59,0.3,3.31
12.0,2022.0,Netherlands,NLD,Solar,0,GWAC,14.91,0.32,3.63
1.0,2023.0,Netherlands,NLD,Solar,0,GWAC,15.24,0.33,0.33
2.0,2023.0,Netherlands,NLD,Solar,0,GWAC,15.55,0.31,0.64
3.0,2023.0,Netherlands,NLD,Solar,0,GWAC,15.83,0.28,0.92
4.0,2023.0,Netherlands,NLD,Solar,0,GWAC,16.14,0.31,1.23
5.0,2023.0,Netherlands,NLD,Solar,0,GWAC,16.46,0.32,1.55
6.0,2023.0,Netherlands,NLD,Solar,0,GWAC,16.75,0.29,1.84
7.0,2023.0,Netherlands,NLD,Solar,0,GWAC,17.05,0.3,2.14
8.0,2023.0,Netherlands,NLD,Solar,0,GWAC,17.38,0.33,2.47
9.0,2023.0,Netherlands,NLD,Solar,0,GWAC,17.67,0.29,2.76
10.0,2023.0,Netherlands,NLD,Solar,0,GWAC,17.97,0.3,3.06
11.0,2023.0,Netherlands,NLD,Solar,0,GWAC,18.29,0.32,3.38
12.0,2023.0,Netherlands,NLD,Solar,0,GWAC,18.6,0.31,3.69
1.0,2024.0,Netherlands,NLD,Solar,0,GWAC,18.91,0.31,0.31
2.0,2024.0,Netherlands,NLD,Solar,0,GWAC,19.15,0.24,0.55
3.0,2024.0,Netherlands,NLD,Solar,0,GWAC,19.39,0.24,0.79
4.0,2024.0,Netherlands,NLD,Solar,0,GWAC,19.65,0.26,1.05
5.0,2024.0,Netherlands,NLD,Solar,0,GWAC,19.89,0.24,1.29
6.0,2024.0,Netherlands,NLD,Solar,0,GWAC,20.15,0.26,1.55
7.0,2024.0,Netherlands,NLD,Solar,0,GWAC,20.4,0.25,1.8
8.0,2024.0,Netherlands,NLD,Solar,0,GWAC,20.64,0.24,2.04
9.0,2024.0,Netherlands,NLD,Solar,0,GWAC,20.89,0.25,2.29
10.0,2024.0,Netherlands,NLD,Solar,0,GWAC,21.13,0.24,2.53
11.0,2024.0,Netherlands,NLD,Solar,0,GWAC,21.39,0.26,2.79
12.0,2024.0,Netherlands,NLD,Solar,0,GWAC,21.64,0.25,3.04
1.0,2025.0,Netherlands,NLD,Solar,0,GWAC,21.91,0.27,0.27
2.0,2025.0,Netherlands,NLD,Solar,0,GWAC,22.15,0.24,0.51
3.0,2025.0,Netherlands,NLD,Solar,0,GWAC,22.39,0.24,0.75
4.0,2025.0,Netherlands,NLD,Solar,0,GWAC,22.63,0.24,0.99
5.0,2025.0,Netherlands,NLD,Solar,0,GWAC,22.88,0.25,1.24
6.0,2025.0,Netherlands,NLD,Solar,0,GWAC,23.13,0.25,1.49
7.0,2025.0,Netherlands,NLD,Solar,0,GWAC,23.37,0.24,1.73
8.0,2025.0,Netherlands,NLD,Solar,0,GWAC,23.63,0.26,1.99
1.0,2016.0,Netherlands,NLD,Solar,0,GWDC,1.54,,
2.0,2016.0,Netherlands,NLD,Solar,0,GWDC,1.55,0.01,
3.0,2016.0,Netherlands,NLD,Solar,0,GWDC,1.59,0.04,
4.0,2016.0,Netherlands,NLD,Solar,0,GWDC,1.64,0.05,
5.0,2016.0,Netherlands,NLD,Solar,0,GWDC,1.68,0.04,
6.0,2016.0,Netherlands,NLD,Solar,0,GWDC,1.73,0.05,
7.0,2016.0,Netherlands,NLD,Solar,0,GWDC,1.78,0.05,
8.0,2016.0,Netherlands,NLD,Solar,0,GWDC,1.83,0.05,
9.0,2016.0,Netherlands,NLD,Solar,0,GWDC,1.87,0.04,
10.0,2016.0,Netherlands,NLD,Solar,0,GWDC,1.92,0.05,
11.0,2016.0,Netherlands,NLD,Solar,0,GWDC,1.97,0.05,
12.0,2016.0,Netherlands,NLD,Solar,0,GWDC,2.01,0.04,
1.0,2017.0,Netherlands,NLD,Solar,0,GWDC,2.07,0.06,0.06
2.0,2017.0,Netherlands,NLD,Solar,0,GWDC,2.12,0.05,0.11
3.0,2017.0,Netherlands,NLD,Solar,0,GWDC,2.18,0.06,0.17
4.0,2017.0,Netherlands,NLD,Solar,0,GWDC,2.23,0.05,0.22
5.0,2017.0,Netherlands,NLD,Solar,0,GWDC,2.29,0.06,0.28
6.0,2017.0,Netherlands,NLD,Solar,0,GWDC,2.34,0.05,0.33
7.0,2017.0,Netherlands,NLD,Solar,0,GWDC,2.39,0.05,0.38
8.0,2017.0,Netherlands,NLD,Solar,0,GWDC,2.45,0.06,0.44
9.0,2017.0,Netherlands,NLD,Solar,0,GWDC,2.5,0.05,0.49
10.0,2017.0,Netherlands,NLD,Solar,0,GWDC,2.56,0.06,0.55
11.0,2017.0,Netherlands,NLD,Solar,0,GWDC,2.61,0.05,0.6
12.0,2017.0,Netherlands,NLD,Solar,0,GWDC,2.67,0.06,0.66
1.0,2018.0,Netherlands,NLD,Solar,0,GWDC,2.8,0.13,0.13
2.0,2018.0,Netherlands,NLD,Solar,0,GWDC,2.9,0.1,0.23
3.0,2018.0,Netherlands,NLD,Solar,0,GWDC,3.0,0.1,0.33
4.0,2018.0,Netherlands,NLD,Solar,0,GWDC,3.1,0.1,0.43
5.0,2018.0,Netherlands,NLD,Solar,0,GWDC,3.19,0.09,0.52
6.0,2018.0,Netherlands,NLD,Solar,0,GWDC,3.3,0.11,0.63
7.0,2018.0,Netherlands,NLD,Solar,0,GWDC,3.41,0.11,0.74
8.0,2018.0,Netherlands,NLD,Solar,0,GWDC,3.56,0.15,0.89
9.0,2018.0,Netherlands,NLD,Solar,0,GWDC,3.72,0.16,1.05
10.0,2018.0,Netherlands,NLD,Solar,0,GWDC,3.85,0.13,1.18
11.0,2018.0,Netherlands,NLD,Solar,0,GWDC,4.0,0.15,1.33
12.0,2018.0,Netherlands,NLD,Solar,0,GWDC,4.16,0.16,1.49
1.0,2019.0,Netherlands,NLD,Solar,0,GWDC,4.32,0.16,0.16
2.0,2019.0,Netherlands,NLD,Solar,0,GWDC,4.47,0.15,0.31
3.0,2019.0,Netherlands,NLD,Solar,0,GWDC,4.61,0.14,0.45
4.0,2019.0,Netherlands,NLD,Solar,0,GWDC,4.81,0.2,0.65
5.0,2019.0,Netherlands,NLD,Solar,0,GWDC,5.1,0.29,0.94
6.0,2019.0,Netherlands,NLD,Solar,0,GWDC,5.39,0.29,1.23
7.0,2019.0,Netherlands,NLD,Solar,0,GWDC,5.66,0.27,1.5
8.0,2019.0,Netherlands,NLD,Solar,0,GWDC,5.96,0.3,1.8
9.0,2019.0,Netherlands,NLD,Solar,0,GWDC,6.22,0.26,2.06
10.0,2019.0,Netherlands,NLD,Solar,0,GWDC,6.52,0.3,2.36
11.0,2019.0,Netherlands,NLD,Solar,0,GWDC,6.79,0.27,2.63
12.0,2019.0,Netherlands,NLD,Solar,0,GWDC,7.08,0.29,2.92
1.0,2020.0,Netherlands,NLD,Solar,0,GWDC,7.41,0.33,0.33
2.0,2020.0,Netherlands,NLD,Solar,0,GWDC,7.71,0.3,0.63
3.0,2020.0,Netherlands,NLD,Solar,0,GWDC,8.06,0.35,0.98
4.0,2020.0,Netherlands,NLD,Solar,0,GWDC,8.35,0.29,1.27
5.0,2020.0,Netherlands,NLD,Solar,0,GWDC,8.68,0.33,1.6
6.0,2020.0,Netherlands,NLD,Solar,0,GWDC,9.0,0.32,1.92
7.0,2020.0,Netherlands,NLD,Solar,0,GWDC,9.33,0.33,2.25
8.0,2020.0,Netherlands,NLD,Solar,0,GWDC,9.63,0.3,2.55
9.0,2020.0,Netherlands,NLD,Solar,0,GWDC,9.96,0.33,2.88
10.0,2020.0,Netherlands,NLD,Solar,0,GWDC,10.29,0.33,3.21
11.0,2020.0,Netherlands,NLD,Solar,0,GWDC,10.6,0.31,3.52
12.0,2020.0,Netherlands,NLD,Solar,0,GWDC,10.95,0.35,3.87
1.0,2021.0,Netherlands,NLD,Solar,0,GWDC,11.29,0.34,0.34
2.0,2021.0,Netherlands,NLD,Solar,0,GWDC,11.59,0.3,0.64
3.0,2021.0,Netherlands,NLD,Solar,0,GWDC,11.89,0.3,0.94
4.0,2021.0,Netherlands,NLD,Solar,0,GWDC,12.19,0.3,1.24
5.0,2021.0,Netherlands,NLD,Solar,0,GWDC,12.5,0.31,1.55
6.0,2021.0,Netherlands,NLD,Solar,0,GWDC,12.78,0.28,1.83
7.0,2021.0,Netherlands,NLD,Solar,0,GWDC,13.11,0.33,2.16
8.0,2021.0,Netherlands,NLD,Solar,0,GWDC,13.41,0.3,2.46
9.0,2021.0,Netherlands,NLD,Solar,0,GWDC,13.72,0.31,2.77
10.0,2021.0,Netherlands,NLD,Solar,0,GWDC,14.03,0.31,3.08
11.0,2021.0,Netherlands,NLD,Solar,0,GWDC,14.33,0.3,3.38
12.0,2021.0,Netherlands,NLD,Solar,0,GWDC,14.66,0.33,3.71
1.0,2022.0,Netherlands,NLD,Solar,0,GWDC,15.03,0.37,0.37
2.0,2022.0,Netherlands,NLD,Solar,0,GWDC,15.45,0.42,0.79
3.0,2022.0,Netherlands,NLD,Solar,0,GWDC,15.8,0.35,1.14
4.0,2022.0,Netherlands,NLD,Solar,0,GWDC,16.22,0.42,1.56
5.0,2022.0,Netherlands,NLD,Solar,0,GWDC,16.59,0.37,1.93
6.0,2022.0,Netherlands,NLD,Solar,0,GWDC,17.0,0.41,2.34
7.0,2022.0,Netherlands,NLD,Solar,0,GWDC,17.39,0.39,2.73
8.0,2022.0,Netherlands,NLD,Solar,0,GWDC,17.79,0.4,3.13
9.0,2022.0,Netherlands,NLD,Solar,0,GWDC,18.18,0.39,3.52
10.0,2022.0,Netherlands,NLD,Solar,0,GWDC,18.57,0.39,3.91
11.0,2022.0,Netherlands,NLD,Solar,0,GWDC,18.97,0.4,4.31
12.0,2022.0,Netherlands,NLD,Solar,0,GWDC,19.39,0.42,4.73
1.0,2023.0,Netherlands,NLD,Solar,0,GWDC,19.82,0.43,0.43
2.0,2023.0,Netherlands,NLD,Solar,0,GWDC,20.21,0.39,0.82
3.0,2023.0,Netherlands,NLD,Solar,0,GWDC,20.59,0.38,1.2
4.0,2023.0,Netherlands,NLD,Solar,0,GWDC,20.99,0.4,1.6
5.0,2023.0,Netherlands,NLD,Solar,0,GWDC,21.4,0.41,2.01
6.0,2023.0,Netherlands,NLD,Solar,0,GWDC,21.77,0.37,2.38
7.0,2023.0,Netherlands,NLD,Solar,0,GWDC,22.17,0.4,2.78
8.0,2023.0,Netherlands,NLD,Solar,0,GWDC,22.59,0.42,3.2
9.0,2023.0,Netherlands,NLD,Solar,0,GWDC,22.97,0.38,3.58
10.0,2023.0,Netherlands,NLD,Solar,0,GWDC,23.37,0.4,3.98
11.0,2023.0,Netherlands,NLD,Solar,0,GWDC,23.78,0.41,4.39
12.0,2023.0,Netherlands,NLD,Solar,0,GWDC,24.18,0.4,4.79
1.0,2024.0,Netherlands,NLD,Solar,0,GWDC,24.59,0.41,0.41
2.0,2024.0,Netherlands,NLD,Solar,0,GWDC,24.9,0.31,0.72
3.0,2024.0,Netherlands,NLD,Solar,0,GWDC,25.21,0.31,1.03
4.0,2024.0,Netherlands,NLD,Solar,0,GWDC,25.55,0.34,1.37
5.0,2024.0,Netherlands,NLD,Solar,0,GWDC,25.86,0.31,1.68
6.0,2024.0,Netherlands,NLD,Solar,0,GWDC,26.2,0.34,2.02
7.0,2024.0,Netherlands,NLD,Solar,0,GWDC,26.52,0.32,2.34
8.0,2024.0,Netherlands,NLD,Solar,0,GWDC,26.84,0.32,2.66
9.0,2024.0,Netherlands,NLD,Solar,0,GWDC,27.16,0.32,2.98
10.0,2024.0,Netherlands,NLD,Solar,0,GWDC,27.47,0.31,3.29
11.0,2024.0,Netherlands,NLD,Solar,0,GWDC,27.8,0.33,3.62
12.0,2024.0,Netherlands,NLD,Solar,0,GWDC,28.13,0.33,3.95
1.0,2025.0,Netherlands,NLD,Solar,0,GWDC,28.48,0.35,0.35
2.0,2025.0,Netherlands,NLD,Solar,0,GWDC,28.8,0.32,0.67
3.0,2025.0,Netherlands,NLD,Solar,0,GWDC,29.1,0.3,0.97
4.0,2025.0,Netherlands,NLD,Solar,0,GWDC,29.42,0.32,1.29
5.0,2025.0,Netherlands,NLD,Solar,0,GWDC,29.74,0.32,1.61
6.0,2025.0,Netherlands,NLD,Solar,0,GWDC,30.08,0.34,1.95
7.0,2025.0,Netherlands,NLD,Solar,0,GWDC,30.39,0.31,2.26
8.0,2025.0,Netherlands,NLD,Solar,0,GWDC,30.72,0.33,2.59
1.0,2016.0,Netherlands,NLD,Wind offshore,0,GW,0.35,,
2.0,2016.0,Netherlands,NLD,Wind offshore,0,GW,0.37,0.02,
3.0,2016.0,Netherlands,NLD,Wind offshore,0,GW,0.42,0.05,
4.0,2016.0,Netherlands,NLD,Wind offshore,0,GW,0.48,0.06,
5.0,2016.0,Netherlands,NLD,Wind offshore,0,GW,0.54,0.06,
6.0,2016.0,Netherlands,NLD,Wind offshore,0,GW,0.6,0.06,
7.0,2016.0,Netherlands,NLD,Wind offshore,0,GW,0.65,0.05,
8.0,2016.0,Netherlands,NLD,Wind offshore,0,GW,0.71,0.06,
9.0,2016.0,Netherlands,NLD,Wind offshore,0,GW,0.78,0.07,
10.0,2016.0,Netherlands,NLD,Wind offshore,0,GW,0.83,0.05,
11.0,2016.0,Netherlands,NLD,Wind offshore,0,GW,0.88,0.05,
12.0,2016.0,Netherlands,NLD,Wind offshore,0,GW,0.93,0.05,
1.0,2017.0,Netherlands,NLD,Wind offshore,0,GW,0.96,0.03,0.03
2.0,2017.0,Netherlands,NLD,Wind offshore,0,GW,0.96,0.0,0.03
3.0,2017.0,Netherlands,NLD,Wind offshore,0,GW,0.96,0.0,0.03
4.0,2017.0,Netherlands,NLD,Wind offshore,0,GW,0.96,0.0,0.03
5.0,2017.0,Netherlands,NLD,Wind offshore,0,GW,0.96,0.0,0.03
6.0,2017.0,Netherlands,NLD,Wind offshore,0,GW,0.96,0.0,0.03
7.0,2017.0,Netherlands,NLD,Wind offshore,0,GW,0.96,0.0,0.03
8.0,2017.0,Netherlands,NLD,Wind offshore,0,GW,0.96,0.0,0.03
9.0,2017.0,Netherlands,NLD,Wind offshore,0,GW,0.96,0.0,0.03
10.0,2017.0,Netherlands,NLD,Wind offshore,0,GW,0.96,0.0,0.03
11.0,2017.0,Netherlands,NLD,Wind offshore,0,GW,0.96,0.0,0.03
12.0,2017.0,Netherlands,NLD,Wind offshore,0,GW,0.96,0.0,0.03
1.0,2018.0,Netherlands,NLD,Wind offshore,0,GW,0.96,0.0,0.0
2.0,2018.0,Netherlands,NLD,Wind offshore,0,GW,0.96,0.0,0.0
3.0,2018.0,Netherlands,NLD,Wind offshore,0,GW,0.96,0.0,0.0
4.0,2018.0,Netherlands,NLD,Wind offshore,0,GW,0.96,0.0,0.0
5.0,2018.0,Netherlands,NLD,Wind offshore,0,GW,0.96,0.0,0.0
6.0,2018.0,Netherlands,NLD,Wind offshore,0,GW,0.96,0.0,0.0
7.0,2018.0,Netherlands,NLD,Wind offshore,0,GW,0.96,0.0,0.0
8.0,2018.0,Netherlands,NLD,Wind offshore,0,GW,0.96,0.0,0.0
9.0,2018.0,Netherlands,NLD,Wind offshore,0,GW,0.96,0.0,0.0
10.0,2018.0,Netherlands,NLD,Wind offshore,0,GW,0.96,0.0,0.0
11.0,2018.0,Netherlands,NLD,Wind offshore,0,GW,0.96,0.0,0.0
12.0,2018.0,Netherlands,NLD,Wind offshore,0,GW,0.96,0.0,0.0
1.0,2019.0,Netherlands,NLD,Wind offshore,0,GW,0.96,0.0,0.0
2.0,2019.0,Netherlands,NLD,Wind offshore,0,GW,0.96,0.0,0.0
3.0,2019.0,Netherlands,NLD,Wind offshore,0,GW,0.96,0.0,0.0
4.0,2019.0,Netherlands,NLD,Wind offshore,0,GW,0.96,0.0,0.0
5.0,2019.0,Netherlands,NLD,Wind offshore,0,GW,0.96,0.0,0.0
6.0,2019.0,Netherlands,NLD,Wind offshore,0,GW,0.96,0.0,0.0
7.0,2019.0,Netherlands,NLD,Wind offshore,0,GW,0.96,0.0,0.0
8.0,2019.0,Netherlands,NLD,Wind offshore,0,GW,0.96,0.0,0.0
9.0,2019.0,Netherlands,NLD,Wind offshore,0,GW,0.96,0.0,0.0
10.0,2019.0,Netherlands,NLD,Wind offshore,0,GW,0.96,0.0,0.0
11.0,2019.0,Netherlands,NLD,Wind offshore,0,GW,0.96,0.0,0.0
12.0,2019.0,Netherlands,NLD,Wind offshore,0,GW,0.96,0.0,0.0
1.0,2020.0,Netherlands,NLD,Wind offshore,0,GW,0.96,0.0,0.0
2.0,2020.0,Netherlands,NLD,Wind offshore,0,GW,0.96,0.0,0.0
3.0,2020.0,Netherlands,NLD,Wind offshore,0,GW,0.96,0.0,0.0
4.0,2020.0,Netherlands,NLD,Wind offshore,0,GW,0.96,0.0,0.0
5.0,2020.0,Netherlands,NLD,Wind offshore,0,GW,1.03,0.07,0.07
6.0,2020.0,Netherlands,NLD,Wind offshore,0,GW,1.19,0.16,0.23
7.0,2020.0,Netherlands,NLD,Wind offshore,0,GW,1.33,0.14,0.37
8.0,2020.0,Netherlands,NLD,Wind offshore,0,GW,1.62,0.29,0.66
9.0,2020.0,Netherlands,NLD,Wind offshore,0,GW,2.02,0.4,1.06
10.0,2020.0,Netherlands,NLD,Wind offshore,0,GW,2.37,0.35,1.41
11.0,2020.0,Netherlands,NLD,Wind offshore,0,GW,2.44,0.07,1.48
12.0,2020.0,Netherlands,NLD,Wind offshore,0,GW,2.44,0.0,1.48
1.0,2021.0,Netherlands,NLD,Wind offshore,0,GW,2.44,0.0,0.0
2.0,2021.0,Netherlands,NLD,Wind offshore,0,GW,2.44,0.0,0.0
3.0,2021.0,Netherlands,NLD,Wind offshore,0,GW,2.44,0.0,0.0
4.0,2021.0,Netherlands,NLD,Wind offshore,0,GW,2.44,0.0,0.0
5.0,2021.0,Netherlands,NLD,Wind offshore,0,GW,2.44,0.0,0.0
6.0,2021.0,Netherlands,NLD,Wind offshore,0,GW,2.44,0.0,0.0
7.0,2021.0,Netherlands,NLD,Wind offshore,0,GW,2.44,0.0,0.0
8.0,2021.0,Netherlands,NLD,Wind offshore,0,GW,2.44,0.0,0.0
9.0,2021.0,Netherlands,NLD,Wind offshore,0,GW,2.44,0.0,0.0
10.0,2021.0,Netherlands,NLD,Wind offshore,0,GW,2.44,0.0,0.0
11.0,2021.0,Netherlands,NLD,Wind offshore,0,GW,2.44,0.0,0.0
12.0,2021.0,Netherlands,NLD,Wind offshore,0,GW,2.44,0.0,0.0
1.0,2022.0,Netherlands,NLD,Wind offshore,0,GW,2.44,0.0,0.0
2.0,2022.0,Netherlands,NLD,Wind offshore,0,GW,2.44,0.0,0.0
3.0,2022.0,Netherlands,NLD,Wind offshore,0,GW,2.44,0.0,0.0
4.0,2022.0,Netherlands,NLD,Wind offshore,0,GW,2.44,0.0,0.0
5.0,2022.0,Netherlands,NLD,Wind offshore,0,GW,2.44,0.0,0.0
6.0,2022.0,Netherlands,NLD,Wind offshore,0,GW,2.44,0.0,0.0
7.0,2022.0,Netherlands,NLD,Wind offshore,0,GW,2.44,0.0,0.0
8.0,2022.0,Netherlands,NLD,Wind offshore,0,GW,2.48,0.04,0.04
9.0,2022.0,Netherlands,NLD,Wind offshore,0,GW,2.56,0.08,0.12
10.0,2022.0,Netherlands,NLD,Wind offshore,0,GW,2.63,0.07,0.19
11.0,2022.0,Netherlands,NLD,Wind offshore,0,GW,2.7,0.07,0.26
12.0,2022.0,Netherlands,NLD,Wind offshore,0,GW,2.78,0.08,0.34
1.0,2023.0,Netherlands,NLD,Wind offshore,0,GW,2.45,-0.33,-0.33
2.0,2023.0,Netherlands,NLD,Wind offshore,0,GW,2.44,-0.01,-0.34
3.0,2023.0,Netherlands,NLD,Wind offshore,0,GW,2.44,0.0,-0.34
4.0,2023.0,Netherlands,NLD,Wind offshore,0,GW,2.44,0.0,-0.34
5.0,2023.0,Netherlands,NLD,Wind offshore,0,GW,2.44,0.0,-0.34
6.0,2023.0,Netherlands,NLD,Wind offshore,0,GW,2.44,0.0,-0.34
7.0,2023.0,Netherlands,NLD,Wind offshore,0,GW,2.44,0.0,-0.34
8.0,2023.0,Netherlands,NLD,Wind offshore,0,GW,2.44,0.0,-0.34
9.0,2023.0,Netherlands,NLD,Wind offshore,0,GW,2.44,0.0,-0.34
10.0,2023.0,Netherlands,NLD,Wind offshore,0,GW,2.44,0.0,-0.34
11.0,2023.0,Netherlands,NLD,Wind offshore,0,GW,2.44,0.0,-0.34
12.0,2023.0,Netherlands,NLD,Wind offshore,0,GW,2.44,0.0,-0.34
1.0,2024.0,Netherlands,NLD,Wind offshore,0,GW,2.44,0.0,0.0
2.0,2024.0,Netherlands,NLD,Wind offshore,0,GW,2.44,0.0,0.0
3.0,2024.0,Netherlands,NLD,Wind offshore,0,GW,2.44,0.0,0.0
4.0,2024.0,Netherlands,NLD,Wind offshore,0,GW,2.44,0.0,0.0
5.0,2024.0,Netherlands,NLD,Wind offshore,0,GW,2.44,0.0,0.0
6.0,2024.0,Netherlands,NLD,Wind offshore,0,GW,2.98,0.54,0.54
7.0,2024.0,Netherlands,NLD,Wind offshore,0,GW,4.62,1.64,2.18
8.0,2024.0,Netherlands,NLD,Wind offshore,0,GW,4.62,0.0,2.18
9.0,2024.0,Netherlands,NLD,Wind offshore,0,GW,4.62,0.0,2.18
10.0,2024.0,Netherlands,NLD,Wind offshore,0,GW,4.62,0.0,2.18
11.0,2024.0,Netherlands,NLD,Wind offshore,0,GW,4.62,0.0,2.18
12.0,2024.0,Netherlands,NLD,Wind offshore,0,GW,4.62,0.0,2.18
1.0,2025.0,Netherlands,NLD,Wind offshore,0,GW,4.62,0.0,0.0
2.0,2025.0,Netherlands,NLD,Wind offshore,0,GW,4.62,0.0,0.0
3.0,2025.0,Netherlands,NLD,Wind offshore,0,GW,4.62,0.0,0.0
4.0,2025.0,Netherlands,NLD,Wind offshore,0,GW,4.62,0.0,0.0
5.0,2025.0,Netherlands,NLD,Wind offshore,0,GW,4.62,0.0,0.0
6.0,2025.0,Netherlands,NLD,Wind offshore,0,GW,4.62,0.0,0.0
7.0,2025.0,Netherlands,NLD,Wind offshore,0,GW,4.62,0.0,0.0
8.0,2025.0,Netherlands,NLD,Wind offshore,0,GW,4.62,0.0,0.0
1.0,2016.0,Netherlands,NLD,Wind onshore,0,GW,2.91,,
2.0,2016.0,Netherlands,NLD,Wind onshore,0,GW,2.92,0.01,
3.0,2016.0,Netherlands,NLD,Wind onshore,0,GW,2.95,0.03,
4.0,2016.0,Netherlands,NLD,Wind onshore,0,GW,3.01,0.06,
5.0,2016.0,Netherlands,NLD,Wind onshore,0,GW,3.06,0.05,
6.0,2016.0,Netherlands,NLD,Wind onshore,0,GW,3.09,0.03,
7.0,2016.0,Netherlands,NLD,Wind onshore,0,GW,3.1,0.01,
8.0,2016.0,Netherlands,NLD,Wind onshore,0,GW,3.15,0.05,
9.0,2016.0,Netherlands,NLD,Wind onshore,0,GW,3.17,0.02,
10.0,2016.0,Netherlands,NLD,Wind onshore,0,GW,3.17,0.0,
11.0,2016.0,Netherlands,NLD,Wind onshore,0,GW,3.21,0.04,
12.0,2016.0,Netherlands,NLD,Wind onshore,0,GW,3.23,0.02,
1.0,2017.0,Netherlands,NLD,Wind onshore,0,GW,3.23,0.0,0.0
2.0,2017.0,Netherlands,NLD,Wind onshore,0,GW,3.24,0.01,0.01
3.0,2017.0,Netherlands,NLD,Wind onshore,0,GW,3.24,0.0,0.01
4.0,2017.0,Netherlands,NLD,Wind onshore,0,GW,3.25,0.01,0.02
5.0,2017.0,Netherlands,NLD,Wind onshore,0,GW,3.26,0.01,0.03
6.0,2017.0,Netherlands,NLD,Wind onshore,0,GW,3.27,0.01,0.04
7.0,2017.0,Netherlands,NLD,Wind onshore,0,GW,3.27,0.0,0.04
8.0,2017.0,Netherlands,NLD,Wind onshore,0,GW,3.28,0.01,0.05
9.0,2017.0,Netherlands,NLD,Wind onshore,0,GW,3.28,0.0,0.05
10.0,2017.0,Netherlands,NLD,Wind onshore,0,GW,3.29,0.01,0.06
11.0,2017.0,Netherlands,NLD,Wind onshore,0,GW,3.28,-0.01,0.05
12.0,2017.0,Netherlands,NLD,Wind onshore,0,GW,3.28,0.0,0.05
1.0,2018.0,Netherlands,NLD,Wind onshore,0,GW,3.28,0.0,0.0
2.0,2018.0,Netherlands,NLD,Wind onshore,0,GW,3.29,0.01,0.01
3.0,2018.0,Netherlands,NLD,Wind onshore,0,GW,3.31,0.02,0.03
4.0,2018.0,Netherlands,NLD,Wind onshore,0,GW,3.31,0.0,0.03
5.0,2018.0,Netherlands,NLD,Wind onshore,0,GW,3.31,0.0,0.03
6.0,2018.0,Netherlands,NLD,Wind onshore,0,GW,3.31,0.0,0.03
7.0,2018.0,Netherlands,NLD,Wind onshore,0,GW,3.31,0.0,0.03
8.0,2018.0,Netherlands,NLD,Wind onshore,0,GW,3.31,0.0,0.03
9.0,2018.0,Netherlands,NLD,Wind onshore,0,GW,3.31,0.0,0.03
10.0,2018.0,Netherlands,NLD,Wind onshore,0,GW,3.3,-0.01,0.02
11.0,2018.0,Netherlands,NLD,Wind onshore,0,GW,3.27,-0.03,-0.01
12.0,2018.0,Netherlands,NLD,Wind onshore,0,GW,3.25,-0.02,-0.03
1.0,2019.0,Netherlands,NLD,Wind onshore,0,GW,3.24,-0.01,-0.01
2.0,2019.0,Netherlands,NLD,Wind onshore,0,GW,3.24,0.0,-0.01
3.0,2019.0,Netherlands,NLD,Wind onshore,0,GW,3.25,0.01,0.0
4.0,2019.0,Netherlands,NLD,Wind onshore,0,GW,3.24,-0.01,-0.01
5.0,2019.0,Netherlands,NLD,Wind onshore,0,GW,3.24,0.0,-0.01
6.0,2019.0,Netherlands,NLD,Wind onshore,0,GW,3.24,0.0,-0.01
7.0,2019.0,Netherlands,NLD,Wind onshore,0,GW,3.34,0.1,0.09
8.0,2019.0,Netherlands,NLD,Wind onshore,0,GW,3.34,0.0,0.09
9.0,2019.0,Netherlands,NLD,Wind onshore,0,GW,3.34,0.0,0.09
10.0,2019.0,Netherlands,NLD,Wind onshore,0,GW,3.34,0.0,0.09
11.0,2019.0,Netherlands,NLD,Wind onshore,0,GW,3.34,0.0,0.09
12.0,2019.0,Netherlands,NLD,Wind onshore,0,GW,3.34,0.0,0.09
1.0,2020.0,Netherlands,NLD,Wind onshore,0,GW,3.4,0.06,0.06
2.0,2020.0,Netherlands,NLD,Wind onshore,0,GW,3.43,0.03,0.09
3.0,2020.0,Netherlands,NLD,Wind onshore,0,GW,3.45,0.02,0.11
4.0,2020.0,Netherlands,NLD,Wind onshore,0,GW,3.49,0.04,0.15
5.0,2020.0,Netherlands,NLD,Wind onshore,0,GW,3.52,0.03,0.18
6.0,2020.0,Netherlands,NLD,Wind onshore,0,GW,3.54,0.02,0.2
7.0,2020.0,Netherlands,NLD,Wind onshore,0,GW,3.57,0.03,0.23
8.0,2020.0,Netherlands,NLD,Wind onshore,0,GW,3.62,0.05,0.28
9.0,2020.0,Netherlands,NLD,Wind onshore,0,GW,3.66,0.04,0.32
10.0,2020.0,Netherlands,NLD,Wind onshore,0,GW,3.71,0.05,0.37
11.0,2020.0,Netherlands,NLD,Wind onshore,0,GW,3.75,0.04,0.41
12.0,2020.0,Netherlands,NLD,Wind onshore,0,GW,3.8,0.05,0.46
1.0,2021.0,Netherlands,NLD,Wind onshore,0,GW,3.85,0.05,0.05
2.0,2021.0,Netherlands,NLD,Wind onshore,0,GW,3.89,0.04,0.09
3.0,2021.0,Netherlands,NLD,Wind onshore,0,GW,3.93,0.04,0.13
4.0,2021.0,Netherlands,NLD,Wind onshore,0,GW,4.0,0.07,0.2
5.0,2021.0,Netherlands,NLD,Wind onshore,0,GW,4.1,0.1,0.3
6.0,2021.0,Netherlands,NLD,Wind onshore,0,GW,4.2,0.1,0.4
7.0,2021.0,Netherlands,NLD,Wind onshore,0,GW,4.3,0.1,0.5
8.0,2021.0,Netherlands,NLD,Wind onshore,0,GW,4.4,0.1,0.6
9.0,2021.0,Netherlands,NLD,Wind onshore,0,GW,4.5,0.1,0.7
10.0,2021.0,Netherlands,NLD,Wind onshore,0,GW,4.59,0.09,0.79
11.0,2021.0,Netherlands,NLD,Wind onshore,0,GW,4.68,0.09,0.88
12.0,2021.0,Netherlands,NLD,Wind onshore,0,GW,4.78,0.1,0.98
1.0,2022.0,Netherlands,NLD,Wind onshore,0,GW,4.87,0.09,0.09
2.0,2022.0,Netherlands,NLD,Wind onshore,0,GW,4.96,0.09,0.18
3.0,2022.0,Netherlands,NLD,Wind onshore,0,GW,5.06,0.1,0.28
4.0,2022.0,Netherlands,NLD,Wind onshore,0,GW,5.15,0.09,0.37
5.0,2022.0,Netherlands,NLD,Wind onshore,0,GW,5.26,0.11,0.48
6.0,2022.0,Netherlands,NLD,Wind onshore,0,GW,5.34,0.08,0.56
7.0,2022.0,Netherlands,NLD,Wind onshore,0,GW,5.44,0.1,0.66
8.0,2022.0,Netherlands,NLD,Wind onshore,0,GW,5.55,0.11,0.77
9.0,2022.0,Netherlands,NLD,Wind onshore,0,GW,5.64,0.09,0.86
10.0,2022.0,Netherlands,NLD,Wind onshore,0,GW,5.72,0.08,0.94
11.0,2022.0,Netherlands,NLD,Wind onshore,0,GW,5.82,0.1,1.04
12.0,2022.0,Netherlands,NLD,Wind onshore,0,GW,5.94,0.12,1.16
1.0,2023.0,Netherlands,NLD,Wind onshore,0,GW,6.0,0.06,0.06
2.0,2023.0,Netherlands,NLD,Wind onshore,0,GW,6.06,0.06,0.12
3.0,2023.0,Netherlands,NLD,Wind onshore,0,GW,6.12,0.06,0.18
4.0,2023.0,Netherlands,NLD,Wind onshore,0,GW,6.17,0.05,0.23
5.0,2023.0,Netherlands,NLD,Wind onshore,0,GW,6.24,0.07,0.3
6.0,2023.0,Netherlands,NLD,Wind onshore,0,GW,6.28,0.04,0.34
7.0,2023.0,Netherlands,NLD,Wind onshore,0,GW,6.34,0.06,0.4
8.0,2023.0,Netherlands,NLD,Wind onshore,0,GW,6.39,0.05,0.45
9.0,2023.0,Netherlands,NLD,Wind onshore,0,GW,6.47,0.08,0.53
10.0,2023.0,Netherlands,NLD,Wind onshore,0,GW,6.53,0.06,0.59
11.0,2023.0,Netherlands,NLD,Wind onshore,0,GW,6.57,0.04,0.63
12.0,2023.0,Netherlands,NLD,Wind onshore,0,GW,6.64,0.07,0.7
1.0,2024.0,Netherlands,NLD,Wind onshore,0,GW,6.67,0.03,0.03
2.0,2024.0,Netherlands,NLD,Wind onshore,0,GW,6.71,0.04,0.07
3.0,2024.0,Netherlands,NLD,Wind onshore,0,GW,6.74,0.03,0.1
4.0,2024.0,Netherlands,NLD,Wind onshore,0,GW,6.77,0.03,0.13
5.0,2024.0,Netherlands,NLD,Wind onshore,0,GW,6.8,0.03,0.16
6.0,2024.0,Netherlands,NLD,Wind onshore,0,GW,6.83,0.03,0.19
7.0,2024.0,Netherlands,NLD,Wind onshore,0,GW,6.86,0.03,0.22
8.0,2024.0,Netherlands,NLD,Wind onshore,0,GW,6.9,0.04,0.26
9.0,2024.0,Netherlands,NLD,Wind onshore,0,GW,6.94,0.04,0.3
10.0,2024.0,Netherlands,NLD,Wind onshore,0,GW,6.96,0.02,0.32
11.0,2024.0,Netherlands,NLD,Wind onshore,0,GW,7.0,0.04,0.36
12.0,2024.0,Netherlands,NLD,Wind onshore,0,GW,7.03,0.03,0.39
1.0,2025.0,Netherlands,NLD,Wind onshore,0,GW,7.06,0.03,0.03
2.0,2025.0,Netherlands,NLD,Wind onshore,0,GW,7.09,0.03,0.06
3.0,2025.0,Netherlands,NLD,Wind onshore,0,GW,7.13,0.04,0.1
4.0,2025.0,Netherlands,NLD,Wind onshore,0,GW,7.15,0.02,0.12
5.0,2025.0,Netherlands,NLD,Wind onshore,0,GW,7.19,0.04,0.16
6.0,2025.0,Netherlands,NLD,Wind onshore,0,GW,7.22,0.03,0.19
7.0,2025.0,Netherlands,NLD,Wind onshore,0,GW,7.25,0.03,0.22
8.0,2025.0,Netherlands,NLD,Wind onshore,0,GW,7.29,0.04,0.26
1.0,2016.0,Netherlands,NLD,Wind,1,GW,3.25,,
2.0,2016.0,Netherlands,NLD,Wind,1,GW,3.29,0.04,
3.0,2016.0,Netherlands,NLD,Wind,1,GW,3.37,0.08,
4.0,2016.0,Netherlands,NLD,Wind,1,GW,3.49,0.12,
5.0,2016.0,Netherlands,NLD,Wind,1,GW,3.6,0.11,
6.0,2016.0,Netherlands,NLD,Wind,1,GW,3.68,0.08,
7.0,2016.0,Netherlands,NLD,Wind,1,GW,3.75,0.07,
8.0,2016.0,Netherlands,NLD,Wind,1,GW,3.86,0.11,
9.0,2016.0,Netherlands,NLD,Wind,1,GW,3.95,0.09,
10.0,2016.0,Netherlands,NLD,Wind,1,GW,4.0,0.05,
11.0,2016.0,Netherlands,NLD,Wind,1,GW,4.1,0.1,
12.0,2016.0,Netherlands,NLD,Wind,1,GW,4.16,0.06,
1.0,2017.0,Netherlands,NLD,Wind,1,GW,4.19,0.03,0.03
2.0,2017.0,Netherlands,NLD,Wind,1,GW,4.19,0.0,0.03
3.0,2017.0,Netherlands,NLD,Wind,1,GW,4.2,0.01,0.04
4.0,2017.0,Netherlands,NLD,Wind,1,GW,4.21,0.01,0.05
5.0,2017.0,Netherlands,NLD,Wind,1,GW,4.22,0.01,0.06
6.0,2017.0,Netherlands,NLD,Wind,1,GW,4.23,0.01,0.07
7.0,2017.0,Netherlands,NLD,Wind,1,GW,4.23,0.0,0.07
8.0,2017.0,Netherlands,NLD,Wind,1,GW,4.23,0.0,0.07
9.0,2017.0,Netherlands,NLD,Wind,1,GW,4.24,0.01,0.08
10.0,2017.0,Netherlands,NLD,Wind,1,GW,4.25,0.01,0.09
11.0,2017.0,Netherlands,NLD,Wind,1,GW,4.24,-0.01,0.08
12.0,2017.0,Netherlands,NLD,Wind,1,GW,4.24,0.0,0.08
1.0,2018.0,Netherlands,NLD,Wind,1,GW,4.24,0.0,0.0
2.0,2018.0,Netherlands,NLD,Wind,1,GW,4.25,0.01,0.01
3.0,2018.0,Netherlands,NLD,Wind,1,GW,4.27,0.02,0.03
4.0,2018.0,Netherlands,NLD,Wind,1,GW,4.27,0.0,0.03
5.0,2018.0,Netherlands,NLD,Wind,1,GW,4.27,0.0,0.03
6.0,2018.0,Netherlands,NLD,Wind,1,GW,4.27,0.0,0.03
7.0,2018.0,Netherlands,NLD,Wind,1,GW,4.27,0.0,0.03
8.0,2018.0,Netherlands,NLD,Wind,1,GW,4.27,0.0,0.03
9.0,2018.0,Netherlands,NLD,Wind,1,GW,4.27,0.0,0.03
10.0,2018.0,Netherlands,NLD,Wind,1,GW,4.26,-0.01,0.02
11.0,2018.0,Netherlands,NLD,Wind,1,GW,4.23,-0.03,-0.01
12.0,2018.0,Netherlands,NLD,Wind,1,GW,4.21,-0.02,-0.03
1.0,2019.0,Netherlands,NLD,Wind,1,GW,4.2,-0.01,-0.01
2.0,2019.0,Netherlands,NLD,Wind,1,GW,4.2,0.0,-0.01
3.0,2019.0,Netherlands,NLD,Wind,1,GW,4.2,0.0,-0.01
4.0,2019.0,Netherlands,NLD,Wind,1,GW,4.2,0.0,-0.01
5.0,2019.0,Netherlands,NLD,Wind,1,GW,4.2,0.0,-0.01
6.0,2019.0,Netherlands,NLD,Wind,1,GW,4.2,0.0,-0.01
7.0,2019.0,Netherlands,NLD,Wind,1,GW,4.3,0.1,0.09
8.0,2019.0,Netherlands,NLD,Wind,1,GW,4.3,0.0,0.09
9.0,2019.0,Netherlands,NLD,Wind,1,GW,4.3,0.0,0.09
10.0,2019.0,Netherlands,NLD,Wind,1,GW,4.3,0.0,0.09
11.0,2019.0,Netherlands,NLD,Wind,1,GW,4.3,0.0,0.09
12.0,2019.0,Netherlands,NLD,Wind,1,GW,4.3,0.0,0.09
1.0,2020.0,Netherlands,NLD,Wind,1,GW,4.36,0.06,0.06
2.0,2020.0,Netherlands,NLD,Wind,1,GW,4.39,0.03,0.09
3.0,2020.0,Netherlands,NLD,Wind,1,GW,4.41,0.02,0.11
4.0,2020.0,Netherlands,NLD,Wind,1,GW,4.44,0.03,0.14
5.0,2020.0,Netherlands,NLD,Wind,1,GW,4.55,0.11,0.25
6.0,2020.0,Netherlands,NLD,Wind,1,GW,4.73,0.18,0.43
7.0,2020.0,Netherlands,NLD,Wind,1,GW,4.9,0.17,0.6
8.0,2020.0,Netherlands,NLD,Wind,1,GW,5.23,0.33,0.93
9.0,2020.0,Netherlands,NLD,Wind,1,GW,5.68,0.45,1.38
10.0,2020.0,Netherlands,NLD,Wind,1,GW,6.07,0.39,1.77
11.0,2020.0,Netherlands,NLD,Wind,1,GW,6.19,0.12,1.89
12.0,2020.0,Netherlands,NLD,Wind,1,GW,6.24,0.05,1.94
1.0,2021.0,Netherlands,NLD,Wind,1,GW,6.29,0.05,0.05
2.0,2021.0,Netherlands,NLD,Wind,1,GW,6.33,0.04,0.09
3.0,2021.0,Netherlands,NLD,Wind,1,GW,6.38,0.05,0.14
4.0,2021.0,Netherlands,NLD,Wind,1,GW,6.44,0.06,0.2
5.0,2021.0,Netherlands,NLD,Wind,1,GW,6.54,0.1,0.3
6.0,2021.0,Netherlands,NLD,Wind,1,GW,6.65,0.11,0.41
7.0,2021.0,Netherlands,NLD,Wind,1,GW,6.75,0.1,0.51
8.0,2021.0,Netherlands,NLD,Wind,1,GW,6.84,0.09,0.6
9.0,2021.0,Netherlands,NLD,Wind,1,GW,6.94,0.1,0.7
10.0,2021.0,Netherlands,NLD,Wind,1,GW,7.03,0.09,0.79
11.0,2021.0,Netherlands,NLD,Wind,1,GW,7.12,0.09,0.88
12.0,2021.0,Netherlands,NLD,Wind,1,GW,7.22,0.1,0.98
1.0,2022.0,Netherlands,NLD,Wind,1,GW,7.31,0.09,0.09
2.0,2022.0,Netherlands,NLD,Wind,1,GW,7.41,0.1,0.19
3.0,2022.0,Netherlands,NLD,Wind,1,GW,7.5,0.09,0.28
4.0,2022.0,Netherlands,NLD,Wind,1,GW,7.59,0.09,0.37
5.0,2022.0,Netherlands,NLD,Wind,1,GW,7.7,0.11,0.48
6.0,2022.0,Netherlands,NLD,Wind,1,GW,7.78,0.08,0.56
7.0,2022.0,Netherlands,NLD,Wind,1,GW,7.88,0.1,0.66
8.0,2022.0,Netherlands,NLD,Wind,1,GW,8.03,0.15,0.81
9.0,2022.0,Netherlands,NLD,Wind,1,GW,8.2,0.17,0.98
10.0,2022.0,Netherlands,NLD,Wind,1,GW,8.35,0.15,1.13
11.0,2022.0,Netherlands,NLD,Wind,1,GW,8.52,0.17,1.3
12.0,2022.0,Netherlands,NLD,Wind,1,GW,8.72,0.2,1.5
1.0,2023.0,Netherlands,NLD,Wind,1,GW,8.45,-0.27,-0.27
2.0,2023.0,Netherlands,NLD,Wind,1,GW,8.5,0.05,-0.22
3.0,2023.0,Netherlands,NLD,Wind,1,GW,8.56,0.06,-0.16
4.0,2023.0,Netherlands,NLD,Wind,1,GW,8.61,0.05,-0.11
5.0,2023.0,Netherlands,NLD,Wind,1,GW,8.68,0.07,-0.04
6.0,2023.0,Netherlands,NLD,Wind,1,GW,8.72,0.04,0.0
7.0,2023.0,Netherlands,NLD,Wind,1,GW,8.78,0.06,0.06
8.0,2023.0,Netherlands,NLD,Wind,1,GW,8.83,0.05,0.11
9.0,2023.0,Netherlands,NLD,Wind,1,GW,8.91,0.08,0.19
10.0,2023.0,Netherlands,NLD,Wind,1,GW,8.97,0.06,0.25
11.0,2023.0,Netherlands,NLD,Wind,1,GW,9.01,0.04,0.29
12.0,2023.0,Netherlands,NLD,Wind,1,GW,9.08,0.07,0.36
1.0,2024.0,Netherlands,NLD,Wind,1,GW,9.11,0.03,0.03
2.0,2024.0,Netherlands,NLD,Wind,1,GW,9.15,0.04,0.07
3.0,2024.0,Netherlands,NLD,Wind,1,GW,9.18,0.03,0.1
4.0,2024.0,Netherlands,NLD,Wind,1,GW,9.21,0.03,0.13
5.0,2024.0,Netherlands,NLD,Wind,1,GW,9.24,0.03,0.16
6.0,2024.0,Netherlands,NLD,Wind,1,GW,9.81,0.57,0.73
7.0,2024.0,Netherlands,NLD,Wind,1,GW,11.48,1.67,2.4
8.0,2024.0,Netherlands,NLD,Wind,1,GW,11.52,0.04,2.44
9.0,2024.0,Netherlands,NLD,Wind,1,GW,11.56,0.04,2.48
10.0,2024.0,Netherlands,NLD,Wind,1,GW,11.58,0.02,2.5
11.0,2024.0,Netherlands,NLD,Wind,1,GW,11.62,0.04,2.54
12.0,2024.0,Netherlands,NLD,Wind,1,GW,11.65,0.03,2.57
1.0,2025.0,Netherlands,NLD,Wind,1,GW,11.68,0.03,0.03
2.0,2025.0,Netherlands,NLD,Wind,1,GW,11.71,0.03,0.06
3.0,2025.0,Netherlands,NLD,Wind,1,GW,11.75,0.04,0.1
4.0,2025.0,Netherlands,NLD,Wind,1,GW,11.77,0.02,0.12
5.0,2025.0,Netherlands,NLD,Wind,1,GW,11.81,0.04,0.16
6.0,2025.0,Netherlands,NLD,Wind,1,GW,11.84,0.03,0.19
7.0,2025.0,Netherlands,NLD,Wind,1,GW,11.88,0.04,0.23
8.0,2025.0,Netherlands,NLD,Wind,1,GW,11.91,0.03,0.26
1.0,2016.0,Netherlands,NLD,Wind and solar,1,GW,4.79,,
2.0,2016.0,Netherlands,NLD,Wind and solar,1,GW,4.84,0.05,
3.0,2016.0,Netherlands,NLD,Wind and solar,1,GW,4.96,0.12,
4.0,2016.0,Netherlands,NLD,Wind and solar,1,GW,5.13,0.17,
5.0,2016.0,Netherlands,NLD,Wind and solar,1,GW,5.28,0.15,
6.0,2016.0,Netherlands,NLD,Wind and solar,1,GW,5.41,0.13,
7.0,2016.0,Netherlands,NLD,Wind and solar,1,GW,5.53,0.12,
8.0,2016.0,Netherlands,NLD,Wind and solar,1,GW,5.69,0.16,
9.0,2016.0,Netherlands,NLD,Wind and solar,1,GW,5.83,0.14,
10.0,2016.0,Netherlands,NLD,Wind and solar,1,GW,5.92,0.09,
11.0,2016.0,Netherlands,NLD,Wind and solar,1,GW,6.07,0.15,
12.0,2016.0,Netherlands,NLD,Wind and solar,1,GW,6.17,0.1,
1.0,2017.0,Netherlands,NLD,Wind and solar,1,GW,6.26,0.09,0.09
2.0,2017.0,Netherlands,NLD,Wind and solar,1,GW,6.32,0.06,0.15
3.0,2017.0,Netherlands,NLD,Wind and solar,1,GW,6.38,0.06,0.21
4.0,2017.0,Netherlands,NLD,Wind and solar,1,GW,6.44,0.06,0.27
5.0,2017.0,Netherlands,NLD,Wind and solar,1,GW,6.51,0.07,0.34
6.0,2017.0,Netherlands,NLD,Wind and solar,1,GW,6.57,0.06,0.4
7.0,2017.0,Netherlands,NLD,Wind and solar,1,GW,6.62,0.05,0.45
8.0,2017.0,Netherlands,NLD,Wind and solar,1,GW,6.68,0.06,0.51
9.0,2017.0,Netherlands,NLD,Wind and solar,1,GW,6.74,0.06,0.57
10.0,2017.0,Netherlands,NLD,Wind and solar,1,GW,6.81,0.07,0.64
11.0,2017.0,Netherlands,NLD,Wind and solar,1,GW,6.85,0.04,0.68
12.0,2017.0,Netherlands,NLD,Wind and solar,1,GW,6.91,0.06,0.74
1.0,2018.0,Netherlands,NLD,Wind and solar,1,GW,7.04,0.13,0.13
2.0,2018.0,Netherlands,NLD,Wind and solar,1,GW,7.16,0.12,0.25
3.0,2018.0,Netherlands,NLD,Wind and solar,1,GW,7.27,0.11,0.36
4.0,2018.0,Netherlands,NLD,Wind and solar,1,GW,7.36,0.09,0.45
5.0,2018.0,Netherlands,NLD,Wind and solar,1,GW,7.46,0.1,0.55
6.0,2018.0,Netherlands,NLD,Wind and solar,1,GW,7.57,0.11,0.66
7.0,2018.0,Netherlands,NLD,Wind and solar,1,GW,7.68,0.11,0.77
8.0,2018.0,Netherlands,NLD,Wind and solar,1,GW,7.83,0.15,0.92
9.0,2018.0,Netherlands,NLD,Wind and solar,1,GW,7.98,0.15,1.07
10.0,2018.0,Netherlands,NLD,Wind and solar,1,GW,8.11,0.13,1.2
11.0,2018.0,Netherlands,NLD,Wind and solar,1,GW,8.23,0.12,1.32
12.0,2018.0,Netherlands,NLD,Wind and solar,1,GW,8.37,0.14,1.46
1.0,2019.0,Netherlands,NLD,Wind and solar,1,GW,8.52,0.15,0.15
2.0,2019.0,Netherlands,NLD,Wind and solar,1,GW,8.67,0.15,0.3
3.0,2019.0,Netherlands,NLD,Wind and solar,1,GW,8.81,0.14,0.44
4.0,2019.0,Netherlands,NLD,Wind and solar,1,GW,9.02,0.21,0.65
5.0,2019.0,Netherlands,NLD,Wind and solar,1,GW,9.3,0.28,0.93
6.0,2019.0,Netherlands,NLD,Wind and solar,1,GW,9.59,0.29,1.22
7.0,2019.0,Netherlands,NLD,Wind and solar,1,GW,9.96,0.37,1.59
8.0,2019.0,Netherlands,NLD,Wind and solar,1,GW,10.25,0.29,1.88
9.0,2019.0,Netherlands,NLD,Wind and solar,1,GW,10.52,0.27,2.15
10.0,2019.0,Netherlands,NLD,Wind and solar,1,GW,10.81,0.29,2.44
11.0,2019.0,Netherlands,NLD,Wind and solar,1,GW,11.09,0.28,2.72
12.0,2019.0,Netherlands,NLD,Wind and solar,1,GW,11.38,0.29,3.01
1.0,2020.0,Netherlands,NLD,Wind and solar,1,GW,11.77,0.39,0.39
2.0,2020.0,Netherlands,NLD,Wind and solar,1,GW,12.1,0.33,0.72
3.0,2020.0,Netherlands,NLD,Wind and solar,1,GW,12.47,0.37,1.09
4.0,2020.0,Netherlands,NLD,Wind and solar,1,GW,12.8,0.33,1.42
5.0,2020.0,Netherlands,NLD,Wind and solar,1,GW,13.23,0.43,1.85
6.0,2020.0,Netherlands,NLD,Wind and solar,1,GW,13.73,0.5,2.35
7.0,2020.0,Netherlands,NLD,Wind and solar,1,GW,14.23,0.5,2.85
8.0,2020.0,Netherlands,NLD,Wind and solar,1,GW,14.86,0.63,3.48
9.0,2020.0,Netherlands,NLD,Wind and solar,1,GW,15.65,0.79,4.27
10.0,2020.0,Netherlands,NLD,Wind and solar,1,GW,16.36,0.71,4.98
11.0,2020.0,Netherlands,NLD,Wind and solar,1,GW,16.79,0.43,5.41
12.0,2020.0,Netherlands,NLD,Wind and solar,1,GW,17.19,0.4,5.81
1.0,2021.0,Netherlands,NLD,Wind and solar,1,GW,17.58,0.39,0.39
2.0,2021.0,Netherlands,NLD,Wind and solar,1,GW,17.93,0.35,0.74
3.0,2021.0,Netherlands,NLD,Wind and solar,1,GW,18.26,0.33,1.07
4.0,2021.0,Netherlands,NLD,Wind and solar,1,GW,18.63,0.37,1.44
5.0,2021.0,Netherlands,NLD,Wind and solar,1,GW,19.04,0.41,1.85
6.0,2021.0,Netherlands,NLD,Wind and solar,1,GW,19.43,0.39,2.24
7.0,2021.0,Netherlands,NLD,Wind and solar,1,GW,19.86,0.43,2.67
8.0,2021.0,Netherlands,NLD,Wind and solar,1,GW,20.25,0.39,3.06
9.0,2021.0,Netherlands,NLD,Wind and solar,1,GW,20.67,0.42,3.48
10.0,2021.0,Netherlands,NLD,Wind and solar,1,GW,21.06,0.39,3.87
11.0,2021.0,Netherlands,NLD,Wind and solar,1,GW,21.45,0.39,4.26
12.0,2021.0,Netherlands,NLD,Wind and solar,1,GW,21.88,0.43,4.69
1.0,2022.0,Netherlands,NLD,Wind and solar,1,GW,22.35,0.47,0.47
2.0,2022.0,Netherlands,NLD,Wind and solar,1,GW,22.85,0.5,0.97
3.0,2022.0,Netherlands,NLD,Wind and solar,1,GW,23.3,0.45,1.42
4.0,2022.0,Netherlands,NLD,Wind and solar,1,GW,23.81,0.51,1.93
5.0,2022.0,Netherlands,NLD,Wind and solar,1,GW,24.29,0.48,2.41
6.0,2022.0,Netherlands,NLD,Wind and solar,1,GW,24.78,0.49,2.9
7.0,2022.0,Netherlands,NLD,Wind and solar,1,GW,25.27,0.49,3.39
8.0,2022.0,Netherlands,NLD,Wind and solar,1,GW,25.82,0.55,3.94
9.0,2022.0,Netherlands,NLD,Wind and solar,1,GW,26.37,0.55,4.49
10.0,2022.0,Netherlands,NLD,Wind and solar,1,GW,26.92,0.55,5.04
11.0,2022.0,Netherlands,NLD,Wind and solar,1,GW,27.49,0.57,5.61
12.0,2022.0,Netherlands,NLD,Wind and solar,1,GW,28.11,0.62,6.23
1.0,2023.0,Netherlands,NLD,Wind and solar,1,GW,28.27,0.16,0.16
2.0,2023.0,Netherlands,NLD,Wind and solar,1,GW,28.71,0.44,0.6
3.0,2023.0,Netherlands,NLD,Wind and solar,1,GW,29.15,0.44,1.04
4.0,2023.0,Netherlands,NLD,Wind and solar,1,GW,29.6,0.45,1.49
5.0,2023.0,Netherlands,NLD,Wind and solar,1,GW,30.08,0.48,1.97
6.0,2023.0,Netherlands,NLD,Wind and solar,1,GW,30.5,0.42,2.39
7.0,2023.0,Netherlands,NLD,Wind and solar,1,GW,30.95,0.45,2.84
8.0,2023.0,Netherlands,NLD,Wind and solar,1,GW,31.42,0.47,3.31
9.0,2023.0,Netherlands,NLD,Wind and solar,1,GW,31.88,0.46,3.77
10.0,2023.0,Netherlands,NLD,Wind and solar,1,GW,32.33,0.45,4.22
11.0,2023.0,Netherlands,NLD,Wind and solar,1,GW,32.79,0.46,4.68
12.0,2023.0,Netherlands,NLD,Wind and solar,1,GW,33.25,0.46,5.14
1.0,2024.0,Netherlands,NLD,Wind and solar,1,GW,33.7,0.45,0.45
2.0,2024.0,Netherlands,NLD,Wind and solar,1,GW,34.04,0.34,0.79
3.0,2024.0,Netherlands,NLD,Wind and solar,1,GW,34.39,0.35,1.14
4.0,2024.0,Netherlands,NLD,Wind and solar,1,GW,34.76,0.37,1.51
5.0,2024.0,Netherlands,NLD,Wind and solar,1,GW,35.1,0.34,1.85
6.0,2024.0,Netherlands,NLD,Wind and solar,1,GW,36.01,0.91,2.76
7.0,2024.0,Netherlands,NLD,Wind and solar,1,GW,38.0,1.99,4.75
8.0,2024.0,Netherlands,NLD,Wind and solar,1,GW,38.36,0.36,5.11
9.0,2024.0,Netherlands,NLD,Wind and solar,1,GW,38.71,0.35,5.46
10.0,2024.0,Netherlands,NLD,Wind and solar,1,GW,39.05,0.34,5.8
11.0,2024.0,Netherlands,NLD,Wind and solar,1,GW,39.42,0.37,6.17
12.0,2024.0,Netherlands,NLD,Wind and solar,1,GW,39.78,0.36,6.53
1.0,2025.0,Netherlands,NLD,Wind and solar,1,GW,40.16,0.38,0.38
2.0,2025.0,Netherlands,NLD,Wind and solar,1,GW,40.51,0.35,0.73
3.0,2025.0,Netherlands,NLD,Wind and solar,1,GW,40.85,0.34,1.07
4.0,2025.0,Netherlands,NLD,Wind and solar,1,GW,41.19,0.34,1.41
5.0,2025.0,Netherlands,NLD,Wind and solar,1,GW,41.55,0.36,1.77
6.0,2025.0,Netherlands,NLD,Wind and solar,1,GW,41.91,0.36,2.13
7.0,2025.0,Netherlands,NLD,Wind and solar,1,GW,42.26,0.35,2.48
8.0,2025.0,Netherlands,NLD,Wind and solar,1,GW,42.63,0.37,2.85
1.0,2016.0,New Zealand,NZL,Solar,0,GWAC,0.0,0.0,0.0
2.0,2016.0,New Zealand,NZL,Solar,0,GWAC,0.0,0.0,0.0
3.0,2016.0,New Zealand,NZL,Solar,0,GWAC,0.0,0.0,0.0
4.0,2016.0,New Zealand,NZL,Solar,0,GWAC,0.0,0.0,0.0
5.0,2016.0,New Zealand,NZL,Solar,0,GWAC,0.0,0.0,0.0
6.0,2016.0,New Zealand,NZL,Solar,0,GWAC,0.0,0.0,0.0
7.0,2016.0,New Zealand,NZL,Solar,0,GWAC,0.0,0.0,0.0
8.0,2016.0,New Zealand,NZL,Solar,0,GWAC,0.0,0.0,0.0
9.0,2016.0,New Zealand,NZL,Solar,0,GWAC,0.0,0.0,0.0
10.0,2016.0,New Zealand,NZL,Solar,0,GWAC,0.0,0.0,0.0
11.0,2016.0,New Zealand,NZL,Solar,0,GWAC,0.0,0.0,0.0
12.0,2016.0,New Zealand,NZL,Solar,0,GWAC,0.0,0.0,0.0
1.0,2017.0,New Zealand,NZL,Solar,0,GWAC,0.0,0.0,0.0
2.0,2017.0,New Zealand,NZL,Solar,0,GWAC,0.0,0.0,0.0
3.0,2017.0,New Zealand,NZL,Solar,0,GWAC,0.0,0.0,0.0
4.0,2017.0,New Zealand,NZL,Solar,0,GWAC,0.0,0.0,0.0
5.0,2017.0,New Zealand,NZL,Solar,0,GWAC,0.0,0.0,0.0
6.0,2017.0,New Zealand,NZL,Solar,0,GWAC,0.0,0.0,0.0
7.0,2017.0,New Zealand,NZL,Solar,0,GWAC,0.0,0.0,0.0
8.0,2017.0,New Zealand,NZL,Solar,0,GWAC,0.0,0.0,0.0
9.0,2017.0,New Zealand,NZL,Solar,0,GWAC,0.0,0.0,0.0
10.0,2017.0,New Zealand,NZL,Solar,0,GWAC,0.0,0.0,0.0
11.0,2017.0,New Zealand,NZL,Solar,0,GWAC,0.0,0.0,0.0
12.0,2017.0,New Zealand,NZL,Solar,0,GWAC,0.0,0.0,0.0
1.0,2018.0,New Zealand,NZL,Solar,0,GWAC,0.0,0.0,0.0
2.0,2018.0,New Zealand,NZL,Solar,0,GWAC,0.0,0.0,0.0
3.0,2018.0,New Zealand,NZL,Solar,0,GWAC,0.0,0.0,0.0
4.0,2018.0,New Zealand,NZL,Solar,0,GWAC,0.0,0.0,0.0
5.0,2018.0,New Zealand,NZL,Solar,0,GWAC,0.0,0.0,0.0
6.0,2018.0,New Zealand,NZL,Solar,0,GWAC,0.0,0.0,0.0
7.0,2018.0,New Zealand,NZL,Solar,0,GWAC,0.0,0.0,0.0
8.0,2018.0,New Zealand,NZL,Solar,0,GWAC,0.0,0.0,0.0
9.0,2018.0,New Zealand,NZL,Solar,0,GWAC,0.0,0.0,0.0
10.0,2018.0,New Zealand,NZL,Solar,0,GWAC,0.0,0.0,0.0
11.0,2018.0,New Zealand,NZL,Solar,0,GWAC,0.0,0.0,0.0
12.0,2018.0,New Zealand,NZL,Solar,0,GWAC,0.0,0.0,0.0
1.0,2019.0,New Zealand,NZL,Solar,0,GWAC,0.0,0.0,0.0
2.0,2019.0,New Zealand,NZL,Solar,0,GWAC,0.0,0.0,0.0
3.0,2019.0,New Zealand,NZL,Solar,0,GWAC,0.0,0.0,0.0
4.0,2019.0,New Zealand,NZL,Solar,0,GWAC,0.0,0.0,0.0
5.0,2019.0,New Zealand,NZL,Solar,0,GWAC,0.0,0.0,0.0
6.0,2019.0,New Zealand,NZL,Solar,0,GWAC,0.0,0.0,0.0
7.0,2019.0,New Zealand,NZL,Solar,0,GWAC,0.0,0.0,0.0
8.0,2019.0,New Zealand,NZL,Solar,0,GWAC,0.0,0.0,0.0
9.0,2019.0,New Zealand,NZL,Solar,0,GWAC,0.0,0.0,0.0
10.0,2019.0,New Zealand,NZL,Solar,0,GWAC,0.0,0.0,0.0
11.0,2019.0,New Zealand,NZL,Solar,0,GWAC,0.0,0.0,0.0
12.0,2019.0,New Zealand,NZL,Solar,0,GWAC,0.0,0.0,0.0
1.0,2020.0,New Zealand,NZL,Solar,0,GWAC,0.0,0.0,0.0
2.0,2020.0,New Zealand,NZL,Solar,0,GWAC,0.0,0.0,0.0
3.0,2020.0,New Zealand,NZL,Solar,0,GWAC,0.0,0.0,0.0
4.0,2020.0,New Zealand,NZL,Solar,0,GWAC,0.0,0.0,0.0
5.0,2020.0,New Zealand,NZL,Solar,0,GWAC,0.0,0.0,0.0
6.0,2020.0,New Zealand,NZL,Solar,0,GWAC,0.0,0.0,0.0
7.0,2020.0,New Zealand,NZL,Solar,0,GWAC,0.0,0.0,0.0
8.0,2020.0,New Zealand,NZL,Solar,0,GWAC,0.0,0.0,0.0
9.0,2020.0,New Zealand,NZL,Solar,0,GWAC,0.0,0.0,0.0
10.0,2020.0,New Zealand,NZL,Solar,0,GWAC,0.0,0.0,0.0
11.0,2020.0,New Zealand,NZL,Solar,0,GWAC,0.0,0.0,0.0
12.0,2020.0,New Zealand,NZL,Solar,0,GWAC,0.0,0.0,0.0
1.0,2021.0,New Zealand,NZL,Solar,0,GWAC,0.0,0.0,0.0
2.0,2021.0,New Zealand,NZL,Solar,0,GWAC,0.0,0.0,0.0
3.0,2021.0,New Zealand,NZL,Solar,0,GWAC,0.0,0.0,0.0
4.0,2021.0,New Zealand,NZL,Solar,0,GWAC,0.0,0.0,0.0
5.0,2021.0,New Zealand,NZL,Solar,0,GWAC,0.0,0.0,0.0
6.0,2021.0,New Zealand,NZL,Solar,0,GWAC,0.0,0.0,0.0
7.0,2021.0,New Zealand,NZL,Solar,0,GWAC,0.0,0.0,0.0
8.0,2021.0,New Zealand,NZL,Solar,0,GWAC,0.0,0.0,0.0
9.0,2021.0,New Zealand,NZL,Solar,0,GWAC,0.0,0.0,0.0
10.0,2021.0,New Zealand,NZL,Solar,0,GWAC,0.0,0.0,0.0
11.0,2021.0,New Zealand,NZL,Solar,0,GWAC,0.0,0.0,0.0
12.0,2021.0,New Zealand,NZL,Solar,0,GWAC,0.0,0.0,0.0
1.0,2022.0,New Zealand,NZL,Solar,0,GWAC,0.0,0.0,0.0
2.0,2022.0,New Zealand,NZL,Solar,0,GWAC,0.0,0.0,0.0
3.0,2022.0,New Zealand,NZL,Solar,0,GWAC,0.0,0.0,0.0
4.0,2022.0,New Zealand,NZL,Solar,0,GWAC,0.0,0.0,0.0
5.0,2022.0,New Zealand,NZL,Solar,0,GWAC,0.0,0.0,0.0
6.0,2022.0,New Zealand,NZL,Solar,0,GWAC,0.0,0.0,0.0
7.0,2022.0,New Zealand,NZL,Solar,0,GWAC,0.0,0.0,0.0
8.0,2022.0,New Zealand,NZL,Solar,0,GWAC,0.0,0.0,0.0
9.0,2022.0,New Zealand,NZL,Solar,0,GWAC,0.0,0.0,0.0
10.0,2022.0,New Zealand,NZL,Solar,0,GWAC,0.0,0.0,0.0
11.0,2022.0,New Zealand,NZL,Solar,0,GWAC,0.0,0.0,0.0
12.0,2022.0,New Zealand,NZL,Solar,0,GWAC,0.0,0.0,0.0
1.0,2023.0,New Zealand,NZL,Solar,0,GWAC,0.0,0.0,0.0
2.0,2023.0,New Zealand,NZL,Solar,0,GWAC,0.0,0.0,0.0
3.0,2023.0,New Zealand,NZL,Solar,0,GWAC,0.0,0.0,0.0
4.0,2023.0,New Zealand,NZL,Solar,0,GWAC,0.0,0.0,0.0
5.0,2023.0,New Zealand,NZL,Solar,0,GWAC,0.0,0.0,0.0
6.0,2023.0,New Zealand,NZL,Solar,0,GWAC,0.0,0.0,0.0
7.0,2023.0,New Zealand,NZL,Solar,0,GWAC,0.0,0.0,0.0
8.0,2023.0,New Zealand,NZL,Solar,0,GWAC,0.0,0.0,0.0
9.0,2023.0,New Zealand,NZL,Solar,0,GWAC,0.0,0.0,0.0
10.0,2023.0,New Zealand,NZL,Solar,0,GWAC,0.01,0.01,0.01
11.0,2023.0,New Zealand,NZL,Solar,0,GWAC,0.02,0.01,0.02
12.0,2023.0,New Zealand,NZL,Solar,0,GWAC,0.02,0.0,0.02
1.0,2024.0,New Zealand,NZL,Solar,0,GWAC,0.02,0.0,0.0
2.0,2024.0,New Zealand,NZL,Solar,0,GWAC,0.02,0.0,0.0
3.0,2024.0,New Zealand,NZL,Solar,0,GWAC,0.03,0.01,0.01
4.0,2024.0,New Zealand,NZL,Solar,0,GWAC,0.03,0.0,0.01
5.0,2024.0,New Zealand,NZL,Solar,0,GWAC,0.03,0.0,0.01
6.0,2024.0,New Zealand,NZL,Solar,0,GWAC,0.03,0.0,0.01
7.0,2024.0,New Zealand,NZL,Solar,0,GWAC,0.04,0.01,0.02
8.0,2024.0,New Zealand,NZL,Solar,0,GWAC,0.04,0.0,0.02
9.0,2024.0,New Zealand,NZL,Solar,0,GWAC,0.04,0.0,0.02
10.0,2024.0,New Zealand,NZL,Solar,0,GWAC,0.04,0.0,0.02
11.0,2024.0,New Zealand,NZL,Solar,0,GWAC,0.04,0.0,0.02
12.0,2024.0,New Zealand,NZL,Solar,0,GWAC,0.1,0.06,0.08
1.0,2025.0,New Zealand,NZL,Solar,0,GWAC,0.12,0.02,0.02
2.0,2025.0,New Zealand,NZL,Solar,0,GWAC,0.12,0.0,0.02
3.0,2025.0,New Zealand,NZL,Solar,0,GWAC,0.12,0.0,0.02
4.0,2025.0,New Zealand,NZL,Solar,0,GWAC,0.12,0.0,0.02
5.0,2025.0,New Zealand,NZL,Solar,0,GWAC,0.14,0.02,0.04
6.0,2025.0,New Zealand,NZL,Solar,0,GWAC,0.14,0.0,0.04
7.0,2025.0,New Zealand,NZL,Solar,0,GWAC,0.14,0.0,0.04
1.0,2016.0,New Zealand,NZL,Solar,0,GWDC,0.0,0.0,0.0
2.0,2016.0,New Zealand,NZL,Solar,0,GWDC,0.0,0.0,0.0
3.0,2016.0,New Zealand,NZL,Solar,0,GWDC,0.0,0.0,0.0
4.0,2016.0,New Zealand,NZL,Solar,0,GWDC,0.0,0.0,0.0
5.0,2016.0,New Zealand,NZL,Solar,0,GWDC,0.0,0.0,0.0
6.0,2016.0,New Zealand,NZL,Solar,0,GWDC,0.0,0.0,0.0
7.0,2016.0,New Zealand,NZL,Solar,0,GWDC,0.0,0.0,0.0
8.0,2016.0,New Zealand,NZL,Solar,0,GWDC,0.0,0.0,0.0
9.0,2016.0,New Zealand,NZL,Solar,0,GWDC,0.0,0.0,0.0
10.0,2016.0,New Zealand,NZL,Solar,0,GWDC,0.0,0.0,0.0
11.0,2016.0,New Zealand,NZL,Solar,0,GWDC,0.0,0.0,0.0
12.0,2016.0,New Zealand,NZL,Solar,0,GWDC,0.0,0.0,0.0
1.0,2017.0,New Zealand,NZL,Solar,0,GWDC,0.0,0.0,0.0
2.0,2017.0,New Zealand,NZL,Solar,0,GWDC,0.0,0.0,0.0
3.0,2017.0,New Zealand,NZL,Solar,0,GWDC,0.0,0.0,0.0
4.0,2017.0,New Zealand,NZL,Solar,0,GWDC,0.0,0.0,0.0
5.0,2017.0,New Zealand,NZL,Solar,0,GWDC,0.0,0.0,0.0
6.0,2017.0,New Zealand,NZL,Solar,0,GWDC,0.0,0.0,0.0
7.0,2017.0,New Zealand,NZL,Solar,0,GWDC,0.0,0.0,0.0
8.0,2017.0,New Zealand,NZL,Solar,0,GWDC,0.0,0.0,0.0
9.0,2017.0,New Zealand,NZL,Solar,0,GWDC,0.0,0.0,0.0
10.0,2017.0,New Zealand,NZL,Solar,0,GWDC,0.0,0.0,0.0
11.0,2017.0,New Zealand,NZL,Solar,0,GWDC,0.0,0.0,0.0
12.0,2017.0,New Zealand,NZL,Solar,0,GWDC,0.0,0.0,0.0
1.0,2018.0,New Zealand,NZL,Solar,0,GWDC,0.0,0.0,0.0
2.0,2018.0,New Zealand,NZL,Solar,0,GWDC,0.0,0.0,0.0
3.0,2018.0,New Zealand,NZL,Solar,0,GWDC,0.0,0.0,0.0
4.0,2018.0,New Zealand,NZL,Solar,0,GWDC,0.0,0.0,0.0
5.0,2018.0,New Zealand,NZL,Solar,0,GWDC,0.0,0.0,0.0
6.0,2018.0,New Zealand,NZL,Solar,0,GWDC,0.0,0.0,0.0
7.0,2018.0,New Zealand,NZL,Solar,0,GWDC,0.0,0.0,0.0
8.0,2018.0,New Zealand,NZL,Solar,0,GWDC,0.0,0.0,0.0
9.0,2018.0,New Zealand,NZL,Solar,0,GWDC,0.0,0.0,0.0
10.0,2018.0,New Zealand,NZL,Solar,0,GWDC,0.0,0.0,0.0
11.0,2018.0,New Zealand,NZL,Solar,0,GWDC,0.0,0.0,0.0
12.0,2018.0,New Zealand,NZL,Solar,0,GWDC,0.0,0.0,0.0
1.0,2019.0,New Zealand,NZL,Solar,0,GWDC,0.0,0.0,0.0
2.0,2019.0,New Zealand,NZL,Solar,0,GWDC,0.0,0.0,0.0
3.0,2019.0,New Zealand,NZL,Solar,0,GWDC,0.0,0.0,0.0
4.0,2019.0,New Zealand,NZL,Solar,0,GWDC,0.0,0.0,0.0
5.0,2019.0,New Zealand,NZL,Solar,0,GWDC,0.0,0.0,0.0
6.0,2019.0,New Zealand,NZL,Solar,0,GWDC,0.0,0.0,0.0
7.0,2019.0,New Zealand,NZL,Solar,0,GWDC,0.0,0.0,0.0
8.0,2019.0,New Zealand,NZL,Solar,0,GWDC,0.0,0.0,0.0
9.0,2019.0,New Zealand,NZL,Solar,0,GWDC,0.0,0.0,0.0
10.0,2019.0,New Zealand,NZL,Solar,0,GWDC,0.0,0.0,0.0
11.0,2019.0,New Zealand,NZL,Solar,0,GWDC,0.0,0.0,0.0
12.0,2019.0,New Zealand,NZL,Solar,0,GWDC,0.0,0.0,0.0
1.0,2020.0,New Zealand,NZL,Solar,0,GWDC,0.0,0.0,0.0
2.0,2020.0,New Zealand,NZL,Solar,0,GWDC,0.0,0.0,0.0
3.0,2020.0,New Zealand,NZL,Solar,0,GWDC,0.0,0.0,0.0
4.0,2020.0,New Zealand,NZL,Solar,0,GWDC,0.0,0.0,0.0
5.0,2020.0,New Zealand,NZL,Solar,0,GWDC,0.0,0.0,0.0
6.0,2020.0,New Zealand,NZL,Solar,0,GWDC,0.0,0.0,0.0
7.0,2020.0,New Zealand,NZL,Solar,0,GWDC,0.0,0.0,0.0
8.0,2020.0,New Zealand,NZL,Solar,0,GWDC,0.0,0.0,0.0
9.0,2020.0,New Zealand,NZL,Solar,0,GWDC,0.0,0.0,0.0
10.0,2020.0,New Zealand,NZL,Solar,0,GWDC,0.0,0.0,0.0
11.0,2020.0,New Zealand,NZL,Solar,0,GWDC,0.0,0.0,0.0
12.0,2020.0,New Zealand,NZL,Solar,0,GWDC,0.0,0.0,0.0
1.0,2021.0,New Zealand,NZL,Solar,0,GWDC,0.0,0.0,0.0
2.0,2021.0,New Zealand,NZL,Solar,0,GWDC,0.0,0.0,0.0
3.0,2021.0,New Zealand,NZL,Solar,0,GWDC,0.0,0.0,0.0
4.0,2021.0,New Zealand,NZL,Solar,0,GWDC,0.0,0.0,0.0
5.0,2021.0,New Zealand,NZL,Solar,0,GWDC,0.0,0.0,0.0
6.0,2021.0,New Zealand,NZL,Solar,0,GWDC,0.0,0.0,0.0
7.0,2021.0,New Zealand,NZL,Solar,0,GWDC,0.0,0.0,0.0
8.0,2021.0,New Zealand,NZL,Solar,0,GWDC,0.0,0.0,0.0
9.0,2021.0,New Zealand,NZL,Solar,0,GWDC,0.0,0.0,0.0
10.0,2021.0,New Zealand,NZL,Solar,0,GWDC,0.0,0.0,0.0
11.0,2021.0,New Zealand,NZL,Solar,0,GWDC,0.0,0.0,0.0
12.0,2021.0,New Zealand,NZL,Solar,0,GWDC,0.0,0.0,0.0
1.0,2022.0,New Zealand,NZL,Solar,0,GWDC,0.0,0.0,0.0
2.0,2022.0,New Zealand,NZL,Solar,0,GWDC,0.0,0.0,0.0
3.0,2022.0,New Zealand,NZL,Solar,0,GWDC,0.0,0.0,0.0
4.0,2022.0,New Zealand,NZL,Solar,0,GWDC,0.0,0.0,0.0
5.0,2022.0,New Zealand,NZL,Solar,0,GWDC,0.0,0.0,0.0
6.0,2022.0,New Zealand,NZL,Solar,0,GWDC,0.0,0.0,0.0
7.0,2022.0,New Zealand,NZL,Solar,0,GWDC,0.0,0.0,0.0
8.0,2022.0,New Zealand,NZL,Solar,0,GWDC,0.0,0.0,0.0
9.0,2022.0,New Zealand,NZL,Solar,0,GWDC,0.0,0.0,0.0
10.0,2022.0,New Zealand,NZL,Solar,0,GWDC,0.0,0.0,0.0
11.0,2022.0,New Zealand,NZL,Solar,0,GWDC,0.0,0.0,0.0
12.0,2022.0,New Zealand,NZL,Solar,0,GWDC,0.0,0.0,0.0
1.0,2023.0,New Zealand,NZL,Solar,0,GWDC,0.0,0.0,0.0
2.0,2023.0,New Zealand,NZL,Solar,0,GWDC,0.0,0.0,0.0
3.0,2023.0,New Zealand,NZL,Solar,0,GWDC,0.0,0.0,0.0
4.0,2023.0,New Zealand,NZL,Solar,0,GWDC,0.0,0.0,0.0
5.0,2023.0,New Zealand,NZL,Solar,0,GWDC,0.0,0.0,0.0
6.0,2023.0,New Zealand,NZL,Solar,0,GWDC,0.0,0.0,0.0
7.0,2023.0,New Zealand,NZL,Solar,0,GWDC,0.0,0.0,0.0
8.0,2023.0,New Zealand,NZL,Solar,0,GWDC,0.0,0.0,0.0
9.0,2023.0,New Zealand,NZL,Solar,0,GWDC,0.0,0.0,0.0
10.0,2023.0,New Zealand,NZL,Solar,0,GWDC,0.02,0.02,0.02
11.0,2023.0,New Zealand,NZL,Solar,0,GWDC,0.02,0.0,0.02
12.0,2023.0,New Zealand,NZL,Solar,0,GWDC,0.02,0.0,0.02
1.0,2024.0,New Zealand,NZL,Solar,0,GWDC,0.03,0.01,0.01
2.0,2024.0,New Zealand,NZL,Solar,0,GWDC,0.03,0.0,0.01
3.0,2024.0,New Zealand,NZL,Solar,0,GWDC,0.03,0.0,0.01
4.0,2024.0,New Zealand,NZL,Solar,0,GWDC,0.04,0.01,0.02
5.0,2024.0,New Zealand,NZL,Solar,0,GWDC,0.04,0.0,0.02
6.0,2024.0,New Zealand,NZL,Solar,0,GWDC,0.04,0.0,0.02
7.0,2024.0,New Zealand,NZL,Solar,0,GWDC,0.05,0.01,0.03
8.0,2024.0,New Zealand,NZL,Solar,0,GWDC,0.05,0.0,0.03
9.0,2024.0,New Zealand,NZL,Solar,0,GWDC,0.05,0.0,0.03
10.0,2024.0,New Zealand,NZL,Solar,0,GWDC,0.05,0.0,0.03
11.0,2024.0,New Zealand,NZL,Solar,0,GWDC,0.05,0.0,0.03
12.0,2024.0,New Zealand,NZL,Solar,0,GWDC,0.13,0.08,0.11
1.0,2025.0,New Zealand,NZL,Solar,0,GWDC,0.16,0.03,0.03
2.0,2025.0,New Zealand,NZL,Solar,0,GWDC,0.16,0.0,0.03
3.0,2025.0,New Zealand,NZL,Solar,0,GWDC,0.16,0.0,0.03
4.0,2025.0,New Zealand,NZL,Solar,0,GWDC,0.16,0.0,0.03
5.0,2025.0,New Zealand,NZL,Solar,0,GWDC,0.18,0.02,0.05
6.0,2025.0,New Zealand,NZL,Solar,0,GWDC,0.18,0.0,0.05
7.0,2025.0,New Zealand,NZL,Solar,0,GWDC,0.18,0.0,0.05
1.0,2016.0,New Zealand,NZL,Wind onshore,0,GW,0.69,0.0,0.0
2.0,2016.0,New Zealand,NZL,Wind onshore,0,GW,0.69,0.0,0.0
3.0,2016.0,New Zealand,NZL,Wind onshore,0,GW,0.69,0.0,0.0
4.0,2016.0,New Zealand,NZL,Wind onshore,0,GW,0.69,0.0,0.0
5.0,2016.0,New Zealand,NZL,Wind onshore,0,GW,0.69,0.0,0.0
6.0,2016.0,New Zealand,NZL,Wind onshore,0,GW,0.69,0.0,0.0
7.0,2016.0,New Zealand,NZL,Wind onshore,0,GW,0.69,0.0,0.0
8.0,2016.0,New Zealand,NZL,Wind onshore,0,GW,0.69,0.0,0.0
9.0,2016.0,New Zealand,NZL,Wind onshore,0,GW,0.69,0.0,0.0
10.0,2016.0,New Zealand,NZL,Wind onshore,0,GW,0.69,0.0,0.0
11.0,2016.0,New Zealand,NZL,Wind onshore,0,GW,0.69,0.0,0.0
12.0,2016.0,New Zealand,NZL,Wind onshore,0,GW,0.69,0.0,0.0
1.0,2017.0,New Zealand,NZL,Wind onshore,0,GW,0.69,0.0,0.0
2.0,2017.0,New Zealand,NZL,Wind onshore,0,GW,0.69,0.0,0.0
3.0,2017.0,New Zealand,NZL,Wind onshore,0,GW,0.69,0.0,0.0
4.0,2017.0,New Zealand,NZL,Wind onshore,0,GW,0.69,0.0,0.0
5.0,2017.0,New Zealand,NZL,Wind onshore,0,GW,0.69,0.0,0.0
6.0,2017.0,New Zealand,NZL,Wind onshore,0,GW,0.69,0.0,0.0
7.0,2017.0,New Zealand,NZL,Wind onshore,0,GW,0.69,0.0,0.0
8.0,2017.0,New Zealand,NZL,Wind onshore,0,GW,0.69,0.0,0.0
9.0,2017.0,New Zealand,NZL,Wind onshore,0,GW,0.69,0.0,0.0
10.0,2017.0,New Zealand,NZL,Wind onshore,0,GW,0.69,0.0,0.0
11.0,2017.0,New Zealand,NZL,Wind onshore,0,GW,0.69,0.0,0.0
12.0,2017.0,New Zealand,NZL,Wind onshore,0,GW,0.69,0.0,0.0
1.0,2018.0,New Zealand,NZL,Wind onshore,0,GW,0.69,0.0,0.0
2.0,2018.0,New Zealand,NZL,Wind onshore,0,GW,0.69,0.0,0.0
3.0,2018.0,New Zealand,NZL,Wind onshore,0,GW,0.69,0.0,0.0
4.0,2018.0,New Zealand,NZL,Wind onshore,0,GW,0.69,0.0,0.0
5.0,2018.0,New Zealand,NZL,Wind onshore,0,GW,0.69,0.0,0.0
6.0,2018.0,New Zealand,NZL,Wind onshore,0,GW,0.69,0.0,0.0
7.0,2018.0,New Zealand,NZL,Wind onshore,0,GW,0.69,0.0,0.0
8.0,2018.0,New Zealand,NZL,Wind onshore,0,GW,0.69,0.0,0.0
9.0,2018.0,New Zealand,NZL,Wind onshore,0,GW,0.69,0.0,0.0
10.0,2018.0,New Zealand,NZL,Wind onshore,0,GW,0.69,0.0,0.0
11.0,2018.0,New Zealand,NZL,Wind onshore,0,GW,0.69,0.0,0.0
12.0,2018.0,New Zealand,NZL,Wind onshore,0,GW,0.69,0.0,0.0
1.0,2019.0,New Zealand,NZL,Wind onshore,0,GW,0.69,0.0,0.0
2.0,2019.0,New Zealand,NZL,Wind onshore,0,GW,0.69,0.0,0.0
3.0,2019.0,New Zealand,NZL,Wind onshore,0,GW,0.69,0.0,0.0
4.0,2019.0,New Zealand,NZL,Wind onshore,0,GW,0.69,0.0,0.0
5.0,2019.0,New Zealand,NZL,Wind onshore,0,GW,0.69,0.0,0.0
6.0,2019.0,New Zealand,NZL,Wind onshore,0,GW,0.69,0.0,0.0
7.0,2019.0,New Zealand,NZL,Wind onshore,0,GW,0.69,0.0,0.0
8.0,2019.0,New Zealand,NZL,Wind onshore,0,GW,0.69,0.0,0.0
9.0,2019.0,New Zealand,NZL,Wind onshore,0,GW,0.69,0.0,0.0
10.0,2019.0,New Zealand,NZL,Wind onshore,0,GW,0.69,0.0,0.0
11.0,2019.0,New Zealand,NZL,Wind onshore,0,GW,0.69,0.0,0.0
12.0,2019.0,New Zealand,NZL,Wind onshore,0,GW,0.69,0.0,0.0
1.0,2020.0,New Zealand,NZL,Wind onshore,0,GW,0.69,0.0,0.0
2.0,2020.0,New Zealand,NZL,Wind onshore,0,GW,0.69,0.0,0.0
3.0,2020.0,New Zealand,NZL,Wind onshore,0,GW,0.69,0.0,0.0
4.0,2020.0,New Zealand,NZL,Wind onshore,0,GW,0.69,0.0,0.0
5.0,2020.0,New Zealand,NZL,Wind onshore,0,GW,0.69,0.0,0.0
6.0,2020.0,New Zealand,NZL,Wind onshore,0,GW,0.69,0.0,0.0
7.0,2020.0,New Zealand,NZL,Wind onshore,0,GW,0.69,0.0,0.0
8.0,2020.0,New Zealand,NZL,Wind onshore,0,GW,0.69,0.0,0.0
9.0,2020.0,New Zealand,NZL,Wind onshore,0,GW,0.69,0.0,0.0
10.0,2020.0,New Zealand,NZL,Wind onshore,0,GW,0.69,0.0,0.0
11.0,2020.0,New Zealand,NZL,Wind onshore,0,GW,0.69,0.0,0.0
12.0,2020.0,New Zealand,NZL,Wind onshore,0,GW,0.69,0.0,0.0
1.0,2021.0,New Zealand,NZL,Wind onshore,0,GW,0.69,0.0,0.0
2.0,2021.0,New Zealand,NZL,Wind onshore,0,GW,0.69,0.0,0.0
3.0,2021.0,New Zealand,NZL,Wind onshore,0,GW,0.69,0.0,0.0
4.0,2021.0,New Zealand,NZL,Wind onshore,0,GW,0.69,0.0,0.0
5.0,2021.0,New Zealand,NZL,Wind onshore,0,GW,0.69,0.0,0.0
6.0,2021.0,New Zealand,NZL,Wind onshore,0,GW,0.69,0.0,0.0
7.0,2021.0,New Zealand,NZL,Wind onshore,0,GW,0.69,0.0,0.0
8.0,2021.0,New Zealand,NZL,Wind onshore,0,GW,0.69,0.0,0.0
9.0,2021.0,New Zealand,NZL,Wind onshore,0,GW,0.69,0.0,0.0
10.0,2021.0,New Zealand,NZL,Wind onshore,0,GW,0.69,0.0,0.0
11.0,2021.0,New Zealand,NZL,Wind onshore,0,GW,0.69,0.0,0.0
12.0,2021.0,New Zealand,NZL,Wind onshore,0,GW,0.91,0.22,0.22
1.0,2022.0,New Zealand,NZL,Wind onshore,0,GW,0.91,0.0,0.0
2.0,2022.0,New Zealand,NZL,Wind onshore,0,GW,0.91,0.0,0.0
3.0,2022.0,New Zealand,NZL,Wind onshore,0,GW,0.91,0.0,0.0
4.0,2022.0,New Zealand,NZL,Wind onshore,0,GW,0.91,0.0,0.0
5.0,2022.0,New Zealand,NZL,Wind onshore,0,GW,1.05,0.14,0.14
6.0,2022.0,New Zealand,NZL,Wind onshore,0,GW,1.05,0.0,0.14
7.0,2022.0,New Zealand,NZL,Wind onshore,0,GW,1.05,0.0,0.14
8.0,2022.0,New Zealand,NZL,Wind onshore,0,GW,1.05,0.0,0.14
9.0,2022.0,New Zealand,NZL,Wind onshore,0,GW,1.05,0.0,0.14
10.0,2022.0,New Zealand,NZL,Wind onshore,0,GW,1.05,0.0,0.14
11.0,2022.0,New Zealand,NZL,Wind onshore,0,GW,1.05,0.0,0.14
12.0,2022.0,New Zealand,NZL,Wind onshore,0,GW,1.05,0.0,0.14
1.0,2023.0,New Zealand,NZL,Wind onshore,0,GW,1.26,0.21,0.21
2.0,2023.0,New Zealand,NZL,Wind onshore,0,GW,1.26,0.0,0.21
3.0,2023.0,New Zealand,NZL,Wind onshore,0,GW,1.26,0.0,0.21
4.0,2023.0,New Zealand,NZL,Wind onshore,0,GW,1.26,0.0,0.21
5.0,2023.0,New Zealand,NZL,Wind onshore,0,GW,1.26,0.0,0.21
6.0,2023.0,New Zealand,NZL,Wind onshore,0,GW,1.26,0.0,0.21
7.0,2023.0,New Zealand,NZL,Wind onshore,0,GW,1.26,0.0,0.21
8.0,2023.0,New Zealand,NZL,Wind onshore,0,GW,1.26,0.0,0.21
9.0,2023.0,New Zealand,NZL,Wind onshore,0,GW,1.26,0.0,0.21
10.0,2023.0,New Zealand,NZL,Wind onshore,0,GW,1.26,0.0,0.21
11.0,2023.0,New Zealand,NZL,Wind onshore,0,GW,1.26,0.0,0.21
12.0,2023.0,New Zealand,NZL,Wind onshore,0,GW,1.26,0.0,0.21
1.0,2024.0,New Zealand,NZL,Wind onshore,0,GW,1.26,0.0,0.0
2.0,2024.0,New Zealand,NZL,Wind onshore,0,GW,1.26,0.0,0.0
3.0,2024.0,New Zealand,NZL,Wind onshore,0,GW,1.26,0.0,0.0
4.0,2024.0,New Zealand,NZL,Wind onshore,0,GW,1.26,0.0,0.0
5.0,2024.0,New Zealand,NZL,Wind onshore,0,GW,1.26,0.0,0.0
6.0,2024.0,New Zealand,NZL,Wind onshore,0,GW,1.26,0.0,0.0
7.0,2024.0,New Zealand,NZL,Wind onshore,0,GW,1.26,0.0,0.0
8.0,2024.0,New Zealand,NZL,Wind onshore,0,GW,1.26,0.0,0.0
9.0,2024.0,New Zealand,NZL,Wind onshore,0,GW,1.26,0.0,0.0
10.0,2024.0,New Zealand,NZL,Wind onshore,0,GW,1.26,0.0,0.0
11.0,2024.0,New Zealand,NZL,Wind onshore,0,GW,1.26,0.0,0.0
12.0,2024.0,New Zealand,NZL,Wind onshore,0,GW,1.26,0.0,0.0
1.0,2025.0,New Zealand,NZL,Wind onshore,0,GW,1.26,0.0,0.0
2.0,2025.0,New Zealand,NZL,Wind onshore,0,GW,1.26,0.0,0.0
3.0,2025.0,New Zealand,NZL,Wind onshore,0,GW,1.26,0.0,0.0
4.0,2025.0,New Zealand,NZL,Wind onshore,0,GW,1.26,0.0,0.0
5.0,2025.0,New Zealand,NZL,Wind onshore,0,GW,1.26,0.0,0.0
6.0,2025.0,New Zealand,NZL,Wind onshore,0,GW,1.26,0.0,0.0
7.0,2025.0,New Zealand,NZL,Wind onshore,0,GW,1.26,0.0,0.0
1.0,2016.0,New Zealand,NZL,Wind,1,GW,0.69,0.0,0.0
2.0,2016.0,New Zealand,NZL,Wind,1,GW,0.69,0.0,0.0
3.0,2016.0,New Zealand,NZL,Wind,1,GW,0.69,0.0,0.0
4.0,2016.0,New Zealand,NZL,Wind,1,GW,0.69,0.0,0.0
5.0,2016.0,New Zealand,NZL,Wind,1,GW,0.69,0.0,0.0
6.0,2016.0,New Zealand,NZL,Wind,1,GW,0.69,0.0,0.0
7.0,2016.0,New Zealand,NZL,Wind,1,GW,0.69,0.0,0.0
8.0,2016.0,New Zealand,NZL,Wind,1,GW,0.69,0.0,0.0
9.0,2016.0,New Zealand,NZL,Wind,1,GW,0.69,0.0,0.0
10.0,2016.0,New Zealand,NZL,Wind,1,GW,0.69,0.0,0.0
11.0,2016.0,New Zealand,NZL,Wind,1,GW,0.69,0.0,0.0
12.0,2016.0,New Zealand,NZL,Wind,1,GW,0.69,0.0,0.0
1.0,2017.0,New Zealand,NZL,Wind,1,GW,0.69,0.0,0.0
2.0,2017.0,New Zealand,NZL,Wind,1,GW,0.69,0.0,0.0
3.0,2017.0,New Zealand,NZL,Wind,1,GW,0.69,0.0,0.0
4.0,2017.0,New Zealand,NZL,Wind,1,GW,0.69,0.0,0.0
5.0,2017.0,New Zealand,NZL,Wind,1,GW,0.69,0.0,0.0
6.0,2017.0,New Zealand,NZL,Wind,1,GW,0.69,0.0,0.0
7.0,2017.0,New Zealand,NZL,Wind,1,GW,0.69,0.0,0.0
8.0,2017.0,New Zealand,NZL,Wind,1,GW,0.69,0.0,0.0
9.0,2017.0,New Zealand,NZL,Wind,1,GW,0.69,0.0,0.0
10.0,2017.0,New Zealand,NZL,Wind,1,GW,0.69,0.0,0.0
11.0,2017.0,New Zealand,NZL,Wind,1,GW,0.69,0.0,0.0
12.0,2017.0,New Zealand,NZL,Wind,1,GW,0.69,0.0,0.0
1.0,2018.0,New Zealand,NZL,Wind,1,GW,0.69,0.0,0.0
2.0,2018.0,New Zealand,NZL,Wind,1,GW,0.69,0.0,0.0
3.0,2018.0,New Zealand,NZL,Wind,1,GW,0.69,0.0,0.0
4.0,2018.0,New Zealand,NZL,Wind,1,GW,0.69,0.0,0.0
5.0,2018.0,New Zealand,NZL,Wind,1,GW,0.69,0.0,0.0
6.0,2018.0,New Zealand,NZL,Wind,1,GW,0.69,0.0,0.0
7.0,2018.0,New Zealand,NZL,Wind,1,GW,0.69,0.0,0.0
8.0,2018.0,New Zealand,NZL,Wind,1,GW,0.69,0.0,0.0
9.0,2018.0,New Zealand,NZL,Wind,1,GW,0.69,0.0,0.0
10.0,2018.0,New Zealand,NZL,Wind,1,GW,0.69,0.0,0.0
11.0,2018.0,New Zealand,NZL,Wind,1,GW,0.69,0.0,0.0
12.0,2018.0,New Zealand,NZL,Wind,1,GW,0.69,0.0,0.0
1.0,2019.0,New Zealand,NZL,Wind,1,GW,0.69,0.0,0.0
2.0,2019.0,New Zealand,NZL,Wind,1,GW,0.69,0.0,0.0
3.0,2019.0,New Zealand,NZL,Wind,1,GW,0.69,0.0,0.0
4.0,2019.0,New Zealand,NZL,Wind,1,GW,0.69,0.0,0.0
5.0,2019.0,New Zealand,NZL,Wind,1,GW,0.69,0.0,0.0
6.0,2019.0,New Zealand,NZL,Wind,1,GW,0.69,0.0,0.0
7.0,2019.0,New Zealand,NZL,Wind,1,GW,0.69,0.0,0.0
8.0,2019.0,New Zealand,NZL,Wind,1,GW,0.69,0.0,0.0
9.0,2019.0,New Zealand,NZL,Wind,1,GW,0.69,0.0,0.0
10.0,2019.0,New Zealand,NZL,Wind,1,GW,0.69,0.0,0.0
11.0,2019.0,New Zealand,NZL,Wind,1,GW,0.69,0.0,0.0
12.0,2019.0,New Zealand,NZL,Wind,1,GW,0.69,0.0,0.0
1.0,2020.0,New Zealand,NZL,Wind,1,GW,0.69,0.0,0.0
2.0,2020.0,New Zealand,NZL,Wind,1,GW,0.69,0.0,0.0
3.0,2020.0,New Zealand,NZL,Wind,1,GW,0.69,0.0,0.0
4.0,2020.0,New Zealand,NZL,Wind,1,GW,0.69,0.0,0.0
5.0,2020.0,New Zealand,NZL,Wind,1,GW,0.69,0.0,0.0
6.0,2020.0,New Zealand,NZL,Wind,1,GW,0.69,0.0,0.0
7.0,2020.0,New Zealand,NZL,Wind,1,GW,0.69,0.0,0.0
8.0,2020.0,New Zealand,NZL,Wind,1,GW,0.69,0.0,0.0
9.0,2020.0,New Zealand,NZL,Wind,1,GW,0.69,0.0,0.0
10.0,2020.0,New Zealand,NZL,Wind,1,GW,0.69,0.0,0.0
11.0,2020.0,New Zealand,NZL,Wind,1,GW,0.69,0.0,0.0
12.0,2020.0,New Zealand,NZL,Wind,1,GW,0.69,0.0,0.0
1.0,2021.0,New Zealand,NZL,Wind,1,GW,0.69,0.0,0.0
2.0,2021.0,New Zealand,NZL,Wind,1,GW,0.69,0.0,0.0
3.0,2021.0,New Zealand,NZL,Wind,1,GW,0.69,0.0,0.0
4.0,2021.0,New Zealand,NZL,Wind,1,GW,0.69,0.0,0.0
5.0,2021.0,New Zealand,NZL,Wind,1,GW,0.69,0.0,0.0
6.0,2021.0,New Zealand,NZL,Wind,1,GW,0.69,0.0,0.0
7.0,2021.0,New Zealand,NZL,Wind,1,GW,0.69,0.0,0.0
8.0,2021.0,New Zealand,NZL,Wind,1,GW,0.69,0.0,0.0
9.0,2021.0,New Zealand,NZL,Wind,1,GW,0.69,0.0,0.0
10.0,2021.0,New Zealand,NZL,Wind,1,GW,0.69,0.0,0.0
11.0,2021.0,New Zealand,NZL,Wind,1,GW,0.69,0.0,0.0
12.0,2021.0,New Zealand,NZL,Wind,1,GW,0.91,0.22,0.22
1.0,2022.0,New Zealand,NZL,Wind,1,GW,0.91,0.0,0.0
2.0,2022.0,New Zealand,NZL,Wind,1,GW,0.91,0.0,0.0
3.0,2022.0,New Zealand,NZL,Wind,1,GW,0.91,0.0,0.0
4.0,2022.0,New Zealand,NZL,Wind,1,GW,0.91,0.0,0.0
5.0,2022.0,New Zealand,NZL,Wind,1,GW,1.05,0.14,0.14
6.0,2022.0,New Zealand,NZL,Wind,1,GW,1.05,0.0,0.14
7.0,2022.0,New Zealand,NZL,Wind,1,GW,1.05,0.0,0.14
8.0,2022.0,New Zealand,NZL,Wind,1,GW,1.05,0.0,0.14
9.0,2022.0,New Zealand,NZL,Wind,1,GW,1.05,0.0,0.14
10.0,2022.0,New Zealand,NZL,Wind,1,GW,1.05,0.0,0.14
11.0,2022.0,New Zealand,NZL,Wind,1,GW,1.05,0.0,0.14
12.0,2022.0,New Zealand,NZL,Wind,1,GW,1.05,0.0,0.14
1.0,2023.0,New Zealand,NZL,Wind,1,GW,1.26,0.21,0.21
2.0,2023.0,New Zealand,NZL,Wind,1,GW,1.26,0.0,0.21
3.0,2023.0,New Zealand,NZL,Wind,1,GW,1.26,0.0,0.21
4.0,2023.0,New Zealand,NZL,Wind,1,GW,1.26,0.0,0.21
5.0,2023.0,New Zealand,NZL,Wind,1,GW,1.26,0.0,0.21
6.0,2023.0,New Zealand,NZL,Wind,1,GW,1.26,0.0,0.21
7.0,2023.0,New Zealand,NZL,Wind,1,GW,1.26,0.0,0.21
8.0,2023.0,New Zealand,NZL,Wind,1,GW,1.26,0.0,0.21
9.0,2023.0,New Zealand,NZL,Wind,1,GW,1.26,0.0,0.21
10.0,2023.0,New Zealand,NZL,Wind,1,GW,1.26,0.0,0.21
11.0,2023.0,New Zealand,NZL,Wind,1,GW,1.26,0.0,0.21
12.0,2023.0,New Zealand,NZL,Wind,1,GW,1.26,0.0,0.21
1.0,2024.0,New Zealand,NZL,Wind,1,GW,1.26,0.0,0.0
2.0,2024.0,New Zealand,NZL,Wind,1,GW,1.26,0.0,0.0
3.0,2024.0,New Zealand,NZL,Wind,1,GW,1.26,0.0,0.0
4.0,2024.0,New Zealand,NZL,Wind,1,GW,1.26,0.0,0.0
5.0,2024.0,New Zealand,NZL,Wind,1,GW,1.26,0.0,0.0
6.0,2024.0,New Zealand,NZL,Wind,1,GW,1.26,0.0,0.0
7.0,2024.0,New Zealand,NZL,Wind,1,GW,1.26,0.0,0.0
8.0,2024.0,New Zealand,NZL,Wind,1,GW,1.26,0.0,0.0
9.0,2024.0,New Zealand,NZL,Wind,1,GW,1.26,0.0,0.0
10.0,2024.0,New Zealand,NZL,Wind,1,GW,1.26,0.0,0.0
11.0,2024.0,New Zealand,NZL,Wind,1,GW,1.26,0.0,0.0
12.0,2024.0,New Zealand,NZL,Wind,1,GW,1.26,0.0,0.0
1.0,2025.0,New Zealand,NZL,Wind,1,GW,1.26,0.0,0.0
2.0,2025.0,New Zealand,NZL,Wind,1,GW,1.26,0.0,0.0
3.0,2025.0,New Zealand,NZL,Wind,1,GW,1.26,0.0,0.0
4.0,2025.0,New Zealand,NZL,Wind,1,GW,1.26,0.0,0.0
5.0,2025.0,New Zealand,NZL,Wind,1,GW,1.26,0.0,0.0
6.0,2025.0,New Zealand,NZL,Wind,1,GW,1.26,0.0,0.0
7.0,2025.0,New Zealand,NZL,Wind,1,GW,1.26,0.0,0.0
1.0,2016.0,New Zealand,NZL,Wind and solar,1,GW,0.69,0.0,0.0
2.0,2016.0,New Zealand,NZL,Wind and solar,1,GW,0.69,0.0,0.0
3.0,2016.0,New Zealand,NZL,Wind and solar,1,GW,0.69,0.0,0.0
4.0,2016.0,New Zealand,NZL,Wind and solar,1,GW,0.69,0.0,0.0
5.0,2016.0,New Zealand,NZL,Wind and solar,1,GW,0.69,0.0,0.0
6.0,2016.0,New Zealand,NZL,Wind and solar,1,GW,0.69,0.0,0.0
7.0,2016.0,New Zealand,NZL,Wind and solar,1,GW,0.69,0.0,0.0
8.0,2016.0,New Zealand,NZL,Wind and solar,1,GW,0.69,0.0,0.0
9.0,2016.0,New Zealand,NZL,Wind and solar,1,GW,0.69,0.0,0.0
10.0,2016.0,New Zealand,NZL,Wind and solar,1,GW,0.69,0.0,0.0
11.0,2016.0,New Zealand,NZL,Wind and solar,1,GW,0.69,0.0,0.0
12.0,2016.0,New Zealand,NZL,Wind and solar,1,GW,0.69,0.0,0.0
1.0,2017.0,New Zealand,NZL,Wind and solar,1,GW,0.69,0.0,0.0
2.0,2017.0,New Zealand,NZL,Wind and solar,1,GW,0.69,0.0,0.0
3.0,2017.0,New Zealand,NZL,Wind and solar,1,GW,0.69,0.0,0.0
4.0,2017.0,New Zealand,NZL,Wind and solar,1,GW,0.69,0.0,0.0
5.0,2017.0,New Zealand,NZL,Wind and solar,1,GW,0.69,0.0,0.0
6.0,2017.0,New Zealand,NZL,Wind and solar,1,GW,0.69,0.0,0.0
7.0,2017.0,New Zealand,NZL,Wind and solar,1,GW,0.69,0.0,0.0
8.0,2017.0,New Zealand,NZL,Wind and solar,1,GW,0.69,0.0,0.0
9.0,2017.0,New Zealand,NZL,Wind and solar,1,GW,0.69,0.0,0.0
10.0,2017.0,New Zealand,NZL,Wind and solar,1,GW,0.69,0.0,0.0
11.0,2017.0,New Zealand,NZL,Wind and solar,1,GW,0.69,0.0,0.0
12.0,2017.0,New Zealand,NZL,Wind and solar,1,GW,0.69,0.0,0.0
1.0,2018.0,New Zealand,NZL,Wind and solar,1,GW,0.69,0.0,0.0
2.0,2018.0,New Zealand,NZL,Wind and solar,1,GW,0.69,0.0,0.0
3.0,2018.0,New Zealand,NZL,Wind and solar,1,GW,0.69,0.0,0.0
4.0,2018.0,New Zealand,NZL,Wind and solar,1,GW,0.69,0.0,0.0
5.0,2018.0,New Zealand,NZL,Wind and solar,1,GW,0.69,0.0,0.0
6.0,2018.0,New Zealand,NZL,Wind and solar,1,GW,0.69,0.0,0.0
7.0,2018.0,New Zealand,NZL,Wind and solar,1,GW,0.69,0.0,0.0
8.0,2018.0,New Zealand,NZL,Wind and solar,1,GW,0.69,0.0,0.0
9.0,2018.0,New Zealand,NZL,Wind and solar,1,GW,0.69,0.0,0.0
10.0,2018.0,New Zealand,NZL,Wind and solar,1,GW,0.69,0.0,0.0
11.0,2018.0,New Zealand,NZL,Wind and solar,1,GW,0.69,0.0,0.0
12.0,2018.0,New Zealand,NZL,Wind and solar,1,GW,0.69,0.0,0.0
1.0,2019.0,New Zealand,NZL,Wind and solar,1,GW,0.69,0.0,0.0
2.0,2019.0,New Zealand,NZL,Wind and solar,1,GW,0.69,0.0,0.0
3.0,2019.0,New Zealand,NZL,Wind and solar,1,GW,0.69,0.0,0.0
4.0,2019.0,New Zealand,NZL,Wind and solar,1,GW,0.69,0.0,0.0
5.0,2019.0,New Zealand,NZL,Wind and solar,1,GW,0.69,0.0,0.0
6.0,2019.0,New Zealand,NZL,Wind and solar,1,GW,0.69,0.0,0.0
7.0,2019.0,New Zealand,NZL,Wind and solar,1,GW,0.69,0.0,0.0
8.0,2019.0,New Zealand,NZL,Wind and solar,1,GW,0.69,0.0,0.0
9.0,2019.0,New Zealand,NZL,Wind and solar,1,GW,0.69,0.0,0.0
10.0,2019.0,New Zealand,NZL,Wind and solar,1,GW,0.69,0.0,0.0
11.0,2019.0,New Zealand,NZL,Wind and solar,1,GW,0.69,0.0,0.0
12.0,2019.0,New Zealand,NZL,Wind and solar,1,GW,0.69,0.0,0.0
1.0,2020.0,New Zealand,NZL,Wind and solar,1,GW,0.69,0.0,0.0
2.0,2020.0,New Zealand,NZL,Wind and solar,1,GW,0.69,0.0,0.0
3.0,2020.0,New Zealand,NZL,Wind and solar,1,GW,0.69,0.0,0.0
4.0,2020.0,New Zealand,NZL,Wind and solar,1,GW,0.69,0.0,0.0
5.0,2020.0,New Zealand,NZL,Wind and solar,1,GW,0.69,0.0,0.0
6.0,2020.0,New Zealand,NZL,Wind and solar,1,GW,0.69,0.0,0.0
7.0,2020.0,New Zealand,NZL,Wind and solar,1,GW,0.69,0.0,0.0
8.0,2020.0,New Zealand,NZL,Wind and solar,1,GW,0.69,0.0,0.0
9.0,2020.0,New Zealand,NZL,Wind and solar,1,GW,0.69,0.0,0.0
10.0,2020.0,New Zealand,NZL,Wind and solar,1,GW,0.69,0.0,0.0
11.0,2020.0,New Zealand,NZL,Wind and solar,1,GW,0.69,0.0,0.0
12.0,2020.0,New Zealand,NZL,Wind and solar,1,GW,0.69,0.0,0.0
1.0,2021.0,New Zealand,NZL,Wind and solar,1,GW,0.69,0.0,0.0
2.0,2021.0,New Zealand,NZL,Wind and solar,1,GW,0.69,0.0,0.0
3.0,2021.0,New Zealand,NZL,Wind and solar,1,GW,0.69,0.0,0.0
4.0,2021.0,New Zealand,NZL,Wind and solar,1,GW,0.69,0.0,0.0
5.0,2021.0,New Zealand,NZL,Wind and solar,1,GW,0.69,0.0,0.0
6.0,2021.0,New Zealand,NZL,Wind and solar,1,GW,0.69,0.0,0.0
7.0,2021.0,New Zealand,NZL,Wind and solar,1,GW,0.69,0.0,0.0
8.0,2021.0,New Zealand,NZL,Wind and solar,1,GW,0.69,0.0,0.0
9.0,2021.0,New Zealand,NZL,Wind and solar,1,GW,0.69,0.0,0.0
10.0,2021.0,New Zealand,NZL,Wind and solar,1,GW,0.69,0.0,0.0
11.0,2021.0,New Zealand,NZL,Wind and solar,1,GW,0.69,0.0,0.0
12.0,2021.0,New Zealand,NZL,Wind and solar,1,GW,0.91,0.22,0.22
1.0,2022.0,New Zealand,NZL,Wind and solar,1,GW,0.91,0.0,0.0
2.0,2022.0,New Zealand,NZL,Wind and solar,1,GW,0.91,0.0,0.0
3.0,2022.0,New Zealand,NZL,Wind and solar,1,GW,0.91,0.0,0.0
4.0,2022.0,New Zealand,NZL,Wind and solar,1,GW,0.91,0.0,0.0
5.0,2022.0,New Zealand,NZL,Wind and solar,1,GW,1.05,0.14,0.14
6.0,2022.0,New Zealand,NZL,Wind and solar,1,GW,1.05,0.0,0.14
7.0,2022.0,New Zealand,NZL,Wind and solar,1,GW,1.05,0.0,0.14
8.0,2022.0,New Zealand,NZL,Wind and solar,1,GW,1.05,0.0,0.14
9.0,2022.0,New Zealand,NZL,Wind and solar,1,GW,1.05,0.0,0.14
10.0,2022.0,New Zealand,NZL,Wind and solar,1,GW,1.05,0.0,0.14
11.0,2022.0,New Zealand,NZL,Wind and solar,1,GW,1.05,0.0,0.14
12.0,2022.0,New Zealand,NZL,Wind and solar,1,GW,1.05,0.0,0.14
1.0,2023.0,New Zealand,NZL,Wind and solar,1,GW,1.26,0.21,0.21
2.0,2023.0,New Zealand,NZL,Wind and solar,1,GW,1.26,0.0,0.21
3.0,2023.0,New Zealand,NZL,Wind and solar,1,GW,1.26,0.0,0.21
4.0,2023.0,New Zealand,NZL,Wind and solar,1,GW,1.26,0.0,0.21
5.0,2023.0,New Zealand,NZL,Wind and solar,1,GW,1.26,0.0,0.21
6.0,2023.0,New Zealand,NZL,Wind and solar,1,GW,1.26,0.0,0.21
7.0,2023.0,New Zealand,NZL,Wind and solar,1,GW,1.26,0.0,0.21
8.0,2023.0,New Zealand,NZL,Wind and solar,1,GW,1.26,0.0,0.21
9.0,2023.0,New Zealand,NZL,Wind and solar,1,GW,1.26,0.0,0.21
10.0,2023.0,New Zealand,NZL,Wind and solar,1,GW,1.27,0.01,0.22
11.0,2023.0,New Zealand,NZL,Wind and solar,1,GW,1.28,0.01,0.23
12.0,2023.0,New Zealand,NZL,Wind and solar,1,GW,1.28,0.0,0.23
1.0,2024.0,New Zealand,NZL,Wind and solar,1,GW,1.28,0.0,0.0
2.0,2024.0,New Zealand,NZL,Wind and solar,1,GW,1.29,0.01,0.01
3.0,2024.0,New Zealand,NZL,Wind and solar,1,GW,1.29,0.0,0.01
4.0,2024.0,New Zealand,NZL,Wind and solar,1,GW,1.3,0.01,0.02
5.0,2024.0,New Zealand,NZL,Wind and solar,1,GW,1.3,0.0,0.02
6.0,2024.0,New Zealand,NZL,Wind and solar,1,GW,1.3,0.0,0.02
7.0,2024.0,New Zealand,NZL,Wind and solar,1,GW,1.3,0.0,0.02
8.0,2024.0,New Zealand,NZL,Wind and solar,1,GW,1.31,0.01,0.03
9.0,2024.0,New Zealand,NZL,Wind and solar,1,GW,1.31,0.0,0.03
10.0,2024.0,New Zealand,NZL,Wind and solar,1,GW,1.31,0.0,0.03
11.0,2024.0,New Zealand,NZL,Wind and solar,1,GW,1.31,0.0,0.03
12.0,2024.0,New Zealand,NZL,Wind and solar,1,GW,1.39,0.08,0.11
1.0,2025.0,New Zealand,NZL,Wind and solar,1,GW,1.42,0.03,0.03
2.0,2025.0,New Zealand,NZL,Wind and solar,1,GW,1.42,0.0,0.03
3.0,2025.0,New Zealand,NZL,Wind and solar,1,GW,1.42,0.0,0.03
4.0,2025.0,New Zealand,NZL,Wind and solar,1,GW,1.42,0.0,0.03
5.0,2025.0,New Zealand,NZL,Wind and solar,1,GW,1.44,0.02,0.05
6.0,2025.0,New Zealand,NZL,Wind and solar,1,GW,1.44,0.0,0.05
7.0,2025.0,New Zealand,NZL,Wind and solar,1,GW,1.44,0.0,0.05
1.0,2016.0,The Philippines,PHL,Solar,0,GWAC,0.19,0.06,0.06
2.0,2016.0,The Philippines,PHL,Solar,0,GWAC,0.26,0.07,0.13
3.0,2016.0,The Philippines,PHL,Solar,0,GWAC,0.33,0.07,0.2
4.0,2016.0,The Philippines,PHL,Solar,0,GWAC,0.39,0.06,0.26
5.0,2016.0,The Philippines,PHL,Solar,0,GWAC,0.46,0.07,0.33
6.0,2016.0,The Philippines,PHL,Solar,0,GWAC,0.53,0.07,0.4
7.0,2016.0,The Philippines,PHL,Solar,0,GWAC,0.54,0.01,0.41
8.0,2016.0,The Philippines,PHL,Solar,0,GWAC,0.55,0.01,0.42
9.0,2016.0,The Philippines,PHL,Solar,0,GWAC,0.56,0.01,0.43
10.0,2016.0,The Philippines,PHL,Solar,0,GWAC,0.57,0.01,0.44
11.0,2016.0,The Philippines,PHL,Solar,0,GWAC,0.58,0.01,0.45
12.0,2016.0,The Philippines,PHL,Solar,0,GWAC,0.59,0.01,0.46
1.0,2017.0,The Philippines,PHL,Solar,0,GWAC,0.6,0.01,0.01
2.0,2017.0,The Philippines,PHL,Solar,0,GWAC,0.61,0.01,0.02
3.0,2017.0,The Philippines,PHL,Solar,0,GWAC,0.62,0.01,0.03
4.0,2017.0,The Philippines,PHL,Solar,0,GWAC,0.63,0.01,0.04
5.0,2017.0,The Philippines,PHL,Solar,0,GWAC,0.64,0.01,0.05
6.0,2017.0,The Philippines,PHL,Solar,0,GWAC,0.65,0.01,0.06
7.0,2017.0,The Philippines,PHL,Solar,0,GWAC,0.66,0.01,0.07
8.0,2017.0,The Philippines,PHL,Solar,0,GWAC,0.67,0.01,0.08
9.0,2017.0,The Philippines,PHL,Solar,0,GWAC,0.68,0.01,0.09
10.0,2017.0,The Philippines,PHL,Solar,0,GWAC,0.69,0.01,0.1
11.0,2017.0,The Philippines,PHL,Solar,0,GWAC,0.69,0.0,0.1
12.0,2017.0,The Philippines,PHL,Solar,0,GWAC,0.7,0.01,0.11
1.0,2018.0,The Philippines,PHL,Solar,0,GWAC,0.71,0.01,0.01
2.0,2018.0,The Philippines,PHL,Solar,0,GWAC,0.71,0.0,0.01
3.0,2018.0,The Philippines,PHL,Solar,0,GWAC,0.71,0.0,0.01
4.0,2018.0,The Philippines,PHL,Solar,0,GWAC,0.71,0.0,0.01
5.0,2018.0,The Philippines,PHL,Solar,0,GWAC,0.71,0.0,0.01
6.0,2018.0,The Philippines,PHL,Solar,0,GWAC,0.71,0.0,0.01
7.0,2018.0,The Philippines,PHL,Solar,0,GWAC,0.71,0.0,0.01
8.0,2018.0,The Philippines,PHL,Solar,0,GWAC,0.71,0.0,0.01
9.0,2018.0,The Philippines,PHL,Solar,0,GWAC,0.71,0.0,0.01
10.0,2018.0,The Philippines,PHL,Solar,0,GWAC,0.71,0.0,0.01
11.0,2018.0,The Philippines,PHL,Solar,0,GWAC,0.71,0.0,0.01
12.0,2018.0,The Philippines,PHL,Solar,0,GWAC,0.71,0.0,0.01
1.0,2019.0,The Philippines,PHL,Solar,0,GWAC,0.71,0.0,0.0
2.0,2019.0,The Philippines,PHL,Solar,0,GWAC,0.71,0.0,0.0
3.0,2019.0,The Philippines,PHL,Solar,0,GWAC,0.71,0.0,0.0
4.0,2019.0,The Philippines,PHL,Solar,0,GWAC,0.71,0.0,0.0
5.0,2019.0,The Philippines,PHL,Solar,0,GWAC,0.71,0.0,0.0
6.0,2019.0,The Philippines,PHL,Solar,0,GWAC,0.71,0.0,0.0
7.0,2019.0,The Philippines,PHL,Solar,0,GWAC,0.72,0.01,0.01
8.0,2019.0,The Philippines,PHL,Solar,0,GWAC,0.73,0.01,0.02
9.0,2019.0,The Philippines,PHL,Solar,0,GWAC,0.74,0.01,0.03
10.0,2019.0,The Philippines,PHL,Solar,0,GWAC,0.75,0.01,0.04
11.0,2019.0,The Philippines,PHL,Solar,0,GWAC,0.75,0.0,0.04
12.0,2019.0,The Philippines,PHL,Solar,0,GWAC,0.76,0.01,0.05
1.0,2020.0,The Philippines,PHL,Solar,0,GWAC,0.78,0.02,0.02
2.0,2020.0,The Philippines,PHL,Solar,0,GWAC,0.79,0.01,0.03
3.0,2020.0,The Philippines,PHL,Solar,0,GWAC,0.8,0.01,0.04
4.0,2020.0,The Philippines,PHL,Solar,0,GWAC,0.81,0.01,0.05
5.0,2020.0,The Philippines,PHL,Solar,0,GWAC,0.83,0.02,0.07
6.0,2020.0,The Philippines,PHL,Solar,0,GWAC,0.84,0.01,0.08
7.0,2020.0,The Philippines,PHL,Solar,0,GWAC,0.84,0.0,0.08
8.0,2020.0,The Philippines,PHL,Solar,0,GWAC,0.85,0.01,0.09
9.0,2020.0,The Philippines,PHL,Solar,0,GWAC,0.85,0.0,0.09
10.0,2020.0,The Philippines,PHL,Solar,0,GWAC,0.85,0.0,0.09
11.0,2020.0,The Philippines,PHL,Solar,0,GWAC,0.86,0.01,0.1
12.0,2020.0,The Philippines,PHL,Solar,0,GWAC,0.86,0.0,0.1
1.0,2021.0,The Philippines,PHL,Solar,0,GWAC,0.88,0.02,0.02
2.0,2021.0,The Philippines,PHL,Solar,0,GWAC,0.9,0.02,0.04
3.0,2021.0,The Philippines,PHL,Solar,0,GWAC,0.92,0.02,0.06
4.0,2021.0,The Philippines,PHL,Solar,0,GWAC,0.94,0.02,0.08
5.0,2021.0,The Philippines,PHL,Solar,0,GWAC,0.96,0.02,0.1
6.0,2021.0,The Philippines,PHL,Solar,0,GWAC,0.98,0.02,0.12
7.0,2021.0,The Philippines,PHL,Solar,0,GWAC,1.0,0.02,0.14
8.0,2021.0,The Philippines,PHL,Solar,0,GWAC,1.02,0.02,0.16
9.0,2021.0,The Philippines,PHL,Solar,0,GWAC,1.04,0.02,0.18
10.0,2021.0,The Philippines,PHL,Solar,0,GWAC,1.06,0.02,0.2
11.0,2021.0,The Philippines,PHL,Solar,0,GWAC,1.08,0.02,0.22
12.0,2021.0,The Philippines,PHL,Solar,0,GWAC,1.1,0.02,0.24
1.0,2022.0,The Philippines,PHL,Solar,0,GWAC,1.1,0.0,0.0
2.0,2022.0,The Philippines,PHL,Solar,0,GWAC,1.11,0.01,0.01
3.0,2022.0,The Philippines,PHL,Solar,0,GWAC,1.12,0.01,0.02
4.0,2022.0,The Philippines,PHL,Solar,0,GWAC,1.13,0.01,0.03
5.0,2022.0,The Philippines,PHL,Solar,0,GWAC,1.13,0.0,0.03
6.0,2022.0,The Philippines,PHL,Solar,0,GWAC,1.14,0.01,0.04
7.0,2022.0,The Philippines,PHL,Solar,0,GWAC,1.2,0.06,0.1
8.0,2022.0,The Philippines,PHL,Solar,0,GWAC,1.22,0.02,0.12
9.0,2022.0,The Philippines,PHL,Solar,0,GWAC,1.25,0.03,0.15
10.0,2022.0,The Philippines,PHL,Solar,0,GWAC,1.25,0.0,0.15
11.0,2022.0,The Philippines,PHL,Solar,0,GWAC,1.27,0.02,0.17
12.0,2022.0,The Philippines,PHL,Solar,0,GWAC,1.26,-0.01,0.16
1.0,2023.0,The Philippines,PHL,Solar,0,GWAC,1.27,0.01,0.01
2.0,2023.0,The Philippines,PHL,Solar,0,GWAC,1.27,0.0,0.01
3.0,2023.0,The Philippines,PHL,Solar,0,GWAC,1.27,0.0,0.01
4.0,2023.0,The Philippines,PHL,Solar,0,GWAC,1.27,0.0,0.01
5.0,2023.0,The Philippines,PHL,Solar,0,GWAC,1.27,0.0,0.01
6.0,2023.0,The Philippines,PHL,Solar,0,GWAC,1.27,0.0,0.01
7.0,2023.0,The Philippines,PHL,Solar,0,GWAC,1.27,0.0,0.01
8.0,2023.0,The Philippines,PHL,Solar,0,GWAC,1.28,0.01,0.02
9.0,2023.0,The Philippines,PHL,Solar,0,GWAC,1.28,0.0,0.02
10.0,2023.0,The Philippines,PHL,Solar,0,GWAC,1.29,0.01,0.03
11.0,2023.0,The Philippines,PHL,Solar,0,GWAC,1.29,0.0,0.03
12.0,2023.0,The Philippines,PHL,Solar,0,GWAC,1.37,0.08,0.11
1.0,2024.0,The Philippines,PHL,Solar,0,GWAC,1.36,-0.01,-0.01
2.0,2024.0,The Philippines,PHL,Solar,0,GWAC,1.36,0.0,-0.01
3.0,2024.0,The Philippines,PHL,Solar,0,GWAC,1.36,0.0,-0.01
4.0,2024.0,The Philippines,PHL,Solar,0,GWAC,1.48,0.12,0.11
5.0,2024.0,The Philippines,PHL,Solar,0,GWAC,1.48,0.0,0.11
6.0,2024.0,The Philippines,PHL,Solar,0,GWAC,1.68,0.2,0.31
7.0,2024.0,The Philippines,PHL,Solar,0,GWAC,1.88,0.2,0.51
8.0,2024.0,The Philippines,PHL,Solar,0,GWAC,1.88,0.0,0.51
9.0,2024.0,The Philippines,PHL,Solar,0,GWAC,1.93,0.05,0.56
10.0,2024.0,The Philippines,PHL,Solar,0,GWAC,2.05,0.12,0.68
11.0,2024.0,The Philippines,PHL,Solar,0,GWAC,2.05,0.0,0.68
12.0,2024.0,The Philippines,PHL,Solar,0,GWAC,2.19,0.14,0.82
1.0,2025.0,The Philippines,PHL,Solar,0,GWAC,2.19,0.0,0.0
2.0,2025.0,The Philippines,PHL,Solar,0,GWAC,2.29,0.1,0.1
3.0,2025.0,The Philippines,PHL,Solar,0,GWAC,2.4,0.11,0.21
4.0,2025.0,The Philippines,PHL,Solar,0,GWAC,2.4,0.0,0.21
5.0,2025.0,The Philippines,PHL,Solar,0,GWAC,2.48,0.08,0.29
6.0,2025.0,The Philippines,PHL,Solar,0,GWAC,2.52,0.04,0.33
1.0,2016.0,The Philippines,PHL,Solar,0,GWDC,0.25,0.09,0.09
2.0,2016.0,The Philippines,PHL,Solar,0,GWDC,0.34,0.09,0.18
3.0,2016.0,The Philippines,PHL,Solar,0,GWDC,0.42,0.08,0.26
4.0,2016.0,The Philippines,PHL,Solar,0,GWDC,0.51,0.09,0.35
5.0,2016.0,The Philippines,PHL,Solar,0,GWDC,0.6,0.09,0.44
6.0,2016.0,The Philippines,PHL,Solar,0,GWDC,0.68,0.08,0.52
7.0,2016.0,The Philippines,PHL,Solar,0,GWDC,0.7,0.02,0.54
8.0,2016.0,The Philippines,PHL,Solar,0,GWDC,0.71,0.01,0.55
9.0,2016.0,The Philippines,PHL,Solar,0,GWDC,0.72,0.01,0.56
10.0,2016.0,The Philippines,PHL,Solar,0,GWDC,0.74,0.02,0.58
11.0,2016.0,The Philippines,PHL,Solar,0,GWDC,0.75,0.01,0.59
12.0,2016.0,The Philippines,PHL,Solar,0,GWDC,0.76,0.01,0.6
1.0,2017.0,The Philippines,PHL,Solar,0,GWDC,0.78,0.02,0.02
2.0,2017.0,The Philippines,PHL,Solar,0,GWDC,0.79,0.01,0.03
3.0,2017.0,The Philippines,PHL,Solar,0,GWDC,0.8,0.01,0.04
4.0,2017.0,The Philippines,PHL,Solar,0,GWDC,0.82,0.02,0.06
5.0,2017.0,The Philippines,PHL,Solar,0,GWDC,0.83,0.01,0.07
6.0,2017.0,The Philippines,PHL,Solar,0,GWDC,0.84,0.01,0.08
7.0,2017.0,The Philippines,PHL,Solar,0,GWDC,0.86,0.02,0.1
8.0,2017.0,The Philippines,PHL,Solar,0,GWDC,0.87,0.01,0.11
9.0,2017.0,The Philippines,PHL,Solar,0,GWDC,0.88,0.01,0.12
10.0,2017.0,The Philippines,PHL,Solar,0,GWDC,0.89,0.01,0.13
11.0,2017.0,The Philippines,PHL,Solar,0,GWDC,0.9,0.01,0.14
12.0,2017.0,The Philippines,PHL,Solar,0,GWDC,0.92,0.02,0.16
1.0,2018.0,The Philippines,PHL,Solar,0,GWDC,0.92,0.0,0.0
2.0,2018.0,The Philippines,PHL,Solar,0,GWDC,0.92,0.0,0.0
3.0,2018.0,The Philippines,PHL,Solar,0,GWDC,0.92,0.0,0.0
4.0,2018.0,The Philippines,PHL,Solar,0,GWDC,0.92,0.0,0.0
5.0,2018.0,The Philippines,PHL,Solar,0,GWDC,0.92,0.0,0.0
6.0,2018.0,The Philippines,PHL,Solar,0,GWDC,0.93,0.01,0.01
7.0,2018.0,The Philippines,PHL,Solar,0,GWDC,0.93,0.0,0.01
8.0,2018.0,The Philippines,PHL,Solar,0,GWDC,0.93,0.0,0.01
9.0,2018.0,The Philippines,PHL,Solar,0,GWDC,0.93,0.0,0.01
10.0,2018.0,The Philippines,PHL,Solar,0,GWDC,0.93,0.0,0.01
11.0,2018.0,The Philippines,PHL,Solar,0,GWDC,0.93,0.0,0.01
12.0,2018.0,The Philippines,PHL,Solar,0,GWDC,0.93,0.0,0.01
1.0,2019.0,The Philippines,PHL,Solar,0,GWDC,0.93,0.0,0.0
2.0,2019.0,The Philippines,PHL,Solar,0,GWDC,0.93,0.0,0.0
3.0,2019.0,The Philippines,PHL,Solar,0,GWDC,0.93,0.0,0.0
4.0,2019.0,The Philippines,PHL,Solar,0,GWDC,0.93,0.0,0.0
5.0,2019.0,The Philippines,PHL,Solar,0,GWDC,0.93,0.0,0.0
6.0,2019.0,The Philippines,PHL,Solar,0,GWDC,0.93,0.0,0.0
7.0,2019.0,The Philippines,PHL,Solar,0,GWDC,0.94,0.01,0.01
8.0,2019.0,The Philippines,PHL,Solar,0,GWDC,0.95,0.01,0.02
9.0,2019.0,The Philippines,PHL,Solar,0,GWDC,0.96,0.01,0.03
10.0,2019.0,The Philippines,PHL,Solar,0,GWDC,0.97,0.01,0.04
11.0,2019.0,The Philippines,PHL,Solar,0,GWDC,0.98,0.01,0.05
12.0,2019.0,The Philippines,PHL,Solar,0,GWDC,0.99,0.01,0.06
1.0,2020.0,The Philippines,PHL,Solar,0,GWDC,1.01,0.02,0.02
2.0,2020.0,The Philippines,PHL,Solar,0,GWDC,1.02,0.01,0.03
3.0,2020.0,The Philippines,PHL,Solar,0,GWDC,1.04,0.02,0.05
4.0,2020.0,The Philippines,PHL,Solar,0,GWDC,1.06,0.02,0.07
5.0,2020.0,The Philippines,PHL,Solar,0,GWDC,1.07,0.01,0.08
6.0,2020.0,The Philippines,PHL,Solar,0,GWDC,1.09,0.02,0.1
7.0,2020.0,The Philippines,PHL,Solar,0,GWDC,1.1,0.01,0.11
8.0,2020.0,The Philippines,PHL,Solar,0,GWDC,1.1,0.0,0.11
9.0,2020.0,The Philippines,PHL,Solar,0,GWDC,1.1,0.0,0.11
10.0,2020.0,The Philippines,PHL,Solar,0,GWDC,1.11,0.01,0.12
11.0,2020.0,The Philippines,PHL,Solar,0,GWDC,1.11,0.0,0.12
12.0,2020.0,The Philippines,PHL,Solar,0,GWDC,1.12,0.01,0.13
1.0,2021.0,The Philippines,PHL,Solar,0,GWDC,1.14,0.02,0.02
2.0,2021.0,The Philippines,PHL,Solar,0,GWDC,1.17,0.03,0.05
3.0,2021.0,The Philippines,PHL,Solar,0,GWDC,1.2,0.03,0.08
4.0,2021.0,The Philippines,PHL,Solar,0,GWDC,1.22,0.02,0.1
5.0,2021.0,The Philippines,PHL,Solar,0,GWDC,1.25,0.03,0.13
6.0,2021.0,The Philippines,PHL,Solar,0,GWDC,1.27,0.02,0.15
7.0,2021.0,The Philippines,PHL,Solar,0,GWDC,1.3,0.03,0.18
8.0,2021.0,The Philippines,PHL,Solar,0,GWDC,1.32,0.02,0.2
9.0,2021.0,The Philippines,PHL,Solar,0,GWDC,1.35,0.03,0.23
10.0,2021.0,The Philippines,PHL,Solar,0,GWDC,1.37,0.02,0.25
11.0,2021.0,The Philippines,PHL,Solar,0,GWDC,1.4,0.03,0.28
12.0,2021.0,The Philippines,PHL,Solar,0,GWDC,1.42,0.02,0.3
1.0,2022.0,The Philippines,PHL,Solar,0,GWDC,1.43,0.01,0.01
2.0,2022.0,The Philippines,PHL,Solar,0,GWDC,1.44,0.01,0.02
3.0,2022.0,The Philippines,PHL,Solar,0,GWDC,1.46,0.02,0.04
4.0,2022.0,The Philippines,PHL,Solar,0,GWDC,1.46,0.0,0.04
5.0,2022.0,The Philippines,PHL,Solar,0,GWDC,1.48,0.02,0.06
6.0,2022.0,The Philippines,PHL,Solar,0,GWDC,1.48,0.0,0.06
7.0,2022.0,The Philippines,PHL,Solar,0,GWDC,1.56,0.08,0.14
8.0,2022.0,The Philippines,PHL,Solar,0,GWDC,1.59,0.03,0.17
9.0,2022.0,The Philippines,PHL,Solar,0,GWDC,1.62,0.03,0.2
10.0,2022.0,The Philippines,PHL,Solar,0,GWDC,1.62,0.0,0.2
11.0,2022.0,The Philippines,PHL,Solar,0,GWDC,1.66,0.04,0.24
12.0,2022.0,The Philippines,PHL,Solar,0,GWDC,1.64,-0.02,0.22
1.0,2023.0,The Philippines,PHL,Solar,0,GWDC,1.65,0.01,0.01
2.0,2023.0,The Philippines,PHL,Solar,0,GWDC,1.65,0.0,0.01
3.0,2023.0,The Philippines,PHL,Solar,0,GWDC,1.65,0.0,0.01
4.0,2023.0,The Philippines,PHL,Solar,0,GWDC,1.65,0.0,0.01
5.0,2023.0,The Philippines,PHL,Solar,0,GWDC,1.65,0.0,0.01
6.0,2023.0,The Philippines,PHL,Solar,0,GWDC,1.65,0.0,0.01
7.0,2023.0,The Philippines,PHL,Solar,0,GWDC,1.66,0.01,0.02
8.0,2023.0,The Philippines,PHL,Solar,0,GWDC,1.66,0.0,0.02
9.0,2023.0,The Philippines,PHL,Solar,0,GWDC,1.67,0.01,0.03
10.0,2023.0,The Philippines,PHL,Solar,0,GWDC,1.67,0.0,0.03
11.0,2023.0,The Philippines,PHL,Solar,0,GWDC,1.67,0.0,0.03
12.0,2023.0,The Philippines,PHL,Solar,0,GWDC,1.78,0.11,0.14
1.0,2024.0,The Philippines,PHL,Solar,0,GWDC,1.77,-0.01,-0.01
2.0,2024.0,The Philippines,PHL,Solar,0,GWDC,1.77,0.0,-0.01
3.0,2024.0,The Philippines,PHL,Solar,0,GWDC,1.77,0.0,-0.01
4.0,2024.0,The Philippines,PHL,Solar,0,GWDC,1.93,0.16,0.15
5.0,2024.0,The Philippines,PHL,Solar,0,GWDC,1.93,0.0,0.15
6.0,2024.0,The Philippines,PHL,Solar,0,GWDC,2.18,0.25,0.4
7.0,2024.0,The Philippines,PHL,Solar,0,GWDC,2.44,0.26,0.66
8.0,2024.0,The Philippines,PHL,Solar,0,GWDC,2.44,0.0,0.66
9.0,2024.0,The Philippines,PHL,Solar,0,GWDC,2.51,0.07,0.73
10.0,2024.0,The Philippines,PHL,Solar,0,GWDC,2.67,0.16,0.89
11.0,2024.0,The Philippines,PHL,Solar,0,GWDC,2.67,0.0,0.89
12.0,2024.0,The Philippines,PHL,Solar,0,GWDC,2.84,0.17,1.06
1.0,2025.0,The Philippines,PHL,Solar,0,GWDC,2.85,0.01,0.01
2.0,2025.0,The Philippines,PHL,Solar,0,GWDC,2.98,0.13,0.14
3.0,2025.0,The Philippines,PHL,Solar,0,GWDC,3.13,0.15,0.29
4.0,2025.0,The Philippines,PHL,Solar,0,GWDC,3.13,0.0,0.29
5.0,2025.0,The Philippines,PHL,Solar,0,GWDC,3.22,0.09,0.38
6.0,2025.0,The Philippines,PHL,Solar,0,GWDC,3.28,0.06,0.44
1.0,2016.0,The Philippines,PHL,Wind onshore,0,GW,0.43,0.0,0.0
2.0,2016.0,The Philippines,PHL,Wind onshore,0,GW,0.43,0.0,0.0
3.0,2016.0,The Philippines,PHL,Wind onshore,0,GW,0.43,0.0,0.0
4.0,2016.0,The Philippines,PHL,Wind onshore,0,GW,0.43,0.0,0.0
5.0,2016.0,The Philippines,PHL,Wind onshore,0,GW,0.43,0.0,0.0
6.0,2016.0,The Philippines,PHL,Wind onshore,0,GW,0.43,0.0,0.0
7.0,2016.0,The Philippines,PHL,Wind onshore,0,GW,0.43,0.0,0.0
8.0,2016.0,The Philippines,PHL,Wind onshore,0,GW,0.43,0.0,0.0
9.0,2016.0,The Philippines,PHL,Wind onshore,0,GW,0.43,0.0,0.0
10.0,2016.0,The Philippines,PHL,Wind onshore,0,GW,0.43,0.0,0.0
11.0,2016.0,The Philippines,PHL,Wind onshore,0,GW,0.43,0.0,0.0
12.0,2016.0,The Philippines,PHL,Wind onshore,0,GW,0.43,0.0,0.0
1.0,2017.0,The Philippines,PHL,Wind onshore,0,GW,0.43,0.0,0.0
2.0,2017.0,The Philippines,PHL,Wind onshore,0,GW,0.43,0.0,0.0
3.0,2017.0,The Philippines,PHL,Wind onshore,0,GW,0.43,0.0,0.0
4.0,2017.0,The Philippines,PHL,Wind onshore,0,GW,0.43,0.0,0.0
5.0,2017.0,The Philippines,PHL,Wind onshore,0,GW,0.43,0.0,0.0
6.0,2017.0,The Philippines,PHL,Wind onshore,0,GW,0.43,0.0,0.0
7.0,2017.0,The Philippines,PHL,Wind onshore,0,GW,0.43,0.0,0.0
8.0,2017.0,The Philippines,PHL,Wind onshore,0,GW,0.43,0.0,0.0
9.0,2017.0,The Philippines,PHL,Wind onshore,0,GW,0.43,0.0,0.0
10.0,2017.0,The Philippines,PHL,Wind onshore,0,GW,0.43,0.0,0.0
11.0,2017.0,The Philippines,PHL,Wind onshore,0,GW,0.43,0.0,0.0
12.0,2017.0,The Philippines,PHL,Wind onshore,0,GW,0.43,0.0,0.0
1.0,2018.0,The Philippines,PHL,Wind onshore,0,GW,0.43,0.0,0.0
2.0,2018.0,The Philippines,PHL,Wind onshore,0,GW,0.43,0.0,0.0
3.0,2018.0,The Philippines,PHL,Wind onshore,0,GW,0.43,0.0,0.0
4.0,2018.0,The Philippines,PHL,Wind onshore,0,GW,0.43,0.0,0.0
5.0,2018.0,The Philippines,PHL,Wind onshore,0,GW,0.43,0.0,0.0
6.0,2018.0,The Philippines,PHL,Wind onshore,0,GW,0.43,0.0,0.0
7.0,2018.0,The Philippines,PHL,Wind onshore,0,GW,0.43,0.0,0.0
8.0,2018.0,The Philippines,PHL,Wind onshore,0,GW,0.43,0.0,0.0
9.0,2018.0,The Philippines,PHL,Wind onshore,0,GW,0.43,0.0,0.0
10.0,2018.0,The Philippines,PHL,Wind onshore,0,GW,0.43,0.0,0.0
11.0,2018.0,The Philippines,PHL,Wind onshore,0,GW,0.43,0.0,0.0
12.0,2018.0,The Philippines,PHL,Wind onshore,0,GW,0.43,0.0,0.0
1.0,2019.0,The Philippines,PHL,Wind onshore,0,GW,0.43,0.0,0.0
2.0,2019.0,The Philippines,PHL,Wind onshore,0,GW,0.43,0.0,0.0
3.0,2019.0,The Philippines,PHL,Wind onshore,0,GW,0.43,0.0,0.0
4.0,2019.0,The Philippines,PHL,Wind onshore,0,GW,0.43,0.0,0.0
5.0,2019.0,The Philippines,PHL,Wind onshore,0,GW,0.43,0.0,0.0
6.0,2019.0,The Philippines,PHL,Wind onshore,0,GW,0.43,0.0,0.0
7.0,2019.0,The Philippines,PHL,Wind onshore,0,GW,0.43,0.0,0.0
8.0,2019.0,The Philippines,PHL,Wind onshore,0,GW,0.43,0.0,0.0
9.0,2019.0,The Philippines,PHL,Wind onshore,0,GW,0.43,0.0,0.0
10.0,2019.0,The Philippines,PHL,Wind onshore,0,GW,0.43,0.0,0.0
11.0,2019.0,The Philippines,PHL,Wind onshore,0,GW,0.43,0.0,0.0
12.0,2019.0,The Philippines,PHL,Wind onshore,0,GW,0.43,0.0,0.0
1.0,2020.0,The Philippines,PHL,Wind onshore,0,GW,0.43,0.0,0.0
2.0,2020.0,The Philippines,PHL,Wind onshore,0,GW,0.43,0.0,0.0
3.0,2020.0,The Philippines,PHL,Wind onshore,0,GW,0.44,0.01,0.01
4.0,2020.0,The Philippines,PHL,Wind onshore,0,GW,0.44,0.0,0.01
5.0,2020.0,The Philippines,PHL,Wind onshore,0,GW,0.44,0.0,0.01
6.0,2020.0,The Philippines,PHL,Wind onshore,0,GW,0.44,0.0,0.01
7.0,2020.0,The Philippines,PHL,Wind onshore,0,GW,0.44,0.0,0.01
8.0,2020.0,The Philippines,PHL,Wind onshore,0,GW,0.44,0.0,0.01
9.0,2020.0,The Philippines,PHL,Wind onshore,0,GW,0.44,0.0,0.01
10.0,2020.0,The Philippines,PHL,Wind onshore,0,GW,0.44,0.0,0.01
11.0,2020.0,The Philippines,PHL,Wind onshore,0,GW,0.44,0.0,0.01
12.0,2020.0,The Philippines,PHL,Wind onshore,0,GW,0.44,0.0,0.01
1.0,2021.0,The Philippines,PHL,Wind onshore,0,GW,0.44,0.0,0.0
2.0,2021.0,The Philippines,PHL,Wind onshore,0,GW,0.44,0.0,0.0
3.0,2021.0,The Philippines,PHL,Wind onshore,0,GW,0.44,0.0,0.0
4.0,2021.0,The Philippines,PHL,Wind onshore,0,GW,0.44,0.0,0.0
5.0,2021.0,The Philippines,PHL,Wind onshore,0,GW,0.44,0.0,0.0
6.0,2021.0,The Philippines,PHL,Wind onshore,0,GW,0.44,0.0,0.0
7.0,2021.0,The Philippines,PHL,Wind onshore,0,GW,0.44,0.0,0.0
8.0,2021.0,The Philippines,PHL,Wind onshore,0,GW,0.44,0.0,0.0
9.0,2021.0,The Philippines,PHL,Wind onshore,0,GW,0.44,0.0,0.0
10.0,2021.0,The Philippines,PHL,Wind onshore,0,GW,0.44,0.0,0.0
11.0,2021.0,The Philippines,PHL,Wind onshore,0,GW,0.44,0.0,0.0
12.0,2021.0,The Philippines,PHL,Wind onshore,0,GW,0.44,0.0,0.0
1.0,2022.0,The Philippines,PHL,Wind onshore,0,GW,0.44,0.0,0.0
2.0,2022.0,The Philippines,PHL,Wind onshore,0,GW,0.44,0.0,0.0
3.0,2022.0,The Philippines,PHL,Wind onshore,0,GW,0.44,0.0,0.0
4.0,2022.0,The Philippines,PHL,Wind onshore,0,GW,0.44,0.0,0.0
5.0,2022.0,The Philippines,PHL,Wind onshore,0,GW,0.44,0.0,0.0
6.0,2022.0,The Philippines,PHL,Wind onshore,0,GW,0.44,0.0,0.0
7.0,2022.0,The Philippines,PHL,Wind onshore,0,GW,0.44,0.0,0.0
8.0,2022.0,The Philippines,PHL,Wind onshore,0,GW,0.44,0.0,0.0
9.0,2022.0,The Philippines,PHL,Wind onshore,0,GW,0.44,0.0,0.0
10.0,2022.0,The Philippines,PHL,Wind onshore,0,GW,0.44,0.0,0.0
11.0,2022.0,The Philippines,PHL,Wind onshore,0,GW,0.44,0.0,0.0
12.0,2022.0,The Philippines,PHL,Wind onshore,0,GW,0.44,0.0,0.0
1.0,2023.0,The Philippines,PHL,Wind onshore,0,GW,0.43,-0.01,-0.01
2.0,2023.0,The Philippines,PHL,Wind onshore,0,GW,0.43,0.0,-0.01
3.0,2023.0,The Philippines,PHL,Wind onshore,0,GW,0.43,0.0,-0.01
4.0,2023.0,The Philippines,PHL,Wind onshore,0,GW,0.43,0.0,-0.01
5.0,2023.0,The Philippines,PHL,Wind onshore,0,GW,0.43,0.0,-0.01
6.0,2023.0,The Philippines,PHL,Wind onshore,0,GW,0.43,0.0,-0.01
7.0,2023.0,The Philippines,PHL,Wind onshore,0,GW,0.43,0.0,-0.01
8.0,2023.0,The Philippines,PHL,Wind onshore,0,GW,0.43,0.0,-0.01
9.0,2023.0,The Philippines,PHL,Wind onshore,0,GW,0.43,0.0,-0.01
10.0,2023.0,The Philippines,PHL,Wind onshore,0,GW,0.43,0.0,-0.01
11.0,2023.0,The Philippines,PHL,Wind onshore,0,GW,0.43,0.0,-0.01
12.0,2023.0,The Philippines,PHL,Wind onshore,0,GW,0.44,0.01,0.0
1.0,2024.0,The Philippines,PHL,Wind onshore,0,GW,0.44,0.0,0.0
2.0,2024.0,The Philippines,PHL,Wind onshore,0,GW,0.44,0.0,0.0
3.0,2024.0,The Philippines,PHL,Wind onshore,0,GW,0.43,-0.01,-0.01
4.0,2024.0,The Philippines,PHL,Wind onshore,0,GW,0.43,0.0,-0.01
5.0,2024.0,The Philippines,PHL,Wind onshore,0,GW,0.43,0.0,-0.01
6.0,2024.0,The Philippines,PHL,Wind onshore,0,GW,0.43,0.0,-0.01
7.0,2024.0,The Philippines,PHL,Wind onshore,0,GW,0.43,0.0,-0.01
8.0,2024.0,The Philippines,PHL,Wind onshore,0,GW,0.43,0.0,-0.01
9.0,2024.0,The Philippines,PHL,Wind onshore,0,GW,0.43,0.0,-0.01
10.0,2024.0,The Philippines,PHL,Wind onshore,0,GW,0.43,0.0,-0.01
11.0,2024.0,The Philippines,PHL,Wind onshore,0,GW,0.43,0.0,-0.01
12.0,2024.0,The Philippines,PHL,Wind onshore,0,GW,0.44,0.01,0.0
1.0,2025.0,The Philippines,PHL,Wind onshore,0,GW,0.43,-0.01,-0.01
2.0,2025.0,The Philippines,PHL,Wind onshore,0,GW,0.43,0.0,-0.01
3.0,2025.0,The Philippines,PHL,Wind onshore,0,GW,0.43,0.0,-0.01
4.0,2025.0,The Philippines,PHL,Wind onshore,0,GW,0.43,0.0,-0.01
5.0,2025.0,The Philippines,PHL,Wind onshore,0,GW,0.43,0.0,-0.01
6.0,2025.0,The Philippines,PHL,Wind onshore,0,GW,0.43,0.0,-0.01
1.0,2016.0,The Philippines,PHL,Wind,1,GW,0.43,0.0,0.0
2.0,2016.0,The Philippines,PHL,Wind,1,GW,0.43,0.0,0.0
3.0,2016.0,The Philippines,PHL,Wind,1,GW,0.43,0.0,0.0
4.0,2016.0,The Philippines,PHL,Wind,1,GW,0.43,0.0,0.0
5.0,2016.0,The Philippines,PHL,Wind,1,GW,0.43,0.0,0.0
6.0,2016.0,The Philippines,PHL,Wind,1,GW,0.43,0.0,0.0
7.0,2016.0,The Philippines,PHL,Wind,1,GW,0.43,0.0,0.0
8.0,2016.0,The Philippines,PHL,Wind,1,GW,0.43,0.0,0.0
9.0,2016.0,The Philippines,PHL,Wind,1,GW,0.43,0.0,0.0
10.0,2016.0,The Philippines,PHL,Wind,1,GW,0.43,0.0,0.0
11.0,2016.0,The Philippines,PHL,Wind,1,GW,0.43,0.0,0.0
12.0,2016.0,The Philippines,PHL,Wind,1,GW,0.43,0.0,0.0
1.0,2017.0,The Philippines,PHL,Wind,1,GW,0.43,0.0,0.0
2.0,2017.0,The Philippines,PHL,Wind,1,GW,0.43,0.0,0.0
3.0,2017.0,The Philippines,PHL,Wind,1,GW,0.43,0.0,0.0
4.0,2017.0,The Philippines,PHL,Wind,1,GW,0.43,0.0,0.0
5.0,2017.0,The Philippines,PHL,Wind,1,GW,0.43,0.0,0.0
6.0,2017.0,The Philippines,PHL,Wind,1,GW,0.43,0.0,0.0
7.0,2017.0,The Philippines,PHL,Wind,1,GW,0.43,0.0,0.0
8.0,2017.0,The Philippines,PHL,Wind,1,GW,0.43,0.0,0.0
9.0,2017.0,The Philippines,PHL,Wind,1,GW,0.43,0.0,0.0
10.0,2017.0,The Philippines,PHL,Wind,1,GW,0.43,0.0,0.0
11.0,2017.0,The Philippines,PHL,Wind,1,GW,0.43,0.0,0.0
12.0,2017.0,The Philippines,PHL,Wind,1,GW,0.43,0.0,0.0
1.0,2018.0,The Philippines,PHL,Wind,1,GW,0.43,0.0,0.0
2.0,2018.0,The Philippines,PHL,Wind,1,GW,0.43,0.0,0.0
3.0,2018.0,The Philippines,PHL,Wind,1,GW,0.43,0.0,0.0
4.0,2018.0,The Philippines,PHL,Wind,1,GW,0.43,0.0,0.0
5.0,2018.0,The Philippines,PHL,Wind,1,GW,0.43,0.0,0.0
6.0,2018.0,The Philippines,PHL,Wind,1,GW,0.43,0.0,0.0
7.0,2018.0,The Philippines,PHL,Wind,1,GW,0.43,0.0,0.0
8.0,2018.0,The Philippines,PHL,Wind,1,GW,0.43,0.0,0.0
9.0,2018.0,The Philippines,PHL,Wind,1,GW,0.43,0.0,0.0
10.0,2018.0,The Philippines,PHL,Wind,1,GW,0.43,0.0,0.0
11.0,2018.0,The Philippines,PHL,Wind,1,GW,0.43,0.0,0.0
12.0,2018.0,The Philippines,PHL,Wind,1,GW,0.43,0.0,0.0
1.0,2019.0,The Philippines,PHL,Wind,1,GW,0.43,0.0,0.0
2.0,2019.0,The Philippines,PHL,Wind,1,GW,0.43,0.0,0.0
3.0,2019.0,The Philippines,PHL,Wind,1,GW,0.43,0.0,0.0
4.0,2019.0,The Philippines,PHL,Wind,1,GW,0.43,0.0,0.0
5.0,2019.0,The Philippines,PHL,Wind,1,GW,0.43,0.0,0.0
6.0,2019.0,The Philippines,PHL,Wind,1,GW,0.43,0.0,0.0
7.0,2019.0,The Philippines,PHL,Wind,1,GW,0.43,0.0,0.0
8.0,2019.0,The Philippines,PHL,Wind,1,GW,0.43,0.0,0.0
9.0,2019.0,The Philippines,PHL,Wind,1,GW,0.43,0.0,0.0
10.0,2019.0,The Philippines,PHL,Wind,1,GW,0.43,0.0,0.0
11.0,2019.0,The Philippines,PHL,Wind,1,GW,0.43,0.0,0.0
12.0,2019.0,The Philippines,PHL,Wind,1,GW,0.43,0.0,0.0
1.0,2020.0,The Philippines,PHL,Wind,1,GW,0.43,0.0,0.0
2.0,2020.0,The Philippines,PHL,Wind,1,GW,0.43,0.0,0.0
3.0,2020.0,The Philippines,PHL,Wind,1,GW,0.44,0.01,0.01
4.0,2020.0,The Philippines,PHL,Wind,1,GW,0.44,0.0,0.01
5.0,2020.0,The Philippines,PHL,Wind,1,GW,0.44,0.0,0.01
6.0,2020.0,The Philippines,PHL,Wind,1,GW,0.44,0.0,0.01
7.0,2020.0,The Philippines,PHL,Wind,1,GW,0.44,0.0,0.01
8.0,2020.0,The Philippines,PHL,Wind,1,GW,0.44,0.0,0.01
9.0,2020.0,The Philippines,PHL,Wind,1,GW,0.44,0.0,0.01
10.0,2020.0,The Philippines,PHL,Wind,1,GW,0.44,0.0,0.01
11.0,2020.0,The Philippines,PHL,Wind,1,GW,0.44,0.0,0.01
12.0,2020.0,The Philippines,PHL,Wind,1,GW,0.44,0.0,0.01
1.0,2021.0,The Philippines,PHL,Wind,1,GW,0.44,0.0,0.0
2.0,2021.0,The Philippines,PHL,Wind,1,GW,0.44,0.0,0.0
3.0,2021.0,The Philippines,PHL,Wind,1,GW,0.44,0.0,0.0
4.0,2021.0,The Philippines,PHL,Wind,1,GW,0.44,0.0,0.0
5.0,2021.0,The Philippines,PHL,Wind,1,GW,0.44,0.0,0.0
6.0,2021.0,The Philippines,PHL,Wind,1,GW,0.44,0.0,0.0
7.0,2021.0,The Philippines,PHL,Wind,1,GW,0.44,0.0,0.0
8.0,2021.0,The Philippines,PHL,Wind,1,GW,0.44,0.0,0.0
9.0,2021.0,The Philippines,PHL,Wind,1,GW,0.44,0.0,0.0
10.0,2021.0,The Philippines,PHL,Wind,1,GW,0.44,0.0,0.0
11.0,2021.0,The Philippines,PHL,Wind,1,GW,0.44,0.0,0.0
12.0,2021.0,The Philippines,PHL,Wind,1,GW,0.44,0.0,0.0
1.0,2022.0,The Philippines,PHL,Wind,1,GW,0.44,0.0,0.0
2.0,2022.0,The Philippines,PHL,Wind,1,GW,0.44,0.0,0.0
3.0,2022.0,The Philippines,PHL,Wind,1,GW,0.44,0.0,0.0
4.0,2022.0,The Philippines,PHL,Wind,1,GW,0.44,0.0,0.0
5.0,2022.0,The Philippines,PHL,Wind,1,GW,0.44,0.0,0.0
6.0,2022.0,The Philippines,PHL,Wind,1,GW,0.44,0.0,0.0
7.0,2022.0,The Philippines,PHL,Wind,1,GW,0.44,0.0,0.0
8.0,2022.0,The Philippines,PHL,Wind,1,GW,0.44,0.0,0.0
9.0,2022.0,The Philippines,PHL,Wind,1,GW,0.44,0.0,0.0
10.0,2022.0,The Philippines,PHL,Wind,1,GW,0.44,0.0,0.0
11.0,2022.0,The Philippines,PHL,Wind,1,GW,0.44,0.0,0.0
12.0,2022.0,The Philippines,PHL,Wind,1,GW,0.44,0.0,0.0
1.0,2023.0,The Philippines,PHL,Wind,1,GW,0.43,-0.01,-0.01
2.0,2023.0,The Philippines,PHL,Wind,1,GW,0.43,0.0,-0.01
3.0,2023.0,The Philippines,PHL,Wind,1,GW,0.43,0.0,-0.01
4.0,2023.0,The Philippines,PHL,Wind,1,GW,0.43,0.0,-0.01
5.0,2023.0,The Philippines,PHL,Wind,1,GW,0.43,0.0,-0.01
6.0,2023.0,The Philippines,PHL,Wind,1,GW,0.43,0.0,-0.01
7.0,2023.0,The Philippines,PHL,Wind,1,GW,0.43,0.0,-0.01
8.0,2023.0,The Philippines,PHL,Wind,1,GW,0.43,0.0,-0.01
9.0,2023.0,The Philippines,PHL,Wind,1,GW,0.43,0.0,-0.01
10.0,2023.0,The Philippines,PHL,Wind,1,GW,0.43,0.0,-0.01
11.0,2023.0,The Philippines,PHL,Wind,1,GW,0.43,0.0,-0.01
12.0,2023.0,The Philippines,PHL,Wind,1,GW,0.44,0.01,0.0
1.0,2024.0,The Philippines,PHL,Wind,1,GW,0.44,0.0,0.0
2.0,2024.0,The Philippines,PHL,Wind,1,GW,0.44,0.0,0.0
3.0,2024.0,The Philippines,PHL,Wind,1,GW,0.43,-0.01,-0.01
4.0,2024.0,The Philippines,PHL,Wind,1,GW,0.43,0.0,-0.01
5.0,2024.0,The Philippines,PHL,Wind,1,GW,0.43,0.0,-0.01
6.0,2024.0,The Philippines,PHL,Wind,1,GW,0.43,0.0,-0.01
7.0,2024.0,The Philippines,PHL,Wind,1,GW,0.43,0.0,-0.01
8.0,2024.0,The Philippines,PHL,Wind,1,GW,0.43,0.0,-0.01
9.0,2024.0,The Philippines,PHL,Wind,1,GW,0.43,0.0,-0.01
10.0,2024.0,The Philippines,PHL,Wind,1,GW,0.43,0.0,-0.01
11.0,2024.0,The Philippines,PHL,Wind,1,GW,0.43,0.0,-0.01
12.0,2024.0,The Philippines,PHL,Wind,1,GW,0.44,0.01,0.0
1.0,2025.0,The Philippines,PHL,Wind,1,GW,0.43,-0.01,-0.01
2.0,2025.0,The Philippines,PHL,Wind,1,GW,0.43,0.0,-0.01
3.0,2025.0,The Philippines,PHL,Wind,1,GW,0.43,0.0,-0.01
4.0,2025.0,The Philippines,PHL,Wind,1,GW,0.43,0.0,-0.01
5.0,2025.0,The Philippines,PHL,Wind,1,GW,0.43,0.0,-0.01
6.0,2025.0,The Philippines,PHL,Wind,1,GW,0.43,0.0,-0.01
1.0,2016.0,The Philippines,PHL,Wind and solar,1,GW,0.68,0.09,0.09
2.0,2016.0,The Philippines,PHL,Wind and solar,1,GW,0.76,0.08,0.17
3.0,2016.0,The Philippines,PHL,Wind and solar,1,GW,0.85,0.09,0.26
4.0,2016.0,The Philippines,PHL,Wind and solar,1,GW,0.94,0.09,0.35
5.0,2016.0,The Philippines,PHL,Wind and solar,1,GW,1.02,0.08,0.43
6.0,2016.0,The Philippines,PHL,Wind and solar,1,GW,1.11,0.09,0.52
7.0,2016.0,The Philippines,PHL,Wind and solar,1,GW,1.12,0.01,0.53
8.0,2016.0,The Philippines,PHL,Wind and solar,1,GW,1.14,0.02,0.55
9.0,2016.0,The Philippines,PHL,Wind and solar,1,GW,1.15,0.01,0.56
10.0,2016.0,The Philippines,PHL,Wind and solar,1,GW,1.16,0.01,0.57
11.0,2016.0,The Philippines,PHL,Wind and solar,1,GW,1.18,0.02,0.59
12.0,2016.0,The Philippines,PHL,Wind and solar,1,GW,1.19,0.01,0.6
1.0,2017.0,The Philippines,PHL,Wind and solar,1,GW,1.2,0.01,0.01
2.0,2017.0,The Philippines,PHL,Wind and solar,1,GW,1.22,0.02,0.03
3.0,2017.0,The Philippines,PHL,Wind and solar,1,GW,1.23,0.01,0.04
4.0,2017.0,The Philippines,PHL,Wind and solar,1,GW,1.24,0.01,0.05
5.0,2017.0,The Philippines,PHL,Wind and solar,1,GW,1.26,0.02,0.07
6.0,2017.0,The Philippines,PHL,Wind and solar,1,GW,1.27,0.01,0.08
7.0,2017.0,The Philippines,PHL,Wind and solar,1,GW,1.28,0.01,0.09
8.0,2017.0,The Philippines,PHL,Wind and solar,1,GW,1.29,0.01,0.1
9.0,2017.0,The Philippines,PHL,Wind and solar,1,GW,1.31,0.02,0.12
10.0,2017.0,The Philippines,PHL,Wind and solar,1,GW,1.32,0.01,0.13
11.0,2017.0,The Philippines,PHL,Wind and solar,1,GW,1.33,0.01,0.14
12.0,2017.0,The Philippines,PHL,Wind and solar,1,GW,1.34,0.01,0.15
1.0,2018.0,The Philippines,PHL,Wind and solar,1,GW,1.34,0.0,0.0
2.0,2018.0,The Philippines,PHL,Wind and solar,1,GW,1.35,0.01,0.01
3.0,2018.0,The Philippines,PHL,Wind and solar,1,GW,1.35,0.0,0.01
4.0,2018.0,The Philippines,PHL,Wind and solar,1,GW,1.35,0.0,0.01
5.0,2018.0,The Philippines,PHL,Wind and solar,1,GW,1.35,0.0,0.01
6.0,2018.0,The Philippines,PHL,Wind and solar,1,GW,1.35,0.0,0.01
7.0,2018.0,The Philippines,PHL,Wind and solar,1,GW,1.35,0.0,0.01
8.0,2018.0,The Philippines,PHL,Wind and solar,1,GW,1.35,0.0,0.01
9.0,2018.0,The Philippines,PHL,Wind and solar,1,GW,1.35,0.0,0.01
10.0,2018.0,The Philippines,PHL,Wind and solar,1,GW,1.35,0.0,0.01
11.0,2018.0,The Philippines,PHL,Wind and solar,1,GW,1.35,0.0,0.01
12.0,2018.0,The Philippines,PHL,Wind and solar,1,GW,1.35,0.0,0.01
1.0,2019.0,The Philippines,PHL,Wind and solar,1,GW,1.35,0.0,0.0
2.0,2019.0,The Philippines,PHL,Wind and solar,1,GW,1.35,0.0,0.0
3.0,2019.0,The Philippines,PHL,Wind and solar,1,GW,1.35,0.0,0.0
4.0,2019.0,The Philippines,PHL,Wind and solar,1,GW,1.35,0.0,0.0
5.0,2019.0,The Philippines,PHL,Wind and solar,1,GW,1.35,0.0,0.0
6.0,2019.0,The Philippines,PHL,Wind and solar,1,GW,1.35,0.0,0.0
7.0,2019.0,The Philippines,PHL,Wind and solar,1,GW,1.36,0.01,0.01
8.0,2019.0,The Philippines,PHL,Wind and solar,1,GW,1.37,0.01,0.02
9.0,2019.0,The Philippines,PHL,Wind and solar,1,GW,1.38,0.01,0.03
10.0,2019.0,The Philippines,PHL,Wind and solar,1,GW,1.4,0.02,0.05
11.0,2019.0,The Philippines,PHL,Wind and solar,1,GW,1.41,0.01,0.06
12.0,2019.0,The Philippines,PHL,Wind and solar,1,GW,1.42,0.01,0.07
1.0,2020.0,The Philippines,PHL,Wind and solar,1,GW,1.44,0.02,0.02
2.0,2020.0,The Philippines,PHL,Wind and solar,1,GW,1.46,0.02,0.04
3.0,2020.0,The Philippines,PHL,Wind and solar,1,GW,1.48,0.02,0.06
4.0,2020.0,The Philippines,PHL,Wind and solar,1,GW,1.5,0.02,0.08
5.0,2020.0,The Philippines,PHL,Wind and solar,1,GW,1.51,0.01,0.09
6.0,2020.0,The Philippines,PHL,Wind and solar,1,GW,1.53,0.02,0.11
7.0,2020.0,The Philippines,PHL,Wind and solar,1,GW,1.54,0.01,0.12
8.0,2020.0,The Philippines,PHL,Wind and solar,1,GW,1.54,0.0,0.12
9.0,2020.0,The Philippines,PHL,Wind and solar,1,GW,1.55,0.01,0.13
10.0,2020.0,The Philippines,PHL,Wind and solar,1,GW,1.55,0.0,0.13
11.0,2020.0,The Philippines,PHL,Wind and solar,1,GW,1.56,0.01,0.14
12.0,2020.0,The Philippines,PHL,Wind and solar,1,GW,1.56,0.0,0.14
1.0,2021.0,The Philippines,PHL,Wind and solar,1,GW,1.59,0.03,0.03
2.0,2021.0,The Philippines,PHL,Wind and solar,1,GW,1.61,0.02,0.05
3.0,2021.0,The Philippines,PHL,Wind and solar,1,GW,1.64,0.03,0.08
4.0,2021.0,The Philippines,PHL,Wind and solar,1,GW,1.66,0.02,0.1
5.0,2021.0,The Philippines,PHL,Wind and solar,1,GW,1.69,0.03,0.13
6.0,2021.0,The Philippines,PHL,Wind and solar,1,GW,1.72,0.03,0.16
7.0,2021.0,The Philippines,PHL,Wind and solar,1,GW,1.74,0.02,0.18
8.0,2021.0,The Philippines,PHL,Wind and solar,1,GW,1.76,0.02,0.2
9.0,2021.0,The Philippines,PHL,Wind and solar,1,GW,1.79,0.03,0.23
10.0,2021.0,The Philippines,PHL,Wind and solar,1,GW,1.82,0.03,0.26
11.0,2021.0,The Philippines,PHL,Wind and solar,1,GW,1.84,0.02,0.28
12.0,2021.0,The Philippines,PHL,Wind and solar,1,GW,1.87,0.03,0.31
1.0,2022.0,The Philippines,PHL,Wind and solar,1,GW,1.88,0.01,0.01
2.0,2022.0,The Philippines,PHL,Wind and solar,1,GW,1.89,0.01,0.02
3.0,2022.0,The Philippines,PHL,Wind and solar,1,GW,1.9,0.01,0.03
4.0,2022.0,The Philippines,PHL,Wind and solar,1,GW,1.91,0.01,0.04
5.0,2022.0,The Philippines,PHL,Wind and solar,1,GW,1.92,0.01,0.05
6.0,2022.0,The Philippines,PHL,Wind and solar,1,GW,1.93,0.01,0.06
7.0,2022.0,The Philippines,PHL,Wind and solar,1,GW,2.0,0.07,0.13
8.0,2022.0,The Philippines,PHL,Wind and solar,1,GW,2.03,0.03,0.16
9.0,2022.0,The Philippines,PHL,Wind and solar,1,GW,2.06,0.03,0.19
10.0,2022.0,The Philippines,PHL,Wind and solar,1,GW,2.06,0.0,0.19
11.0,2022.0,The Philippines,PHL,Wind and solar,1,GW,2.1,0.04,0.23
12.0,2022.0,The Philippines,PHL,Wind and solar,1,GW,2.08,-0.02,0.21
1.0,2023.0,The Philippines,PHL,Wind and solar,1,GW,2.08,0.0,0.0
2.0,2023.0,The Philippines,PHL,Wind and solar,1,GW,2.08,0.0,0.0
3.0,2023.0,The Philippines,PHL,Wind and solar,1,GW,2.08,0.0,0.0
4.0,2023.0,The Philippines,PHL,Wind and solar,1,GW,2.08,0.0,0.0
5.0,2023.0,The Philippines,PHL,Wind and solar,1,GW,2.07,-0.01,-0.01
6.0,2023.0,The Philippines,PHL,Wind and solar,1,GW,2.07,0.0,-0.01
7.0,2023.0,The Philippines,PHL,Wind and solar,1,GW,2.08,0.01,0.0
8.0,2023.0,The Philippines,PHL,Wind and solar,1,GW,2.09,0.01,0.01
9.0,2023.0,The Philippines,PHL,Wind and solar,1,GW,2.1,0.01,0.02
10.0,2023.0,The Philippines,PHL,Wind and solar,1,GW,2.1,0.0,0.02
11.0,2023.0,The Philippines,PHL,Wind and solar,1,GW,2.1,0.0,0.02
12.0,2023.0,The Philippines,PHL,Wind and solar,1,GW,2.22,0.12,0.14
1.0,2024.0,The Philippines,PHL,Wind and solar,1,GW,2.21,-0.01,-0.01
2.0,2024.0,The Philippines,PHL,Wind and solar,1,GW,2.21,0.0,-0.01
3.0,2024.0,The Philippines,PHL,Wind and solar,1,GW,2.19,-0.02,-0.03
4.0,2024.0,The Philippines,PHL,Wind and solar,1,GW,2.36,0.17,0.14
5.0,2024.0,The Philippines,PHL,Wind and solar,1,GW,2.36,0.0,0.14
6.0,2024.0,The Philippines,PHL,Wind and solar,1,GW,2.61,0.25,0.39
7.0,2024.0,The Philippines,PHL,Wind and solar,1,GW,2.86,0.25,0.64
8.0,2024.0,The Philippines,PHL,Wind and solar,1,GW,2.87,0.01,0.65
9.0,2024.0,The Philippines,PHL,Wind and solar,1,GW,2.94,0.07,0.72
10.0,2024.0,The Philippines,PHL,Wind and solar,1,GW,3.09,0.15,0.87
11.0,2024.0,The Philippines,PHL,Wind and solar,1,GW,3.09,0.0,0.87
12.0,2024.0,The Philippines,PHL,Wind and solar,1,GW,3.28,0.19,1.06
1.0,2025.0,The Philippines,PHL,Wind and solar,1,GW,3.28,0.0,0.0
2.0,2025.0,The Philippines,PHL,Wind and solar,1,GW,3.41,0.13,0.13
3.0,2025.0,The Philippines,PHL,Wind and solar,1,GW,3.55,0.14,0.27
4.0,2025.0,The Philippines,PHL,Wind and solar,1,GW,3.55,0.0,0.27
5.0,2025.0,The Philippines,PHL,Wind and solar,1,GW,3.65,0.1,0.37
6.0,2025.0,The Philippines,PHL,Wind and solar,1,GW,3.7,0.05,0.42
1.0,2016.0,Poland,POL,Solar,0,GWAC,0.08,0.0,0.0
2.0,2016.0,Poland,POL,Solar,0,GWAC,0.09,0.01,0.01
3.0,2016.0,Poland,POL,Solar,0,GWAC,0.09,0.0,0.01
4.0,2016.0,Poland,POL,Solar,0,GWAC,0.1,0.01,0.02
5.0,2016.0,Poland,POL,Solar,0,GWAC,0.1,0.0,0.02
6.0,2016.0,Poland,POL,Solar,0,GWAC,0.11,0.01,0.03
7.0,2016.0,Poland,POL,Solar,0,GWAC,0.12,0.01,0.04
8.0,2016.0,Poland,POL,Solar,0,GWAC,0.12,0.0,0.04
9.0,2016.0,Poland,POL,Solar,0,GWAC,0.13,0.01,0.05
10.0,2016.0,Poland,POL,Solar,0,GWAC,0.13,0.0,0.05
11.0,2016.0,Poland,POL,Solar,0,GWAC,0.14,0.01,0.06
12.0,2016.0,Poland,POL,Solar,0,GWAC,0.14,0.0,0.06
1.0,2017.0,Poland,POL,Solar,0,GWAC,0.15,0.01,0.01
2.0,2017.0,Poland,POL,Solar,0,GWAC,0.15,0.0,0.01
3.0,2017.0,Poland,POL,Solar,0,GWAC,0.15,0.0,0.01
4.0,2017.0,Poland,POL,Solar,0,GWAC,0.16,0.01,0.02
5.0,2017.0,Poland,POL,Solar,0,GWAC,0.16,0.0,0.02
6.0,2017.0,Poland,POL,Solar,0,GWAC,0.17,0.01,0.03
7.0,2017.0,Poland,POL,Solar,0,GWAC,0.17,0.0,0.03
8.0,2017.0,Poland,POL,Solar,0,GWAC,0.18,0.01,0.04
9.0,2017.0,Poland,POL,Solar,0,GWAC,0.19,0.01,0.05
10.0,2017.0,Poland,POL,Solar,0,GWAC,0.19,0.0,0.05
11.0,2017.0,Poland,POL,Solar,0,GWAC,0.2,0.01,0.06
12.0,2017.0,Poland,POL,Solar,0,GWAC,0.21,0.01,0.07
1.0,2018.0,Poland,POL,Solar,0,GWAC,0.23,0.02,0.02
2.0,2018.0,Poland,POL,Solar,0,GWAC,0.24,0.01,0.03
3.0,2018.0,Poland,POL,Solar,0,GWAC,0.25,0.01,0.04
4.0,2018.0,Poland,POL,Solar,0,GWAC,0.26,0.01,0.05
5.0,2018.0,Poland,POL,Solar,0,GWAC,0.27,0.01,0.06
6.0,2018.0,Poland,POL,Solar,0,GWAC,0.29,0.02,0.08
7.0,2018.0,Poland,POL,Solar,0,GWAC,0.3,0.01,0.09
8.0,2018.0,Poland,POL,Solar,0,GWAC,0.32,0.02,0.11
9.0,2018.0,Poland,POL,Solar,0,GWAC,0.34,0.02,0.13
10.0,2018.0,Poland,POL,Solar,0,GWAC,0.35,0.01,0.14
11.0,2018.0,Poland,POL,Solar,0,GWAC,0.39,0.04,0.18
12.0,2018.0,Poland,POL,Solar,0,GWAC,0.43,0.04,0.22
1.0,2019.0,Poland,POL,Solar,0,GWAC,0.46,0.03,0.03
2.0,2019.0,Poland,POL,Solar,0,GWAC,0.47,0.01,0.04
3.0,2019.0,Poland,POL,Solar,0,GWAC,0.53,0.06,0.1
4.0,2019.0,Poland,POL,Solar,0,GWAC,0.56,0.03,0.13
5.0,2019.0,Poland,POL,Solar,0,GWAC,0.63,0.07,0.2
6.0,2019.0,Poland,POL,Solar,0,GWAC,0.71,0.08,0.28
7.0,2019.0,Poland,POL,Solar,0,GWAC,0.77,0.06,0.34
8.0,2019.0,Poland,POL,Solar,0,GWAC,0.81,0.04,0.38
9.0,2019.0,Poland,POL,Solar,0,GWAC,0.87,0.06,0.44
10.0,2019.0,Poland,POL,Solar,0,GWAC,0.94,0.07,0.51
11.0,2019.0,Poland,POL,Solar,0,GWAC,1.04,0.1,0.61
12.0,2019.0,Poland,POL,Solar,0,GWAC,1.17,0.13,0.74
1.0,2020.0,Poland,POL,Solar,0,GWAC,1.21,0.04,0.04
2.0,2020.0,Poland,POL,Solar,0,GWAC,1.36,0.15,0.19
3.0,2020.0,Poland,POL,Solar,0,GWAC,1.46,0.1,0.29
4.0,2020.0,Poland,POL,Solar,0,GWAC,1.59,0.13,0.42
5.0,2020.0,Poland,POL,Solar,0,GWAC,1.74,0.15,0.57
6.0,2020.0,Poland,POL,Solar,0,GWAC,1.89,0.15,0.72
7.0,2020.0,Poland,POL,Solar,0,GWAC,2.04,0.15,0.87
8.0,2020.0,Poland,POL,Solar,0,GWAC,2.22,0.18,1.05
9.0,2020.0,Poland,POL,Solar,0,GWAC,2.42,0.2,1.25
10.0,2020.0,Poland,POL,Solar,0,GWAC,2.64,0.22,1.47
11.0,2020.0,Poland,POL,Solar,0,GWAC,2.85,0.21,1.68
12.0,2020.0,Poland,POL,Solar,0,GWAC,3.05,0.2,1.88
1.0,2021.0,Poland,POL,Solar,0,GWAC,3.17,0.12,0.12
2.0,2021.0,Poland,POL,Solar,0,GWAC,3.26,0.09,0.21
3.0,2021.0,Poland,POL,Solar,0,GWAC,3.44,0.18,0.39
4.0,2021.0,Poland,POL,Solar,0,GWAC,3.64,0.2,0.59
5.0,2021.0,Poland,POL,Solar,0,GWAC,3.83,0.19,0.78
6.0,2021.0,Poland,POL,Solar,0,GWAC,4.12,0.29,1.07
7.0,2021.0,Poland,POL,Solar,0,GWAC,4.33,0.21,1.28
8.0,2021.0,Poland,POL,Solar,0,GWAC,4.59,0.26,1.54
9.0,2021.0,Poland,POL,Solar,0,GWAC,4.85,0.26,1.8
10.0,2021.0,Poland,POL,Solar,0,GWAC,5.14,0.29,2.09
11.0,2021.0,Poland,POL,Solar,0,GWAC,5.48,0.34,2.43
12.0,2021.0,Poland,POL,Solar,0,GWAC,5.9,0.42,2.85
1.0,2022.0,Poland,POL,Solar,0,GWAC,6.27,0.37,0.37
2.0,2022.0,Poland,POL,Solar,0,GWAC,6.74,0.47,0.84
3.0,2022.0,Poland,POL,Solar,0,GWAC,7.23,0.49,1.33
4.0,2022.0,Poland,POL,Solar,0,GWAC,7.69,0.46,1.79
5.0,2022.0,Poland,POL,Solar,0,GWAC,7.86,0.17,1.96
6.0,2022.0,Poland,POL,Solar,0,GWAC,7.97,0.11,2.07
7.0,2022.0,Poland,POL,Solar,0,GWAC,8.14,0.17,2.24
8.0,2022.0,Poland,POL,Solar,0,GWAC,8.49,0.35,2.59
9.0,2022.0,Poland,POL,Solar,0,GWAC,8.51,0.02,2.61
10.0,2022.0,Poland,POL,Solar,0,GWAC,8.83,0.32,2.93
11.0,2022.0,Poland,POL,Solar,0,GWAC,9.17,0.34,3.27
12.0,2022.0,Poland,POL,Solar,0,GWAC,9.38,0.21,3.48
1.0,2023.0,Poland,POL,Solar,0,GWAC,9.62,0.24,0.24
2.0,2023.0,Poland,POL,Solar,0,GWAC,9.8,0.18,0.42
3.0,2023.0,Poland,POL,Solar,0,GWAC,10.02,0.22,0.64
4.0,2023.0,Poland,POL,Solar,0,GWAC,10.37,0.35,0.99
5.0,2023.0,Poland,POL,Solar,0,GWAC,10.71,0.34,1.33
6.0,2023.0,Poland,POL,Solar,0,GWAC,10.98,0.27,1.6
7.0,2023.0,Poland,POL,Solar,0,GWAC,11.28,0.3,1.9
8.0,2023.0,Poland,POL,Solar,0,GWAC,11.53,0.25,2.15
9.0,2023.0,Poland,POL,Solar,0,GWAC,12.02,0.49,2.64
10.0,2023.0,Poland,POL,Solar,0,GWAC,12.43,0.41,3.05
11.0,2023.0,Poland,POL,Solar,0,GWAC,12.72,0.29,3.34
12.0,2023.0,Poland,POL,Solar,0,GWAC,13.12,0.4,3.74
1.0,2024.0,Poland,POL,Solar,0,GWAC,13.14,0.02,0.02
2.0,2024.0,Poland,POL,Solar,0,GWAC,13.25,0.11,0.13
3.0,2024.0,Poland,POL,Solar,0,GWAC,13.54,0.29,0.42
4.0,2024.0,Poland,POL,Solar,0,GWAC,13.75,0.21,0.63
5.0,2024.0,Poland,POL,Solar,0,GWAC,13.92,0.17,0.8
6.0,2024.0,Poland,POL,Solar,0,GWAC,14.29,0.37,1.17
7.0,2024.0,Poland,POL,Solar,0,GWAC,14.65,0.36,1.53
8.0,2024.0,Poland,POL,Solar,0,GWAC,15.05,0.4,1.93
9.0,2024.0,Poland,POL,Solar,0,GWAC,15.3,0.25,2.18
10.0,2024.0,Poland,POL,Solar,0,GWAC,15.81,0.51,2.69
11.0,2024.0,Poland,POL,Solar,0,GWAC,15.91,0.1,2.79
12.0,2024.0,Poland,POL,Solar,0,GWAC,16.27,0.36,3.15
1.0,2025.0,Poland,POL,Solar,0,GWAC,16.51,0.24,0.24
2.0,2025.0,Poland,POL,Solar,0,GWAC,16.76,0.25,0.49
3.0,2025.0,Poland,POL,Solar,0,GWAC,16.96,0.2,0.69
4.0,2025.0,Poland,POL,Solar,0,GWAC,17.14,0.18,0.87
5.0,2025.0,Poland,POL,Solar,0,GWAC,17.41,0.27,1.14
6.0,2025.0,Poland,POL,Solar,0,GWAC,17.67,0.26,1.4
1.0,2016.0,Poland,POL,Solar,0,GWDC,0.11,0.0,0.0
2.0,2016.0,Poland,POL,Solar,0,GWDC,0.11,0.0,0.0
3.0,2016.0,Poland,POL,Solar,0,GWDC,0.12,0.01,0.01
4.0,2016.0,Poland,POL,Solar,0,GWDC,0.13,0.01,0.02
5.0,2016.0,Poland,POL,Solar,0,GWDC,0.14,0.01,0.03
6.0,2016.0,Poland,POL,Solar,0,GWDC,0.14,0.0,0.03
7.0,2016.0,Poland,POL,Solar,0,GWDC,0.15,0.01,0.04
8.0,2016.0,Poland,POL,Solar,0,GWDC,0.16,0.01,0.05
9.0,2016.0,Poland,POL,Solar,0,GWDC,0.16,0.0,0.05
10.0,2016.0,Poland,POL,Solar,0,GWDC,0.17,0.01,0.06
11.0,2016.0,Poland,POL,Solar,0,GWDC,0.18,0.01,0.07
12.0,2016.0,Poland,POL,Solar,0,GWDC,0.19,0.01,0.08
1.0,2017.0,Poland,POL,Solar,0,GWDC,0.19,0.0,0.0
2.0,2017.0,Poland,POL,Solar,0,GWDC,0.2,0.01,0.01
3.0,2017.0,Poland,POL,Solar,0,GWDC,0.2,0.0,0.01
4.0,2017.0,Poland,POL,Solar,0,GWDC,0.21,0.01,0.02
5.0,2017.0,Poland,POL,Solar,0,GWDC,0.21,0.0,0.02
6.0,2017.0,Poland,POL,Solar,0,GWDC,0.22,0.01,0.03
7.0,2017.0,Poland,POL,Solar,0,GWDC,0.23,0.01,0.04
8.0,2017.0,Poland,POL,Solar,0,GWDC,0.23,0.0,0.04
9.0,2017.0,Poland,POL,Solar,0,GWDC,0.24,0.01,0.05
10.0,2017.0,Poland,POL,Solar,0,GWDC,0.25,0.01,0.06
11.0,2017.0,Poland,POL,Solar,0,GWDC,0.26,0.01,0.07
12.0,2017.0,Poland,POL,Solar,0,GWDC,0.28,0.02,0.09
1.0,2018.0,Poland,POL,Solar,0,GWDC,0.29,0.01,0.01
2.0,2018.0,Poland,POL,Solar,0,GWDC,0.31,0.02,0.03
3.0,2018.0,Poland,POL,Solar,0,GWDC,0.33,0.02,0.05
4.0,2018.0,Poland,POL,Solar,0,GWDC,0.33,0.0,0.05
5.0,2018.0,Poland,POL,Solar,0,GWDC,0.34,0.01,0.06
6.0,2018.0,Poland,POL,Solar,0,GWDC,0.37,0.03,0.09
7.0,2018.0,Poland,POL,Solar,0,GWDC,0.39,0.02,0.11
8.0,2018.0,Poland,POL,Solar,0,GWDC,0.41,0.02,0.13
9.0,2018.0,Poland,POL,Solar,0,GWDC,0.44,0.03,0.16
10.0,2018.0,Poland,POL,Solar,0,GWDC,0.45,0.01,0.17
11.0,2018.0,Poland,POL,Solar,0,GWDC,0.51,0.06,0.23
12.0,2018.0,Poland,POL,Solar,0,GWDC,0.56,0.05,0.28
1.0,2019.0,Poland,POL,Solar,0,GWDC,0.6,0.04,0.04
2.0,2019.0,Poland,POL,Solar,0,GWDC,0.61,0.01,0.05
3.0,2019.0,Poland,POL,Solar,0,GWDC,0.69,0.08,0.13
4.0,2019.0,Poland,POL,Solar,0,GWDC,0.73,0.04,0.17
5.0,2019.0,Poland,POL,Solar,0,GWDC,0.81,0.08,0.25
6.0,2019.0,Poland,POL,Solar,0,GWDC,0.93,0.12,0.37
7.0,2019.0,Poland,POL,Solar,0,GWDC,1.0,0.07,0.44
8.0,2019.0,Poland,POL,Solar,0,GWDC,1.05,0.05,0.49
9.0,2019.0,Poland,POL,Solar,0,GWDC,1.13,0.08,0.57
10.0,2019.0,Poland,POL,Solar,0,GWDC,1.22,0.09,0.66
11.0,2019.0,Poland,POL,Solar,0,GWDC,1.35,0.13,0.79
12.0,2019.0,Poland,POL,Solar,0,GWDC,1.53,0.18,0.97
1.0,2020.0,Poland,POL,Solar,0,GWDC,1.57,0.04,0.04
2.0,2020.0,Poland,POL,Solar,0,GWDC,1.76,0.19,0.23
3.0,2020.0,Poland,POL,Solar,0,GWDC,1.9,0.14,0.37
4.0,2020.0,Poland,POL,Solar,0,GWDC,2.06,0.16,0.53
5.0,2020.0,Poland,POL,Solar,0,GWDC,2.26,0.2,0.73
6.0,2020.0,Poland,POL,Solar,0,GWDC,2.46,0.2,0.93
7.0,2020.0,Poland,POL,Solar,0,GWDC,2.65,0.19,1.12
8.0,2020.0,Poland,POL,Solar,0,GWDC,2.89,0.24,1.36
9.0,2020.0,Poland,POL,Solar,0,GWDC,3.14,0.25,1.61
10.0,2020.0,Poland,POL,Solar,0,GWDC,3.43,0.29,1.9
11.0,2020.0,Poland,POL,Solar,0,GWDC,3.7,0.27,2.17
12.0,2020.0,Poland,POL,Solar,0,GWDC,3.96,0.26,2.43
1.0,2021.0,Poland,POL,Solar,0,GWDC,4.12,0.16,0.16
2.0,2021.0,Poland,POL,Solar,0,GWDC,4.24,0.12,0.28
3.0,2021.0,Poland,POL,Solar,0,GWDC,4.48,0.24,0.52
4.0,2021.0,Poland,POL,Solar,0,GWDC,4.73,0.25,0.77
5.0,2021.0,Poland,POL,Solar,0,GWDC,4.97,0.24,1.01
6.0,2021.0,Poland,POL,Solar,0,GWDC,5.36,0.39,1.4
7.0,2021.0,Poland,POL,Solar,0,GWDC,5.63,0.27,1.67
8.0,2021.0,Poland,POL,Solar,0,GWDC,5.97,0.34,2.01
9.0,2021.0,Poland,POL,Solar,0,GWDC,6.3,0.33,2.34
10.0,2021.0,Poland,POL,Solar,0,GWDC,6.69,0.39,2.73
11.0,2021.0,Poland,POL,Solar,0,GWDC,7.12,0.43,3.16
12.0,2021.0,Poland,POL,Solar,0,GWDC,7.67,0.55,3.71
1.0,2022.0,Poland,POL,Solar,0,GWDC,8.15,0.48,0.48
2.0,2022.0,Poland,POL,Solar,0,GWDC,8.77,0.62,1.1
3.0,2022.0,Poland,POL,Solar,0,GWDC,9.4,0.63,1.73
4.0,2022.0,Poland,POL,Solar,0,GWDC,10.0,0.6,2.33
5.0,2022.0,Poland,POL,Solar,0,GWDC,10.22,0.22,2.55
6.0,2022.0,Poland,POL,Solar,0,GWDC,10.36,0.14,2.69
7.0,2022.0,Poland,POL,Solar,0,GWDC,10.59,0.23,2.92
8.0,2022.0,Poland,POL,Solar,0,GWDC,11.04,0.45,3.37
9.0,2022.0,Poland,POL,Solar,0,GWDC,11.06,0.02,3.39
10.0,2022.0,Poland,POL,Solar,0,GWDC,11.48,0.42,3.81
11.0,2022.0,Poland,POL,Solar,0,GWDC,11.92,0.44,4.25
12.0,2022.0,Poland,POL,Solar,0,GWDC,12.19,0.27,4.52
1.0,2023.0,Poland,POL,Solar,0,GWDC,12.51,0.32,0.32
2.0,2023.0,Poland,POL,Solar,0,GWDC,12.74,0.23,0.55
3.0,2023.0,Poland,POL,Solar,0,GWDC,13.02,0.28,0.83
4.0,2023.0,Poland,POL,Solar,0,GWDC,13.48,0.46,1.29
5.0,2023.0,Poland,POL,Solar,0,GWDC,13.93,0.45,1.74
6.0,2023.0,Poland,POL,Solar,0,GWDC,14.27,0.34,2.08
7.0,2023.0,Poland,POL,Solar,0,GWDC,14.67,0.4,2.48
8.0,2023.0,Poland,POL,Solar,0,GWDC,14.99,0.32,2.8
9.0,2023.0,Poland,POL,Solar,0,GWDC,15.63,0.64,3.44
10.0,2023.0,Poland,POL,Solar,0,GWDC,16.16,0.53,3.97
11.0,2023.0,Poland,POL,Solar,0,GWDC,16.53,0.37,4.34
12.0,2023.0,Poland,POL,Solar,0,GWDC,17.06,0.53,4.87
1.0,2024.0,Poland,POL,Solar,0,GWDC,17.08,0.02,0.02
2.0,2024.0,Poland,POL,Solar,0,GWDC,17.22,0.14,0.16
3.0,2024.0,Poland,POL,Solar,0,GWDC,17.6,0.38,0.54
4.0,2024.0,Poland,POL,Solar,0,GWDC,17.88,0.28,0.82
5.0,2024.0,Poland,POL,Solar,0,GWDC,18.1,0.22,1.04
6.0,2024.0,Poland,POL,Solar,0,GWDC,18.58,0.48,1.52
7.0,2024.0,Poland,POL,Solar,0,GWDC,19.04,0.46,1.98
8.0,2024.0,Poland,POL,Solar,0,GWDC,19.56,0.52,2.5
9.0,2024.0,Poland,POL,Solar,0,GWDC,19.89,0.33,2.83
10.0,2024.0,Poland,POL,Solar,0,GWDC,20.56,0.67,3.5
11.0,2024.0,Poland,POL,Solar,0,GWDC,20.68,0.12,3.62
12.0,2024.0,Poland,POL,Solar,0,GWDC,21.16,0.48,4.1
1.0,2025.0,Poland,POL,Solar,0,GWDC,21.46,0.3,0.3
2.0,2025.0,Poland,POL,Solar,0,GWDC,21.79,0.33,0.63
3.0,2025.0,Poland,POL,Solar,0,GWDC,22.05,0.26,0.89
4.0,2025.0,Poland,POL,Solar,0,GWDC,22.29,0.24,1.13
5.0,2025.0,Poland,POL,Solar,0,GWDC,22.64,0.35,1.48
6.0,2025.0,Poland,POL,Solar,0,GWDC,22.97,0.33,1.81
1.0,2016.0,Poland,POL,Wind onshore,0,GW,4.97,0.09,0.09
2.0,2016.0,Poland,POL,Wind onshore,0,GW,5.25,0.28,0.37
3.0,2016.0,Poland,POL,Wind onshore,0,GW,5.45,0.2,0.57
4.0,2016.0,Poland,POL,Wind onshore,0,GW,5.49,0.04,0.61
5.0,2016.0,Poland,POL,Wind onshore,0,GW,5.5,0.01,0.62
6.0,2016.0,Poland,POL,Wind onshore,0,GW,5.61,0.11,0.73
7.0,2016.0,Poland,POL,Wind onshore,0,GW,5.64,0.03,0.76
8.0,2016.0,Poland,POL,Wind onshore,0,GW,5.65,0.01,0.77
9.0,2016.0,Poland,POL,Wind onshore,0,GW,5.77,0.12,0.89
10.0,2016.0,Poland,POL,Wind onshore,0,GW,5.77,0.0,0.89
11.0,2016.0,Poland,POL,Wind onshore,0,GW,5.77,0.0,0.89
12.0,2016.0,Poland,POL,Wind onshore,0,GW,5.78,0.01,0.9
1.0,2017.0,Poland,POL,Wind onshore,0,GW,5.78,0.0,0.0
2.0,2017.0,Poland,POL,Wind onshore,0,GW,5.78,0.0,0.0
3.0,2017.0,Poland,POL,Wind onshore,0,GW,5.78,0.0,0.0
4.0,2017.0,Poland,POL,Wind onshore,0,GW,5.78,0.0,0.0
5.0,2017.0,Poland,POL,Wind onshore,0,GW,5.79,0.01,0.01
6.0,2017.0,Poland,POL,Wind onshore,0,GW,5.8,0.01,0.02
7.0,2017.0,Poland,POL,Wind onshore,0,GW,5.8,0.0,0.02
8.0,2017.0,Poland,POL,Wind onshore,0,GW,5.8,0.0,0.02
9.0,2017.0,Poland,POL,Wind onshore,0,GW,5.8,0.0,0.02
10.0,2017.0,Poland,POL,Wind onshore,0,GW,5.81,0.01,0.03
11.0,2017.0,Poland,POL,Wind onshore,0,GW,5.81,0.0,0.03
12.0,2017.0,Poland,POL,Wind onshore,0,GW,5.83,0.02,0.05
1.0,2018.0,Poland,POL,Wind onshore,0,GW,5.84,0.01,0.01
2.0,2018.0,Poland,POL,Wind onshore,0,GW,5.83,-0.01,0.0
3.0,2018.0,Poland,POL,Wind onshore,0,GW,5.83,0.0,0.0
4.0,2018.0,Poland,POL,Wind onshore,0,GW,5.83,0.0,0.0
5.0,2018.0,Poland,POL,Wind onshore,0,GW,5.83,0.0,0.0
6.0,2018.0,Poland,POL,Wind onshore,0,GW,5.83,0.0,0.0
7.0,2018.0,Poland,POL,Wind onshore,0,GW,5.84,0.01,0.01
8.0,2018.0,Poland,POL,Wind onshore,0,GW,5.84,0.0,0.01
9.0,2018.0,Poland,POL,Wind onshore,0,GW,5.84,0.0,0.01
10.0,2018.0,Poland,POL,Wind onshore,0,GW,5.84,0.0,0.01
11.0,2018.0,Poland,POL,Wind onshore,0,GW,5.84,0.0,0.01
12.0,2018.0,Poland,POL,Wind onshore,0,GW,5.84,0.0,0.01
1.0,2019.0,Poland,POL,Wind onshore,0,GW,5.84,0.0,0.0
2.0,2019.0,Poland,POL,Wind onshore,0,GW,5.84,0.0,0.0
3.0,2019.0,Poland,POL,Wind onshore,0,GW,5.84,0.0,0.0
4.0,2019.0,Poland,POL,Wind onshore,0,GW,5.85,0.01,0.01
5.0,2019.0,Poland,POL,Wind onshore,0,GW,5.87,0.02,0.03
6.0,2019.0,Poland,POL,Wind onshore,0,GW,5.86,-0.01,0.02
7.0,2019.0,Poland,POL,Wind onshore,0,GW,5.87,0.01,0.03
8.0,2019.0,Poland,POL,Wind onshore,0,GW,5.88,0.01,0.04
9.0,2019.0,Poland,POL,Wind onshore,0,GW,5.88,0.0,0.04
10.0,2019.0,Poland,POL,Wind onshore,0,GW,5.89,0.01,0.05
11.0,2019.0,Poland,POL,Wind onshore,0,GW,5.89,0.0,0.05
12.0,2019.0,Poland,POL,Wind onshore,0,GW,5.9,0.01,0.06
1.0,2020.0,Poland,POL,Wind onshore,0,GW,5.97,0.07,0.07
2.0,2020.0,Poland,POL,Wind onshore,0,GW,5.9,-0.07,0.0
3.0,2020.0,Poland,POL,Wind onshore,0,GW,5.92,0.02,0.02
4.0,2020.0,Poland,POL,Wind onshore,0,GW,5.94,0.02,0.04
5.0,2020.0,Poland,POL,Wind onshore,0,GW,6.03,0.09,0.13
6.0,2020.0,Poland,POL,Wind onshore,0,GW,6.03,0.0,0.13
7.0,2020.0,Poland,POL,Wind onshore,0,GW,6.1,0.07,0.2
8.0,2020.0,Poland,POL,Wind onshore,0,GW,6.14,0.04,0.24
9.0,2020.0,Poland,POL,Wind onshore,0,GW,6.15,0.01,0.25
10.0,2020.0,Poland,POL,Wind onshore,0,GW,6.15,0.0,0.25
11.0,2020.0,Poland,POL,Wind onshore,0,GW,6.15,0.0,0.25
12.0,2020.0,Poland,POL,Wind onshore,0,GW,6.4,0.25,0.5
1.0,2021.0,Poland,POL,Wind onshore,0,GW,6.45,0.05,0.05
2.0,2021.0,Poland,POL,Wind onshore,0,GW,6.45,0.0,0.05
3.0,2021.0,Poland,POL,Wind onshore,0,GW,6.46,0.01,0.06
4.0,2021.0,Poland,POL,Wind onshore,0,GW,6.51,0.05,0.11
5.0,2021.0,Poland,POL,Wind onshore,0,GW,6.51,0.0,0.11
6.0,2021.0,Poland,POL,Wind onshore,0,GW,6.7,0.19,0.3
7.0,2021.0,Poland,POL,Wind onshore,0,GW,6.76,0.06,0.36
8.0,2021.0,Poland,POL,Wind onshore,0,GW,6.79,0.03,0.39
9.0,2021.0,Poland,POL,Wind onshore,0,GW,6.83,0.04,0.43
10.0,2021.0,Poland,POL,Wind onshore,0,GW,6.87,0.04,0.47
11.0,2021.0,Poland,POL,Wind onshore,0,GW,7.0,0.13,0.6
12.0,2021.0,Poland,POL,Wind onshore,0,GW,7.12,0.12,0.72
1.0,2022.0,Poland,POL,Wind onshore,0,GW,7.12,0.0,0.0
2.0,2022.0,Poland,POL,Wind onshore,0,GW,7.18,0.06,0.06
3.0,2022.0,Poland,POL,Wind onshore,0,GW,7.21,0.03,0.09
4.0,2022.0,Poland,POL,Wind onshore,0,GW,7.24,0.03,0.12
5.0,2022.0,Poland,POL,Wind onshore,0,GW,7.28,0.04,0.16
6.0,2022.0,Poland,POL,Wind onshore,0,GW,7.48,0.2,0.36
7.0,2022.0,Poland,POL,Wind onshore,0,GW,7.52,0.04,0.4
8.0,2022.0,Poland,POL,Wind onshore,0,GW,7.67,0.15,0.55
9.0,2022.0,Poland,POL,Wind onshore,0,GW,7.71,0.04,0.59
10.0,2022.0,Poland,POL,Wind onshore,0,GW,7.72,0.01,0.6
11.0,2022.0,Poland,POL,Wind onshore,0,GW,7.86,0.14,0.74
12.0,2022.0,Poland,POL,Wind onshore,0,GW,8.26,0.4,1.14
1.0,2023.0,Poland,POL,Wind onshore,0,GW,8.32,0.06,0.06
2.0,2023.0,Poland,POL,Wind onshore,0,GW,8.41,0.09,0.15
3.0,2023.0,Poland,POL,Wind onshore,0,GW,8.57,0.16,0.31
4.0,2023.0,Poland,POL,Wind onshore,0,GW,8.63,0.06,0.37
5.0,2023.0,Poland,POL,Wind onshore,0,GW,8.76,0.13,0.5
6.0,2023.0,Poland,POL,Wind onshore,0,GW,8.86,0.1,0.6
7.0,2023.0,Poland,POL,Wind onshore,0,GW,8.92,0.06,0.66
8.0,2023.0,Poland,POL,Wind onshore,0,GW,9.11,0.19,0.85
9.0,2023.0,Poland,POL,Wind onshore,0,GW,9.14,0.03,0.88
10.0,2023.0,Poland,POL,Wind onshore,0,GW,9.33,0.19,1.07
11.0,2023.0,Poland,POL,Wind onshore,0,GW,9.41,0.08,1.15
12.0,2023.0,Poland,POL,Wind onshore,0,GW,9.43,0.02,1.17
1.0,2024.0,Poland,POL,Wind onshore,0,GW,9.42,-0.01,-0.01
2.0,2024.0,Poland,POL,Wind onshore,0,GW,9.46,0.04,0.03
3.0,2024.0,Poland,POL,Wind onshore,0,GW,9.45,-0.01,0.02
4.0,2024.0,Poland,POL,Wind onshore,0,GW,9.51,0.06,0.08
5.0,2024.0,Poland,POL,Wind onshore,0,GW,9.48,-0.03,0.05
6.0,2024.0,Poland,POL,Wind onshore,0,GW,9.55,0.07,0.12
7.0,2024.0,Poland,POL,Wind onshore,0,GW,9.55,0.0,0.12
8.0,2024.0,Poland,POL,Wind onshore,0,GW,9.69,0.14,0.26
9.0,2024.0,Poland,POL,Wind onshore,0,GW,9.79,0.1,0.36
10.0,2024.0,Poland,POL,Wind onshore,0,GW,9.87,0.08,0.44
11.0,2024.0,Poland,POL,Wind onshore,0,GW,10.18,0.31,0.75
12.0,2024.0,Poland,POL,Wind onshore,0,GW,10.14,-0.04,0.71
1.0,2025.0,Poland,POL,Wind onshore,0,GW,10.15,0.01,0.01
2.0,2025.0,Poland,POL,Wind onshore,0,GW,10.16,0.01,0.02
3.0,2025.0,Poland,POL,Wind onshore,0,GW,10.2,0.04,0.06
4.0,2025.0,Poland,POL,Wind onshore,0,GW,10.2,0.0,0.06
5.0,2025.0,Poland,POL,Wind onshore,0,GW,10.3,0.1,0.16
6.0,2025.0,Poland,POL,Wind onshore,0,GW,10.35,0.05,0.21
1.0,2016.0,Poland,POL,Wind,1,GW,4.97,0.09,0.09
2.0,2016.0,Poland,POL,Wind,1,GW,5.25,0.28,0.37
3.0,2016.0,Poland,POL,Wind,1,GW,5.45,0.2,0.57
4.0,2016.0,Poland,POL,Wind,1,GW,5.49,0.04,0.61
5.0,2016.0,Poland,POL,Wind,1,GW,5.5,0.01,0.62
6.0,2016.0,Poland,POL,Wind,1,GW,5.61,0.11,0.73
7.0,2016.0,Poland,POL,Wind,1,GW,5.64,0.03,0.76
8.0,2016.0,Poland,POL,Wind,1,GW,5.65,0.01,0.77
9.0,2016.0,Poland,POL,Wind,1,GW,5.77,0.12,0.89
10.0,2016.0,Poland,POL,Wind,1,GW,5.77,0.0,0.89
11.0,2016.0,Poland,POL,Wind,1,GW,5.77,0.0,0.89
12.0,2016.0,Poland,POL,Wind,1,GW,5.78,0.01,0.9
1.0,2017.0,Poland,POL,Wind,1,GW,5.78,0.0,0.0
2.0,2017.0,Poland,POL,Wind,1,GW,5.78,0.0,0.0
3.0,2017.0,Poland,POL,Wind,1,GW,5.78,0.0,0.0
4.0,2017.0,Poland,POL,Wind,1,GW,5.78,0.0,0.0
5.0,2017.0,Poland,POL,Wind,1,GW,5.79,0.01,0.01
6.0,2017.0,Poland,POL,Wind,1,GW,5.8,0.01,0.02
7.0,2017.0,Poland,POL,Wind,1,GW,5.8,0.0,0.02
8.0,2017.0,Poland,POL,Wind,1,GW,5.8,0.0,0.02
9.0,2017.0,Poland,POL,Wind,1,GW,5.8,0.0,0.02
10.0,2017.0,Poland,POL,Wind,1,GW,5.81,0.01,0.03
11.0,2017.0,Poland,POL,Wind,1,GW,5.81,0.0,0.03
12.0,2017.0,Poland,POL,Wind,1,GW,5.83,0.02,0.05
1.0,2018.0,Poland,POL,Wind,1,GW,5.84,0.01,0.01
2.0,2018.0,Poland,POL,Wind,1,GW,5.83,-0.01,0.0
3.0,2018.0,Poland,POL,Wind,1,GW,5.83,0.0,0.0
4.0,2018.0,Poland,POL,Wind,1,GW,5.83,0.0,0.0
5.0,2018.0,Poland,POL,Wind,1,GW,5.83,0.0,0.0
6.0,2018.0,Poland,POL,Wind,1,GW,5.83,0.0,0.0
7.0,2018.0,Poland,POL,Wind,1,GW,5.84,0.01,0.01
8.0,2018.0,Poland,POL,Wind,1,GW,5.84,0.0,0.01
9.0,2018.0,Poland,POL,Wind,1,GW,5.84,0.0,0.01
10.0,2018.0,Poland,POL,Wind,1,GW,5.84,0.0,0.01
11.0,2018.0,Poland,POL,Wind,1,GW,5.84,0.0,0.01
12.0,2018.0,Poland,POL,Wind,1,GW,5.84,0.0,0.01
1.0,2019.0,Poland,POL,Wind,1,GW,5.84,0.0,0.0
2.0,2019.0,Poland,POL,Wind,1,GW,5.84,0.0,0.0
3.0,2019.0,Poland,POL,Wind,1,GW,5.84,0.0,0.0
4.0,2019.0,Poland,POL,Wind,1,GW,5.85,0.01,0.01
5.0,2019.0,Poland,POL,Wind,1,GW,5.87,0.02,0.03
6.0,2019.0,Poland,POL,Wind,1,GW,5.86,-0.01,0.02
7.0,2019.0,Poland,POL,Wind,1,GW,5.87,0.01,0.03
8.0,2019.0,Poland,POL,Wind,1,GW,5.88,0.01,0.04
9.0,2019.0,Poland,POL,Wind,1,GW,5.88,0.0,0.04
10.0,2019.0,Poland,POL,Wind,1,GW,5.89,0.01,0.05
11.0,2019.0,Poland,POL,Wind,1,GW,5.89,0.0,0.05
12.0,2019.0,Poland,POL,Wind,1,GW,5.9,0.01,0.06
1.0,2020.0,Poland,POL,Wind,1,GW,5.97,0.07,0.07
2.0,2020.0,Poland,POL,Wind,1,GW,5.9,-0.07,0.0
3.0,2020.0,Poland,POL,Wind,1,GW,5.92,0.02,0.02
4.0,2020.0,Poland,POL,Wind,1,GW,5.94,0.02,0.04
5.0,2020.0,Poland,POL,Wind,1,GW,6.03,0.09,0.13
6.0,2020.0,Poland,POL,Wind,1,GW,6.03,0.0,0.13
7.0,2020.0,Poland,POL,Wind,1,GW,6.1,0.07,0.2
8.0,2020.0,Poland,POL,Wind,1,GW,6.14,0.04,0.24
9.0,2020.0,Poland,POL,Wind,1,GW,6.15,0.01,0.25
10.0,2020.0,Poland,POL,Wind,1,GW,6.15,0.0,0.25
11.0,2020.0,Poland,POL,Wind,1,GW,6.15,0.0,0.25
12.0,2020.0,Poland,POL,Wind,1,GW,6.4,0.25,0.5
1.0,2021.0,Poland,POL,Wind,1,GW,6.45,0.05,0.05
2.0,2021.0,Poland,POL,Wind,1,GW,6.45,0.0,0.05
3.0,2021.0,Poland,POL,Wind,1,GW,6.46,0.01,0.06
4.0,2021.0,Poland,POL,Wind,1,GW,6.51,0.05,0.11
5.0,2021.0,Poland,POL,Wind,1,GW,6.51,0.0,0.11
6.0,2021.0,Poland,POL,Wind,1,GW,6.7,0.19,0.3
7.0,2021.0,Poland,POL,Wind,1,GW,6.76,0.06,0.36
8.0,2021.0,Poland,POL,Wind,1,GW,6.79,0.03,0.39
9.0,2021.0,Poland,POL,Wind,1,GW,6.83,0.04,0.43
10.0,2021.0,Poland,POL,Wind,1,GW,6.87,0.04,0.47
11.0,2021.0,Poland,POL,Wind,1,GW,7.0,0.13,0.6
12.0,2021.0,Poland,POL,Wind,1,GW,7.12,0.12,0.72
1.0,2022.0,Poland,POL,Wind,1,GW,7.12,0.0,0.0
2.0,2022.0,Poland,POL,Wind,1,GW,7.18,0.06,0.06
3.0,2022.0,Poland,POL,Wind,1,GW,7.21,0.03,0.09
4.0,2022.0,Poland,POL,Wind,1,GW,7.24,0.03,0.12
5.0,2022.0,Poland,POL,Wind,1,GW,7.28,0.04,0.16
6.0,2022.0,Poland,POL,Wind,1,GW,7.48,0.2,0.36
7.0,2022.0,Poland,POL,Wind,1,GW,7.52,0.04,0.4
8.0,2022.0,Poland,POL,Wind,1,GW,7.67,0.15,0.55
9.0,2022.0,Poland,POL,Wind,1,GW,7.71,0.04,0.59
10.0,2022.0,Poland,POL,Wind,1,GW,7.72,0.01,0.6
11.0,2022.0,Poland,POL,Wind,1,GW,7.86,0.14,0.74
12.0,2022.0,Poland,POL,Wind,1,GW,8.26,0.4,1.14
1.0,2023.0,Poland,POL,Wind,1,GW,8.32,0.06,0.06
2.0,2023.0,Poland,POL,Wind,1,GW,8.41,0.09,0.15
3.0,2023.0,Poland,POL,Wind,1,GW,8.57,0.16,0.31
4.0,2023.0,Poland,POL,Wind,1,GW,8.63,0.06,0.37
5.0,2023.0,Poland,POL,Wind,1,GW,8.76,0.13,0.5
6.0,2023.0,Poland,POL,Wind,1,GW,8.86,0.1,0.6
7.0,2023.0,Poland,POL,Wind,1,GW,8.92,0.06,0.66
8.0,2023.0,Poland,POL,Wind,1,GW,9.11,0.19,0.85
9.0,2023.0,Poland,POL,Wind,1,GW,9.14,0.03,0.88
10.0,2023.0,Poland,POL,Wind,1,GW,9.33,0.19,1.07
11.0,2023.0,Poland,POL,Wind,1,GW,9.41,0.08,1.15
12.0,2023.0,Poland,POL,Wind,1,GW,9.43,0.02,1.17
1.0,2024.0,Poland,POL,Wind,1,GW,9.42,-0.01,-0.01
2.0,2024.0,Poland,POL,Wind,1,GW,9.46,0.04,0.03
3.0,2024.0,Poland,POL,Wind,1,GW,9.45,-0.01,0.02
4.0,2024.0,Poland,POL,Wind,1,GW,9.51,0.06,0.08
5.0,2024.0,Poland,POL,Wind,1,GW,9.48,-0.03,0.05
6.0,2024.0,Poland,POL,Wind,1,GW,9.55,0.07,0.12
7.0,2024.0,Poland,POL,Wind,1,GW,9.55,0.0,0.12
8.0,2024.0,Poland,POL,Wind,1,GW,9.69,0.14,0.26
9.0,2024.0,Poland,POL,Wind,1,GW,9.79,0.1,0.36
10.0,2024.0,Poland,POL,Wind,1,GW,9.87,0.08,0.44
11.0,2024.0,Poland,POL,Wind,1,GW,10.18,0.31,0.75
12.0,2024.0,Poland,POL,Wind,1,GW,10.14,-0.04,0.71
1.0,2025.0,Poland,POL,Wind,1,GW,10.15,0.01,0.01
2.0,2025.0,Poland,POL,Wind,1,GW,10.16,0.01,0.02
3.0,2025.0,Poland,POL,Wind,1,GW,10.2,0.04,0.06
4.0,2025.0,Poland,POL,Wind,1,GW,10.2,0.0,0.06
5.0,2025.0,Poland,POL,Wind,1,GW,10.3,0.1,0.16
6.0,2025.0,Poland,POL,Wind,1,GW,10.35,0.05,0.21
1.0,2016.0,Poland,POL,Wind and solar,1,GW,5.08,0.09,0.09
2.0,2016.0,Poland,POL,Wind and solar,1,GW,5.37,0.29,0.38
3.0,2016.0,Poland,POL,Wind and solar,1,GW,5.57,0.2,0.58
4.0,2016.0,Poland,POL,Wind and solar,1,GW,5.62,0.05,0.63
5.0,2016.0,Poland,POL,Wind and solar,1,GW,5.63,0.01,0.64
6.0,2016.0,Poland,POL,Wind and solar,1,GW,5.76,0.13,0.77
7.0,2016.0,Poland,POL,Wind and solar,1,GW,5.79,0.03,0.8
8.0,2016.0,Poland,POL,Wind and solar,1,GW,5.8,0.01,0.81
9.0,2016.0,Poland,POL,Wind and solar,1,GW,5.93,0.13,0.94
10.0,2016.0,Poland,POL,Wind and solar,1,GW,5.94,0.01,0.95
11.0,2016.0,Poland,POL,Wind and solar,1,GW,5.95,0.01,0.96
12.0,2016.0,Poland,POL,Wind and solar,1,GW,5.96,0.01,0.97
1.0,2017.0,Poland,POL,Wind and solar,1,GW,5.97,0.01,0.01
2.0,2017.0,Poland,POL,Wind and solar,1,GW,5.98,0.01,0.02
3.0,2017.0,Poland,POL,Wind and solar,1,GW,5.98,0.0,0.02
4.0,2017.0,Poland,POL,Wind and solar,1,GW,5.99,0.01,0.03
5.0,2017.0,Poland,POL,Wind and solar,1,GW,6.0,0.01,0.04
6.0,2017.0,Poland,POL,Wind and solar,1,GW,6.02,0.02,0.06
7.0,2017.0,Poland,POL,Wind and solar,1,GW,6.02,0.0,0.06
8.0,2017.0,Poland,POL,Wind and solar,1,GW,6.03,0.01,0.07
9.0,2017.0,Poland,POL,Wind and solar,1,GW,6.04,0.01,0.08
10.0,2017.0,Poland,POL,Wind and solar,1,GW,6.07,0.03,0.11
11.0,2017.0,Poland,POL,Wind and solar,1,GW,6.07,0.0,0.11
12.0,2017.0,Poland,POL,Wind and solar,1,GW,6.1,0.03,0.14
1.0,2018.0,Poland,POL,Wind and solar,1,GW,6.13,0.03,0.03
2.0,2018.0,Poland,POL,Wind and solar,1,GW,6.13,0.0,0.03
3.0,2018.0,Poland,POL,Wind and solar,1,GW,6.16,0.03,0.06
4.0,2018.0,Poland,POL,Wind and solar,1,GW,6.17,0.01,0.07
5.0,2018.0,Poland,POL,Wind and solar,1,GW,6.18,0.01,0.08
6.0,2018.0,Poland,POL,Wind and solar,1,GW,6.21,0.03,0.11
7.0,2018.0,Poland,POL,Wind and solar,1,GW,6.22,0.01,0.12
8.0,2018.0,Poland,POL,Wind and solar,1,GW,6.25,0.03,0.15
9.0,2018.0,Poland,POL,Wind and solar,1,GW,6.28,0.03,0.18
10.0,2018.0,Poland,POL,Wind and solar,1,GW,6.29,0.01,0.19
11.0,2018.0,Poland,POL,Wind and solar,1,GW,6.35,0.06,0.25
12.0,2018.0,Poland,POL,Wind and solar,1,GW,6.4,0.05,0.3
1.0,2019.0,Poland,POL,Wind and solar,1,GW,6.45,0.05,0.05
2.0,2019.0,Poland,POL,Wind and solar,1,GW,6.46,0.01,0.06
3.0,2019.0,Poland,POL,Wind and solar,1,GW,6.54,0.08,0.14
4.0,2019.0,Poland,POL,Wind and solar,1,GW,6.58,0.04,0.18
5.0,2019.0,Poland,POL,Wind and solar,1,GW,6.68,0.1,0.28
6.0,2019.0,Poland,POL,Wind and solar,1,GW,6.79,0.11,0.39
7.0,2019.0,Poland,POL,Wind and solar,1,GW,6.87,0.08,0.47
8.0,2019.0,Poland,POL,Wind and solar,1,GW,6.92,0.05,0.52
9.0,2019.0,Poland,POL,Wind and solar,1,GW,7.01,0.09,0.61
10.0,2019.0,Poland,POL,Wind and solar,1,GW,7.11,0.1,0.71
11.0,2019.0,Poland,POL,Wind and solar,1,GW,7.24,0.13,0.84
12.0,2019.0,Poland,POL,Wind and solar,1,GW,7.42,0.18,1.02
1.0,2020.0,Poland,POL,Wind and solar,1,GW,7.54,0.12,0.12
2.0,2020.0,Poland,POL,Wind and solar,1,GW,7.67,0.13,0.25
3.0,2020.0,Poland,POL,Wind and solar,1,GW,7.82,0.15,0.4
4.0,2020.0,Poland,POL,Wind and solar,1,GW,8.0,0.18,0.58
5.0,2020.0,Poland,POL,Wind and solar,1,GW,8.29,0.29,0.87
6.0,2020.0,Poland,POL,Wind and solar,1,GW,8.48,0.19,1.06
7.0,2020.0,Poland,POL,Wind and solar,1,GW,8.75,0.27,1.33
8.0,2020.0,Poland,POL,Wind and solar,1,GW,9.03,0.28,1.61
9.0,2020.0,Poland,POL,Wind and solar,1,GW,9.29,0.26,1.87
10.0,2020.0,Poland,POL,Wind and solar,1,GW,9.58,0.29,2.16
11.0,2020.0,Poland,POL,Wind and solar,1,GW,9.86,0.28,2.44
12.0,2020.0,Poland,POL,Wind and solar,1,GW,10.36,0.5,2.94
1.0,2021.0,Poland,POL,Wind and solar,1,GW,10.56,0.2,0.2
2.0,2021.0,Poland,POL,Wind and solar,1,GW,10.69,0.13,0.33
3.0,2021.0,Poland,POL,Wind and solar,1,GW,10.94,0.25,0.58
4.0,2021.0,Poland,POL,Wind and solar,1,GW,11.25,0.31,0.89
5.0,2021.0,Poland,POL,Wind and solar,1,GW,11.48,0.23,1.12
6.0,2021.0,Poland,POL,Wind and solar,1,GW,12.05,0.57,1.69
7.0,2021.0,Poland,POL,Wind and solar,1,GW,12.38,0.33,2.02
8.0,2021.0,Poland,POL,Wind and solar,1,GW,12.76,0.38,2.4
9.0,2021.0,Poland,POL,Wind and solar,1,GW,13.13,0.37,2.77
10.0,2021.0,Poland,POL,Wind and solar,1,GW,13.56,0.43,3.2
11.0,2021.0,Poland,POL,Wind and solar,1,GW,14.12,0.56,3.76
12.0,2021.0,Poland,POL,Wind and solar,1,GW,14.79,0.67,4.43
1.0,2022.0,Poland,POL,Wind and solar,1,GW,15.26,0.47,0.47
2.0,2022.0,Poland,POL,Wind and solar,1,GW,15.95,0.69,1.16
3.0,2022.0,Poland,POL,Wind and solar,1,GW,16.61,0.66,1.82
4.0,2022.0,Poland,POL,Wind and solar,1,GW,17.24,0.63,2.45
5.0,2022.0,Poland,POL,Wind and solar,1,GW,17.5,0.26,2.71
6.0,2022.0,Poland,POL,Wind and solar,1,GW,17.85,0.35,3.06
7.0,2022.0,Poland,POL,Wind and solar,1,GW,18.11,0.26,3.32
8.0,2022.0,Poland,POL,Wind and solar,1,GW,18.7,0.59,3.91
9.0,2022.0,Poland,POL,Wind and solar,1,GW,18.77,0.07,3.98
10.0,2022.0,Poland,POL,Wind and solar,1,GW,19.2,0.43,4.41
11.0,2022.0,Poland,POL,Wind and solar,1,GW,19.79,0.59,5.0
12.0,2022.0,Poland,POL,Wind and solar,1,GW,20.44,0.65,5.65
1.0,2023.0,Poland,POL,Wind and solar,1,GW,20.83,0.39,0.39
2.0,2023.0,Poland,POL,Wind and solar,1,GW,21.15,0.32,0.71
3.0,2023.0,Poland,POL,Wind and solar,1,GW,21.59,0.44,1.15
4.0,2023.0,Poland,POL,Wind and solar,1,GW,22.11,0.52,1.67
5.0,2023.0,Poland,POL,Wind and solar,1,GW,22.69,0.58,2.25
6.0,2023.0,Poland,POL,Wind and solar,1,GW,23.13,0.44,2.69
7.0,2023.0,Poland,POL,Wind and solar,1,GW,23.59,0.46,3.15
8.0,2023.0,Poland,POL,Wind and solar,1,GW,24.1,0.51,3.66
9.0,2023.0,Poland,POL,Wind and solar,1,GW,24.76,0.66,4.32
10.0,2023.0,Poland,POL,Wind and solar,1,GW,25.49,0.73,5.05
11.0,2023.0,Poland,POL,Wind and solar,1,GW,25.95,0.46,5.51
12.0,2023.0,Poland,POL,Wind and solar,1,GW,26.49,0.54,6.05
1.0,2024.0,Poland,POL,Wind and solar,1,GW,26.5,0.01,0.01
2.0,2024.0,Poland,POL,Wind and solar,1,GW,26.68,0.18,0.19
3.0,2024.0,Poland,POL,Wind and solar,1,GW,27.05,0.37,0.56
4.0,2024.0,Poland,POL,Wind and solar,1,GW,27.38,0.33,0.89
5.0,2024.0,Poland,POL,Wind and solar,1,GW,27.58,0.2,1.09
6.0,2024.0,Poland,POL,Wind and solar,1,GW,28.13,0.55,1.64
7.0,2024.0,Poland,POL,Wind and solar,1,GW,28.59,0.46,2.1
8.0,2024.0,Poland,POL,Wind and solar,1,GW,29.25,0.66,2.76
9.0,2024.0,Poland,POL,Wind and solar,1,GW,29.68,0.43,3.19
10.0,2024.0,Poland,POL,Wind and solar,1,GW,30.43,0.75,3.94
11.0,2024.0,Poland,POL,Wind and solar,1,GW,30.86,0.43,4.37
12.0,2024.0,Poland,POL,Wind and solar,1,GW,31.3,0.44,4.81
1.0,2025.0,Poland,POL,Wind and solar,1,GW,31.61,0.31,0.31
2.0,2025.0,Poland,POL,Wind and solar,1,GW,31.95,0.34,0.65
3.0,2025.0,Poland,POL,Wind and solar,1,GW,32.26,0.31,0.96
4.0,2025.0,Poland,POL,Wind and solar,1,GW,32.48,0.22,1.18
5.0,2025.0,Poland,POL,Wind and solar,1,GW,32.94,0.46,1.64
6.0,2025.0,Poland,POL,Wind and solar,1,GW,33.32,0.38,2.02
1.0,2016.0,Portugal,PRT,Solar,0,GWAC,0.44,0.0,0.0
2.0,2016.0,Portugal,PRT,Solar,0,GWAC,0.47,0.03,0.03
3.0,2016.0,Portugal,PRT,Solar,0,GWAC,0.45,-0.02,0.01
4.0,2016.0,Portugal,PRT,Solar,0,GWAC,0.45,0.0,0.01
5.0,2016.0,Portugal,PRT,Solar,0,GWAC,0.45,0.0,0.01
6.0,2016.0,Portugal,PRT,Solar,0,GWAC,0.45,0.0,0.01
7.0,2016.0,Portugal,PRT,Solar,0,GWAC,0.46,0.01,0.02
8.0,2016.0,Portugal,PRT,Solar,0,GWAC,0.46,0.0,0.02
9.0,2016.0,Portugal,PRT,Solar,0,GWAC,0.46,0.0,0.02
10.0,2016.0,Portugal,PRT,Solar,0,GWAC,0.47,0.01,0.03
11.0,2016.0,Portugal,PRT,Solar,0,GWAC,0.47,0.0,0.03
12.0,2016.0,Portugal,PRT,Solar,0,GWAC,0.47,0.0,0.03
1.0,2017.0,Portugal,PRT,Solar,0,GWAC,0.47,0.0,0.0
2.0,2017.0,Portugal,PRT,Solar,0,GWAC,0.47,0.0,0.0
3.0,2017.0,Portugal,PRT,Solar,0,GWAC,0.48,0.01,0.01
4.0,2017.0,Portugal,PRT,Solar,0,GWAC,0.48,0.0,0.01
5.0,2017.0,Portugal,PRT,Solar,0,GWAC,0.49,0.01,0.02
6.0,2017.0,Portugal,PRT,Solar,0,GWAC,0.49,0.0,0.02
7.0,2017.0,Portugal,PRT,Solar,0,GWAC,0.49,0.0,0.02
8.0,2017.0,Portugal,PRT,Solar,0,GWAC,0.49,0.0,0.02
9.0,2017.0,Portugal,PRT,Solar,0,GWAC,0.5,0.01,0.03
10.0,2017.0,Portugal,PRT,Solar,0,GWAC,0.5,0.0,0.03
11.0,2017.0,Portugal,PRT,Solar,0,GWAC,0.51,0.01,0.04
12.0,2017.0,Portugal,PRT,Solar,0,GWAC,0.51,0.0,0.04
1.0,2018.0,Portugal,PRT,Solar,0,GWAC,0.51,0.0,0.0
2.0,2018.0,Portugal,PRT,Solar,0,GWAC,0.51,0.0,0.0
3.0,2018.0,Portugal,PRT,Solar,0,GWAC,0.52,0.01,0.01
4.0,2018.0,Portugal,PRT,Solar,0,GWAC,0.52,0.0,0.01
5.0,2018.0,Portugal,PRT,Solar,0,GWAC,0.52,0.0,0.01
6.0,2018.0,Portugal,PRT,Solar,0,GWAC,0.57,0.05,0.06
7.0,2018.0,Portugal,PRT,Solar,0,GWAC,0.57,0.0,0.06
8.0,2018.0,Portugal,PRT,Solar,0,GWAC,0.57,0.0,0.06
9.0,2018.0,Portugal,PRT,Solar,0,GWAC,0.58,0.01,0.07
10.0,2018.0,Portugal,PRT,Solar,0,GWAC,0.58,0.0,0.07
11.0,2018.0,Portugal,PRT,Solar,0,GWAC,0.58,0.0,0.07
12.0,2018.0,Portugal,PRT,Solar,0,GWAC,0.59,0.01,0.08
1.0,2019.0,Portugal,PRT,Solar,0,GWAC,0.61,0.02,0.02
2.0,2019.0,Portugal,PRT,Solar,0,GWAC,0.61,0.0,0.02
3.0,2019.0,Portugal,PRT,Solar,0,GWAC,0.61,0.0,0.02
4.0,2019.0,Portugal,PRT,Solar,0,GWAC,0.64,0.03,0.05
5.0,2019.0,Portugal,PRT,Solar,0,GWAC,0.64,0.0,0.05
6.0,2019.0,Portugal,PRT,Solar,0,GWAC,0.67,0.03,0.08
7.0,2019.0,Portugal,PRT,Solar,0,GWAC,0.68,0.01,0.09
8.0,2019.0,Portugal,PRT,Solar,0,GWAC,0.71,0.03,0.12
9.0,2019.0,Portugal,PRT,Solar,0,GWAC,0.71,0.0,0.12
10.0,2019.0,Portugal,PRT,Solar,0,GWAC,0.71,0.0,0.12
11.0,2019.0,Portugal,PRT,Solar,0,GWAC,0.72,0.01,0.13
12.0,2019.0,Portugal,PRT,Solar,0,GWAC,0.76,0.04,0.17
1.0,2020.0,Portugal,PRT,Solar,0,GWAC,0.78,0.02,0.02
2.0,2020.0,Portugal,PRT,Solar,0,GWAC,0.78,0.0,0.02
3.0,2020.0,Portugal,PRT,Solar,0,GWAC,0.78,0.0,0.02
4.0,2020.0,Portugal,PRT,Solar,0,GWAC,0.78,0.0,0.02
5.0,2020.0,Portugal,PRT,Solar,0,GWAC,0.8,0.02,0.04
6.0,2020.0,Portugal,PRT,Solar,0,GWAC,0.8,0.0,0.04
7.0,2020.0,Portugal,PRT,Solar,0,GWAC,0.84,0.04,0.08
8.0,2020.0,Portugal,PRT,Solar,0,GWAC,0.86,0.02,0.1
9.0,2020.0,Portugal,PRT,Solar,0,GWAC,0.86,0.0,0.1
10.0,2020.0,Portugal,PRT,Solar,0,GWAC,0.9,0.04,0.14
11.0,2020.0,Portugal,PRT,Solar,0,GWAC,0.9,0.0,0.14
12.0,2020.0,Portugal,PRT,Solar,0,GWAC,0.9,0.0,0.14
1.0,2021.0,Portugal,PRT,Solar,0,GWAC,0.94,0.04,0.04
2.0,2021.0,Portugal,PRT,Solar,0,GWAC,0.95,0.01,0.05
3.0,2021.0,Portugal,PRT,Solar,0,GWAC,0.95,0.0,0.05
4.0,2021.0,Portugal,PRT,Solar,0,GWAC,0.96,0.01,0.06
5.0,2021.0,Portugal,PRT,Solar,0,GWAC,0.98,0.02,0.08
6.0,2021.0,Portugal,PRT,Solar,0,GWAC,1.08,0.1,0.18
7.0,2021.0,Portugal,PRT,Solar,0,GWAC,1.15,0.07,0.25
8.0,2021.0,Portugal,PRT,Solar,0,GWAC,1.15,0.0,0.25
9.0,2021.0,Portugal,PRT,Solar,0,GWAC,1.16,0.01,0.26
10.0,2021.0,Portugal,PRT,Solar,0,GWAC,1.16,0.0,0.26
11.0,2021.0,Portugal,PRT,Solar,0,GWAC,1.21,0.05,0.31
12.0,2021.0,Portugal,PRT,Solar,0,GWAC,1.43,0.22,0.53
1.0,2022.0,Portugal,PRT,Solar,0,GWAC,1.47,0.04,0.04
2.0,2022.0,Portugal,PRT,Solar,0,GWAC,1.53,0.06,0.1
3.0,2022.0,Portugal,PRT,Solar,0,GWAC,1.53,0.0,0.1
4.0,2022.0,Portugal,PRT,Solar,0,GWAC,1.56,0.03,0.13
5.0,2022.0,Portugal,PRT,Solar,0,GWAC,1.56,0.0,0.13
6.0,2022.0,Portugal,PRT,Solar,0,GWAC,1.58,0.02,0.15
7.0,2022.0,Portugal,PRT,Solar,0,GWAC,1.71,0.13,0.28
8.0,2022.0,Portugal,PRT,Solar,0,GWAC,1.77,0.06,0.34
9.0,2022.0,Portugal,PRT,Solar,0,GWAC,1.84,0.07,0.41
10.0,2022.0,Portugal,PRT,Solar,0,GWAC,1.86,0.02,0.43
11.0,2022.0,Portugal,PRT,Solar,0,GWAC,1.91,0.05,0.48
12.0,2022.0,Portugal,PRT,Solar,0,GWAC,1.97,0.06,0.54
1.0,2023.0,Portugal,PRT,Solar,0,GWAC,2.0,0.03,0.03
2.0,2023.0,Portugal,PRT,Solar,0,GWAC,2.01,0.01,0.04
3.0,2023.0,Portugal,PRT,Solar,0,GWAC,2.05,0.04,0.08
4.0,2023.0,Portugal,PRT,Solar,0,GWAC,2.06,0.01,0.09
5.0,2023.0,Portugal,PRT,Solar,0,GWAC,2.08,0.02,0.11
6.0,2023.0,Portugal,PRT,Solar,0,GWAC,2.29,0.21,0.32
7.0,2023.0,Portugal,PRT,Solar,0,GWAC,2.39,0.1,0.42
8.0,2023.0,Portugal,PRT,Solar,0,GWAC,2.46,0.07,0.49
9.0,2023.0,Portugal,PRT,Solar,0,GWAC,2.58,0.12,0.61
10.0,2023.0,Portugal,PRT,Solar,0,GWAC,2.73,0.15,0.76
11.0,2023.0,Portugal,PRT,Solar,0,GWAC,2.86,0.13,0.89
12.0,2023.0,Portugal,PRT,Solar,0,GWAC,2.99,0.13,1.02
1.0,2024.0,Portugal,PRT,Solar,0,GWAC,3.15,0.16,0.16
2.0,2024.0,Portugal,PRT,Solar,0,GWAC,3.2,0.05,0.21
3.0,2024.0,Portugal,PRT,Solar,0,GWAC,3.29,0.09,0.3
4.0,2024.0,Portugal,PRT,Solar,0,GWAC,3.42,0.13,0.43
5.0,2024.0,Portugal,PRT,Solar,0,GWAC,3.53,0.11,0.54
6.0,2024.0,Portugal,PRT,Solar,0,GWAC,3.58,0.05,0.59
7.0,2024.0,Portugal,PRT,Solar,0,GWAC,3.75,0.17,0.76
8.0,2024.0,Portugal,PRT,Solar,0,GWAC,3.8,0.05,0.81
9.0,2024.0,Portugal,PRT,Solar,0,GWAC,3.85,0.05,0.86
10.0,2024.0,Portugal,PRT,Solar,0,GWAC,4.01,0.16,1.02
11.0,2024.0,Portugal,PRT,Solar,0,GWAC,4.03,0.02,1.04
12.0,2024.0,Portugal,PRT,Solar,0,GWAC,4.36,0.33,1.37
1.0,2025.0,Portugal,PRT,Solar,0,GWAC,4.42,0.06,0.06
2.0,2025.0,Portugal,PRT,Solar,0,GWAC,4.52,0.1,0.16
3.0,2025.0,Portugal,PRT,Solar,0,GWAC,4.58,0.06,0.22
4.0,2025.0,Portugal,PRT,Solar,0,GWAC,4.61,0.03,0.25
5.0,2025.0,Portugal,PRT,Solar,0,GWAC,4.75,0.14,0.39
6.0,2025.0,Portugal,PRT,Solar,0,GWAC,4.77,0.02,0.41
7.0,2025.0,Portugal,PRT,Solar,0,GWAC,4.85,0.08,0.49
8.0,2025.0,Portugal,PRT,Solar,0,GWAC,4.91,0.06,0.55
1.0,2016.0,Portugal,PRT,Solar,0,GWDC,0.57,0.0,0.0
2.0,2016.0,Portugal,PRT,Solar,0,GWDC,0.61,0.04,0.04
3.0,2016.0,Portugal,PRT,Solar,0,GWDC,0.58,-0.03,0.01
4.0,2016.0,Portugal,PRT,Solar,0,GWDC,0.58,0.0,0.01
5.0,2016.0,Portugal,PRT,Solar,0,GWDC,0.58,0.0,0.01
6.0,2016.0,Portugal,PRT,Solar,0,GWDC,0.59,0.01,0.02
7.0,2016.0,Portugal,PRT,Solar,0,GWDC,0.59,0.0,0.02
8.0,2016.0,Portugal,PRT,Solar,0,GWDC,0.6,0.01,0.03
9.0,2016.0,Portugal,PRT,Solar,0,GWDC,0.6,0.0,0.03
10.0,2016.0,Portugal,PRT,Solar,0,GWDC,0.61,0.01,0.04
11.0,2016.0,Portugal,PRT,Solar,0,GWDC,0.61,0.0,0.04
12.0,2016.0,Portugal,PRT,Solar,0,GWDC,0.61,0.0,0.04
1.0,2017.0,Portugal,PRT,Solar,0,GWDC,0.61,0.0,0.0
2.0,2017.0,Portugal,PRT,Solar,0,GWDC,0.62,0.01,0.01
3.0,2017.0,Portugal,PRT,Solar,0,GWDC,0.62,0.0,0.01
4.0,2017.0,Portugal,PRT,Solar,0,GWDC,0.62,0.0,0.01
5.0,2017.0,Portugal,PRT,Solar,0,GWDC,0.63,0.01,0.02
6.0,2017.0,Portugal,PRT,Solar,0,GWDC,0.64,0.01,0.03
7.0,2017.0,Portugal,PRT,Solar,0,GWDC,0.64,0.0,0.03
8.0,2017.0,Portugal,PRT,Solar,0,GWDC,0.64,0.0,0.03
9.0,2017.0,Portugal,PRT,Solar,0,GWDC,0.64,0.0,0.03
10.0,2017.0,Portugal,PRT,Solar,0,GWDC,0.65,0.01,0.04
11.0,2017.0,Portugal,PRT,Solar,0,GWDC,0.66,0.01,0.05
12.0,2017.0,Portugal,PRT,Solar,0,GWDC,0.66,0.0,0.05
1.0,2018.0,Portugal,PRT,Solar,0,GWDC,0.66,0.0,0.0
2.0,2018.0,Portugal,PRT,Solar,0,GWDC,0.66,0.0,0.0
3.0,2018.0,Portugal,PRT,Solar,0,GWDC,0.68,0.02,0.02
4.0,2018.0,Portugal,PRT,Solar,0,GWDC,0.68,0.0,0.02
5.0,2018.0,Portugal,PRT,Solar,0,GWDC,0.68,0.0,0.02
6.0,2018.0,Portugal,PRT,Solar,0,GWDC,0.74,0.06,0.08
7.0,2018.0,Portugal,PRT,Solar,0,GWDC,0.74,0.0,0.08
8.0,2018.0,Portugal,PRT,Solar,0,GWDC,0.74,0.0,0.08
9.0,2018.0,Portugal,PRT,Solar,0,GWDC,0.75,0.01,0.09
10.0,2018.0,Portugal,PRT,Solar,0,GWDC,0.75,0.0,0.09
11.0,2018.0,Portugal,PRT,Solar,0,GWDC,0.76,0.01,0.1
12.0,2018.0,Portugal,PRT,Solar,0,GWDC,0.77,0.01,0.11
1.0,2019.0,Portugal,PRT,Solar,0,GWDC,0.79,0.02,0.02
2.0,2019.0,Portugal,PRT,Solar,0,GWDC,0.79,0.0,0.02
3.0,2019.0,Portugal,PRT,Solar,0,GWDC,0.8,0.01,0.03
4.0,2019.0,Portugal,PRT,Solar,0,GWDC,0.83,0.03,0.06
5.0,2019.0,Portugal,PRT,Solar,0,GWDC,0.84,0.01,0.07
6.0,2019.0,Portugal,PRT,Solar,0,GWDC,0.87,0.03,0.1
7.0,2019.0,Portugal,PRT,Solar,0,GWDC,0.88,0.01,0.11
8.0,2019.0,Portugal,PRT,Solar,0,GWDC,0.92,0.04,0.15
9.0,2019.0,Portugal,PRT,Solar,0,GWDC,0.92,0.0,0.15
10.0,2019.0,Portugal,PRT,Solar,0,GWDC,0.93,0.01,0.16
11.0,2019.0,Portugal,PRT,Solar,0,GWDC,0.93,0.0,0.16
12.0,2019.0,Portugal,PRT,Solar,0,GWDC,0.99,0.06,0.22
1.0,2020.0,Portugal,PRT,Solar,0,GWDC,1.01,0.02,0.02
2.0,2020.0,Portugal,PRT,Solar,0,GWDC,1.01,0.0,0.02
3.0,2020.0,Portugal,PRT,Solar,0,GWDC,1.02,0.01,0.03
4.0,2020.0,Portugal,PRT,Solar,0,GWDC,1.02,0.0,0.03
5.0,2020.0,Portugal,PRT,Solar,0,GWDC,1.04,0.02,0.05
6.0,2020.0,Portugal,PRT,Solar,0,GWDC,1.04,0.0,0.05
7.0,2020.0,Portugal,PRT,Solar,0,GWDC,1.1,0.06,0.11
8.0,2020.0,Portugal,PRT,Solar,0,GWDC,1.11,0.01,0.12
9.0,2020.0,Portugal,PRT,Solar,0,GWDC,1.12,0.01,0.13
10.0,2020.0,Portugal,PRT,Solar,0,GWDC,1.17,0.05,0.18
11.0,2020.0,Portugal,PRT,Solar,0,GWDC,1.17,0.0,0.18
12.0,2020.0,Portugal,PRT,Solar,0,GWDC,1.17,0.0,0.18
1.0,2021.0,Portugal,PRT,Solar,0,GWDC,1.22,0.05,0.05
2.0,2021.0,Portugal,PRT,Solar,0,GWDC,1.23,0.01,0.06
3.0,2021.0,Portugal,PRT,Solar,0,GWDC,1.24,0.01,0.07
4.0,2021.0,Portugal,PRT,Solar,0,GWDC,1.24,0.0,0.07
5.0,2021.0,Portugal,PRT,Solar,0,GWDC,1.27,0.03,0.1
6.0,2021.0,Portugal,PRT,Solar,0,GWDC,1.4,0.13,0.23
7.0,2021.0,Portugal,PRT,Solar,0,GWDC,1.49,0.09,0.32
8.0,2021.0,Portugal,PRT,Solar,0,GWDC,1.5,0.01,0.33
9.0,2021.0,Portugal,PRT,Solar,0,GWDC,1.5,0.0,0.33
10.0,2021.0,Portugal,PRT,Solar,0,GWDC,1.51,0.01,0.34
11.0,2021.0,Portugal,PRT,Solar,0,GWDC,1.57,0.06,0.4
12.0,2021.0,Portugal,PRT,Solar,0,GWDC,1.86,0.29,0.69
1.0,2022.0,Portugal,PRT,Solar,0,GWDC,1.92,0.06,0.06
2.0,2022.0,Portugal,PRT,Solar,0,GWDC,1.99,0.07,0.13
3.0,2022.0,Portugal,PRT,Solar,0,GWDC,1.99,0.0,0.13
4.0,2022.0,Portugal,PRT,Solar,0,GWDC,2.03,0.04,0.17
5.0,2022.0,Portugal,PRT,Solar,0,GWDC,2.03,0.0,0.17
6.0,2022.0,Portugal,PRT,Solar,0,GWDC,2.05,0.02,0.19
7.0,2022.0,Portugal,PRT,Solar,0,GWDC,2.22,0.17,0.36
8.0,2022.0,Portugal,PRT,Solar,0,GWDC,2.3,0.08,0.44
9.0,2022.0,Portugal,PRT,Solar,0,GWDC,2.39,0.09,0.53
10.0,2022.0,Portugal,PRT,Solar,0,GWDC,2.42,0.03,0.56
11.0,2022.0,Portugal,PRT,Solar,0,GWDC,2.48,0.06,0.62
12.0,2022.0,Portugal,PRT,Solar,0,GWDC,2.56,0.08,0.7
1.0,2023.0,Portugal,PRT,Solar,0,GWDC,2.6,0.04,0.04
2.0,2023.0,Portugal,PRT,Solar,0,GWDC,2.61,0.01,0.05
3.0,2023.0,Portugal,PRT,Solar,0,GWDC,2.66,0.05,0.1
4.0,2023.0,Portugal,PRT,Solar,0,GWDC,2.68,0.02,0.12
5.0,2023.0,Portugal,PRT,Solar,0,GWDC,2.7,0.02,0.14
6.0,2023.0,Portugal,PRT,Solar,0,GWDC,2.98,0.28,0.42
7.0,2023.0,Portugal,PRT,Solar,0,GWDC,3.11,0.13,0.55
8.0,2023.0,Portugal,PRT,Solar,0,GWDC,3.19,0.08,0.63
9.0,2023.0,Portugal,PRT,Solar,0,GWDC,3.35,0.16,0.79
10.0,2023.0,Portugal,PRT,Solar,0,GWDC,3.55,0.2,0.99
11.0,2023.0,Portugal,PRT,Solar,0,GWDC,3.71,0.16,1.15
12.0,2023.0,Portugal,PRT,Solar,0,GWDC,3.89,0.18,1.33
1.0,2024.0,Portugal,PRT,Solar,0,GWDC,4.1,0.21,0.21
2.0,2024.0,Portugal,PRT,Solar,0,GWDC,4.16,0.06,0.27
3.0,2024.0,Portugal,PRT,Solar,0,GWDC,4.28,0.12,0.39
4.0,2024.0,Portugal,PRT,Solar,0,GWDC,4.45,0.17,0.56
5.0,2024.0,Portugal,PRT,Solar,0,GWDC,4.59,0.14,0.7
6.0,2024.0,Portugal,PRT,Solar,0,GWDC,4.65,0.06,0.76
7.0,2024.0,Portugal,PRT,Solar,0,GWDC,4.88,0.23,0.99
8.0,2024.0,Portugal,PRT,Solar,0,GWDC,4.93,0.05,1.04
9.0,2024.0,Portugal,PRT,Solar,0,GWDC,5.0,0.07,1.11
10.0,2024.0,Portugal,PRT,Solar,0,GWDC,5.21,0.21,1.32
11.0,2024.0,Portugal,PRT,Solar,0,GWDC,5.24,0.03,1.35
12.0,2024.0,Portugal,PRT,Solar,0,GWDC,5.67,0.43,1.78
1.0,2025.0,Portugal,PRT,Solar,0,GWDC,5.74,0.07,0.07
2.0,2025.0,Portugal,PRT,Solar,0,GWDC,5.87,0.13,0.2
3.0,2025.0,Portugal,PRT,Solar,0,GWDC,5.96,0.09,0.29
4.0,2025.0,Portugal,PRT,Solar,0,GWDC,5.99,0.03,0.32
5.0,2025.0,Portugal,PRT,Solar,0,GWDC,6.18,0.19,0.51
6.0,2025.0,Portugal,PRT,Solar,0,GWDC,6.2,0.02,0.53
7.0,2025.0,Portugal,PRT,Solar,0,GWDC,6.3,0.1,0.63
8.0,2025.0,Portugal,PRT,Solar,0,GWDC,6.39,0.09,0.72
1.0,2016.0,Portugal,PRT,Wind offshore,0,GW,0.0,0.0,0.0
2.0,2016.0,Portugal,PRT,Wind offshore,0,GW,0.0,0.0,0.0
3.0,2016.0,Portugal,PRT,Wind offshore,0,GW,0.0,0.0,0.0
4.0,2016.0,Portugal,PRT,Wind offshore,0,GW,0.0,0.0,0.0
5.0,2016.0,Portugal,PRT,Wind offshore,0,GW,0.0,0.0,0.0
6.0,2016.0,Portugal,PRT,Wind offshore,0,GW,0.0,0.0,0.0
7.0,2016.0,Portugal,PRT,Wind offshore,0,GW,0.0,0.0,0.0
8.0,2016.0,Portugal,PRT,Wind offshore,0,GW,0.0,0.0,0.0
9.0,2016.0,Portugal,PRT,Wind offshore,0,GW,0.0,0.0,0.0
10.0,2016.0,Portugal,PRT,Wind offshore,0,GW,0.0,0.0,0.0
11.0,2016.0,Portugal,PRT,Wind offshore,0,GW,0.0,0.0,0.0
12.0,2016.0,Portugal,PRT,Wind offshore,0,GW,0.0,0.0,0.0
1.0,2017.0,Portugal,PRT,Wind offshore,0,GW,0.0,0.0,0.0
2.0,2017.0,Portugal,PRT,Wind offshore,0,GW,0.0,0.0,0.0
3.0,2017.0,Portugal,PRT,Wind offshore,0,GW,0.0,0.0,0.0
4.0,2017.0,Portugal,PRT,Wind offshore,0,GW,0.0,0.0,0.0
5.0,2017.0,Portugal,PRT,Wind offshore,0,GW,0.0,0.0,0.0
6.0,2017.0,Portugal,PRT,Wind offshore,0,GW,0.0,0.0,0.0
7.0,2017.0,Portugal,PRT,Wind offshore,0,GW,0.0,0.0,0.0
8.0,2017.0,Portugal,PRT,Wind offshore,0,GW,0.0,0.0,0.0
9.0,2017.0,Portugal,PRT,Wind offshore,0,GW,0.0,0.0,0.0
10.0,2017.0,Portugal,PRT,Wind offshore,0,GW,0.0,0.0,0.0
11.0,2017.0,Portugal,PRT,Wind offshore,0,GW,0.0,0.0,0.0
12.0,2017.0,Portugal,PRT,Wind offshore,0,GW,0.0,0.0,0.0
1.0,2018.0,Portugal,PRT,Wind offshore,0,GW,0.0,0.0,0.0
2.0,2018.0,Portugal,PRT,Wind offshore,0,GW,0.0,0.0,0.0
3.0,2018.0,Portugal,PRT,Wind offshore,0,GW,0.0,0.0,0.0
4.0,2018.0,Portugal,PRT,Wind offshore,0,GW,0.0,0.0,0.0
5.0,2018.0,Portugal,PRT,Wind offshore,0,GW,0.0,0.0,0.0
6.0,2018.0,Portugal,PRT,Wind offshore,0,GW,0.0,0.0,0.0
7.0,2018.0,Portugal,PRT,Wind offshore,0,GW,0.0,0.0,0.0
8.0,2018.0,Portugal,PRT,Wind offshore,0,GW,0.0,0.0,0.0
9.0,2018.0,Portugal,PRT,Wind offshore,0,GW,0.0,0.0,0.0
10.0,2018.0,Portugal,PRT,Wind offshore,0,GW,0.0,0.0,0.0
11.0,2018.0,Portugal,PRT,Wind offshore,0,GW,0.0,0.0,0.0
12.0,2018.0,Portugal,PRT,Wind offshore,0,GW,0.0,0.0,0.0
1.0,2019.0,Portugal,PRT,Wind offshore,0,GW,0.0,0.0,0.0
2.0,2019.0,Portugal,PRT,Wind offshore,0,GW,0.0,0.0,0.0
3.0,2019.0,Portugal,PRT,Wind offshore,0,GW,0.0,0.0,0.0
4.0,2019.0,Portugal,PRT,Wind offshore,0,GW,0.0,0.0,0.0
5.0,2019.0,Portugal,PRT,Wind offshore,0,GW,0.0,0.0,0.0
6.0,2019.0,Portugal,PRT,Wind offshore,0,GW,0.0,0.0,0.0
7.0,2019.0,Portugal,PRT,Wind offshore,0,GW,0.0,0.0,0.0
8.0,2019.0,Portugal,PRT,Wind offshore,0,GW,0.0,0.0,0.0
9.0,2019.0,Portugal,PRT,Wind offshore,0,GW,0.0,0.0,0.0
10.0,2019.0,Portugal,PRT,Wind offshore,0,GW,0.0,0.0,0.0
11.0,2019.0,Portugal,PRT,Wind offshore,0,GW,0.0,0.0,0.0
12.0,2019.0,Portugal,PRT,Wind offshore,0,GW,0.0,0.0,0.0
1.0,2020.0,Portugal,PRT,Wind offshore,0,GW,0.0,0.0,0.0
2.0,2020.0,Portugal,PRT,Wind offshore,0,GW,0.0,0.0,0.0
3.0,2020.0,Portugal,PRT,Wind offshore,0,GW,0.0,0.0,0.0
4.0,2020.0,Portugal,PRT,Wind offshore,0,GW,0.0,0.0,0.0
5.0,2020.0,Portugal,PRT,Wind offshore,0,GW,0.0,0.0,0.0
6.0,2020.0,Portugal,PRT,Wind offshore,0,GW,0.0,0.0,0.0
7.0,2020.0,Portugal,PRT,Wind offshore,0,GW,0.0,0.0,0.0
8.0,2020.0,Portugal,PRT,Wind offshore,0,GW,0.0,0.0,0.0
9.0,2020.0,Portugal,PRT,Wind offshore,0,GW,0.0,0.0,0.0
10.0,2020.0,Portugal,PRT,Wind offshore,0,GW,0.0,0.0,0.0
11.0,2020.0,Portugal,PRT,Wind offshore,0,GW,0.0,0.0,0.0
12.0,2020.0,Portugal,PRT,Wind offshore,0,GW,0.0,0.0,0.0
1.0,2021.0,Portugal,PRT,Wind offshore,0,GW,0.0,0.0,0.0
2.0,2021.0,Portugal,PRT,Wind offshore,0,GW,0.0,0.0,0.0
3.0,2021.0,Portugal,PRT,Wind offshore,0,GW,0.0,0.0,0.0
4.0,2021.0,Portugal,PRT,Wind offshore,0,GW,0.0,0.0,0.0
5.0,2021.0,Portugal,PRT,Wind offshore,0,GW,0.0,0.0,0.0
6.0,2021.0,Portugal,PRT,Wind offshore,0,GW,0.0,0.0,0.0
7.0,2021.0,Portugal,PRT,Wind offshore,0,GW,0.0,0.0,0.0
8.0,2021.0,Portugal,PRT,Wind offshore,0,GW,0.0,0.0,0.0
9.0,2021.0,Portugal,PRT,Wind offshore,0,GW,0.0,0.0,0.0
10.0,2021.0,Portugal,PRT,Wind offshore,0,GW,0.0,0.0,0.0
11.0,2021.0,Portugal,PRT,Wind offshore,0,GW,0.0,0.0,0.0
12.0,2021.0,Portugal,PRT,Wind offshore,0,GW,0.0,0.0,0.0
1.0,2022.0,Portugal,PRT,Wind offshore,0,GW,0.0,0.0,0.0
2.0,2022.0,Portugal,PRT,Wind offshore,0,GW,0.0,0.0,0.0
3.0,2022.0,Portugal,PRT,Wind offshore,0,GW,0.0,0.0,0.0
4.0,2022.0,Portugal,PRT,Wind offshore,0,GW,0.0,0.0,0.0
5.0,2022.0,Portugal,PRT,Wind offshore,0,GW,0.0,0.0,0.0
6.0,2022.0,Portugal,PRT,Wind offshore,0,GW,0.0,0.0,0.0
7.0,2022.0,Portugal,PRT,Wind offshore,0,GW,0.02,0.02,0.02
8.0,2022.0,Portugal,PRT,Wind offshore,0,GW,0.02,0.0,0.02
9.0,2022.0,Portugal,PRT,Wind offshore,0,GW,0.02,0.0,0.02
10.0,2022.0,Portugal,PRT,Wind offshore,0,GW,0.02,0.0,0.02
11.0,2022.0,Portugal,PRT,Wind offshore,0,GW,0.02,0.0,0.02
12.0,2022.0,Portugal,PRT,Wind offshore,0,GW,0.02,0.0,0.02
1.0,2023.0,Portugal,PRT,Wind offshore,0,GW,0.02,0.0,0.0
2.0,2023.0,Portugal,PRT,Wind offshore,0,GW,0.02,0.0,0.0
3.0,2023.0,Portugal,PRT,Wind offshore,0,GW,0.02,0.0,0.0
4.0,2023.0,Portugal,PRT,Wind offshore,0,GW,0.02,0.0,0.0
5.0,2023.0,Portugal,PRT,Wind offshore,0,GW,0.02,0.0,0.0
6.0,2023.0,Portugal,PRT,Wind offshore,0,GW,0.02,0.0,0.0
7.0,2023.0,Portugal,PRT,Wind offshore,0,GW,0.02,0.0,0.0
8.0,2023.0,Portugal,PRT,Wind offshore,0,GW,0.02,0.0,0.0
9.0,2023.0,Portugal,PRT,Wind offshore,0,GW,0.02,0.0,0.0
10.0,2023.0,Portugal,PRT,Wind offshore,0,GW,0.02,0.0,0.0
11.0,2023.0,Portugal,PRT,Wind offshore,0,GW,0.02,0.0,0.0
12.0,2023.0,Portugal,PRT,Wind offshore,0,GW,0.02,0.0,0.0
1.0,2024.0,Portugal,PRT,Wind offshore,0,GW,0.02,0.0,0.0
2.0,2024.0,Portugal,PRT,Wind offshore,0,GW,0.02,0.0,0.0
3.0,2024.0,Portugal,PRT,Wind offshore,0,GW,0.02,0.0,0.0
4.0,2024.0,Portugal,PRT,Wind offshore,0,GW,0.02,0.0,0.0
5.0,2024.0,Portugal,PRT,Wind offshore,0,GW,0.02,0.0,0.0
6.0,2024.0,Portugal,PRT,Wind offshore,0,GW,0.02,0.0,0.0
7.0,2024.0,Portugal,PRT,Wind offshore,0,GW,0.02,0.0,0.0
8.0,2024.0,Portugal,PRT,Wind offshore,0,GW,0.02,0.0,0.0
9.0,2024.0,Portugal,PRT,Wind offshore,0,GW,0.02,0.0,0.0
10.0,2024.0,Portugal,PRT,Wind offshore,0,GW,0.02,0.0,0.0
11.0,2024.0,Portugal,PRT,Wind offshore,0,GW,0.02,0.0,0.0
12.0,2024.0,Portugal,PRT,Wind offshore,0,GW,0.02,0.0,0.0
1.0,2025.0,Portugal,PRT,Wind offshore,0,GW,0.02,0.0,0.0
2.0,2025.0,Portugal,PRT,Wind offshore,0,GW,0.02,0.0,0.0
3.0,2025.0,Portugal,PRT,Wind offshore,0,GW,0.02,0.0,0.0
4.0,2025.0,Portugal,PRT,Wind offshore,0,GW,0.02,0.0,0.0
5.0,2025.0,Portugal,PRT,Wind offshore,0,GW,0.02,0.0,0.0
6.0,2025.0,Portugal,PRT,Wind offshore,0,GW,0.02,0.0,0.0
7.0,2025.0,Portugal,PRT,Wind offshore,0,GW,0.02,0.0,0.0
8.0,2025.0,Portugal,PRT,Wind offshore,0,GW,0.02,0.0,0.0
1.0,2016.0,Portugal,PRT,Wind onshore,0,GW,5.1,0.01,0.01
2.0,2016.0,Portugal,PRT,Wind onshore,0,GW,5.12,0.02,0.03
3.0,2016.0,Portugal,PRT,Wind onshore,0,GW,5.15,0.03,0.06
4.0,2016.0,Portugal,PRT,Wind onshore,0,GW,5.19,0.04,0.1
5.0,2016.0,Portugal,PRT,Wind onshore,0,GW,5.22,0.03,0.13
6.0,2016.0,Portugal,PRT,Wind onshore,0,GW,5.24,0.02,0.15
7.0,2016.0,Portugal,PRT,Wind onshore,0,GW,5.29,0.05,0.2
8.0,2016.0,Portugal,PRT,Wind onshore,0,GW,5.31,0.02,0.22
9.0,2016.0,Portugal,PRT,Wind onshore,0,GW,5.32,0.01,0.23
10.0,2016.0,Portugal,PRT,Wind onshore,0,GW,5.32,0.0,0.23
11.0,2016.0,Portugal,PRT,Wind onshore,0,GW,5.33,0.01,0.24
12.0,2016.0,Portugal,PRT,Wind onshore,0,GW,5.33,0.0,0.24
1.0,2017.0,Portugal,PRT,Wind onshore,0,GW,5.33,0.0,0.0
2.0,2017.0,Portugal,PRT,Wind onshore,0,GW,5.33,0.0,0.0
3.0,2017.0,Portugal,PRT,Wind onshore,0,GW,5.34,0.01,0.01
4.0,2017.0,Portugal,PRT,Wind onshore,0,GW,5.35,0.01,0.02
5.0,2017.0,Portugal,PRT,Wind onshore,0,GW,5.35,0.0,0.02
6.0,2017.0,Portugal,PRT,Wind onshore,0,GW,5.35,0.0,0.02
7.0,2017.0,Portugal,PRT,Wind onshore,0,GW,5.35,0.0,0.02
8.0,2017.0,Portugal,PRT,Wind onshore,0,GW,5.35,0.0,0.02
9.0,2017.0,Portugal,PRT,Wind onshore,0,GW,5.35,0.0,0.02
10.0,2017.0,Portugal,PRT,Wind onshore,0,GW,5.35,0.0,0.02
11.0,2017.0,Portugal,PRT,Wind onshore,0,GW,5.35,0.0,0.02
12.0,2017.0,Portugal,PRT,Wind onshore,0,GW,5.35,0.0,0.02
1.0,2018.0,Portugal,PRT,Wind onshore,0,GW,5.35,0.0,0.0
2.0,2018.0,Portugal,PRT,Wind onshore,0,GW,5.35,0.0,0.0
3.0,2018.0,Portugal,PRT,Wind onshore,0,GW,5.35,0.0,0.0
4.0,2018.0,Portugal,PRT,Wind onshore,0,GW,5.35,0.0,0.0
5.0,2018.0,Portugal,PRT,Wind onshore,0,GW,5.35,0.0,0.0
6.0,2018.0,Portugal,PRT,Wind onshore,0,GW,5.35,0.0,0.0
7.0,2018.0,Portugal,PRT,Wind onshore,0,GW,5.35,0.0,0.0
8.0,2018.0,Portugal,PRT,Wind onshore,0,GW,5.36,0.01,0.01
9.0,2018.0,Portugal,PRT,Wind onshore,0,GW,5.36,0.0,0.01
10.0,2018.0,Portugal,PRT,Wind onshore,0,GW,5.37,0.01,0.02
11.0,2018.0,Portugal,PRT,Wind onshore,0,GW,5.39,0.02,0.04
12.0,2018.0,Portugal,PRT,Wind onshore,0,GW,5.4,0.01,0.05
1.0,2019.0,Portugal,PRT,Wind onshore,0,GW,5.4,0.0,0.0
2.0,2019.0,Portugal,PRT,Wind onshore,0,GW,5.42,0.02,0.02
3.0,2019.0,Portugal,PRT,Wind onshore,0,GW,5.45,0.03,0.05
4.0,2019.0,Portugal,PRT,Wind onshore,0,GW,5.45,0.0,0.05
5.0,2019.0,Portugal,PRT,Wind onshore,0,GW,5.45,0.0,0.05
6.0,2019.0,Portugal,PRT,Wind onshore,0,GW,5.46,0.01,0.06
7.0,2019.0,Portugal,PRT,Wind onshore,0,GW,5.46,0.0,0.06
8.0,2019.0,Portugal,PRT,Wind onshore,0,GW,5.46,0.0,0.06
9.0,2019.0,Portugal,PRT,Wind onshore,0,GW,5.46,0.0,0.06
10.0,2019.0,Portugal,PRT,Wind onshore,0,GW,5.46,0.0,0.06
11.0,2019.0,Portugal,PRT,Wind onshore,0,GW,5.46,0.0,0.06
12.0,2019.0,Portugal,PRT,Wind onshore,0,GW,5.47,0.01,0.07
1.0,2020.0,Portugal,PRT,Wind onshore,0,GW,5.47,0.0,0.0
2.0,2020.0,Portugal,PRT,Wind onshore,0,GW,5.47,0.0,0.0
3.0,2020.0,Portugal,PRT,Wind onshore,0,GW,5.47,0.0,0.0
4.0,2020.0,Portugal,PRT,Wind onshore,0,GW,5.48,0.01,0.01
5.0,2020.0,Portugal,PRT,Wind onshore,0,GW,5.48,0.0,0.01
6.0,2020.0,Portugal,PRT,Wind onshore,0,GW,5.48,0.0,0.01
7.0,2020.0,Portugal,PRT,Wind onshore,0,GW,5.48,0.0,0.01
8.0,2020.0,Portugal,PRT,Wind onshore,0,GW,5.49,0.01,0.02
9.0,2020.0,Portugal,PRT,Wind onshore,0,GW,5.49,0.0,0.02
10.0,2020.0,Portugal,PRT,Wind onshore,0,GW,5.51,0.02,0.04
11.0,2020.0,Portugal,PRT,Wind onshore,0,GW,5.51,0.0,0.04
12.0,2020.0,Portugal,PRT,Wind onshore,0,GW,5.51,0.0,0.04
1.0,2021.0,Portugal,PRT,Wind onshore,0,GW,5.51,0.0,0.0
2.0,2021.0,Portugal,PRT,Wind onshore,0,GW,5.51,0.0,0.0
3.0,2021.0,Portugal,PRT,Wind onshore,0,GW,5.51,0.0,0.0
4.0,2021.0,Portugal,PRT,Wind onshore,0,GW,5.51,0.0,0.0
5.0,2021.0,Portugal,PRT,Wind onshore,0,GW,5.51,0.0,0.0
6.0,2021.0,Portugal,PRT,Wind onshore,0,GW,5.51,0.0,0.0
7.0,2021.0,Portugal,PRT,Wind onshore,0,GW,5.51,0.0,0.0
8.0,2021.0,Portugal,PRT,Wind onshore,0,GW,5.51,0.0,0.0
9.0,2021.0,Portugal,PRT,Wind onshore,0,GW,5.51,0.0,0.0
10.0,2021.0,Portugal,PRT,Wind onshore,0,GW,5.51,0.0,0.0
11.0,2021.0,Portugal,PRT,Wind onshore,0,GW,5.54,0.03,0.03
12.0,2021.0,Portugal,PRT,Wind onshore,0,GW,5.64,0.1,0.13
1.0,2022.0,Portugal,PRT,Wind onshore,0,GW,5.63,-0.01,-0.01
2.0,2022.0,Portugal,PRT,Wind onshore,0,GW,5.63,0.0,-0.01
3.0,2022.0,Portugal,PRT,Wind onshore,0,GW,5.63,0.0,-0.01
4.0,2022.0,Portugal,PRT,Wind onshore,0,GW,5.63,0.0,-0.01
5.0,2022.0,Portugal,PRT,Wind onshore,0,GW,5.63,0.0,-0.01
6.0,2022.0,Portugal,PRT,Wind onshore,0,GW,5.63,0.0,-0.01
7.0,2022.0,Portugal,PRT,Wind onshore,0,GW,5.64,0.01,0.0
8.0,2022.0,Portugal,PRT,Wind onshore,0,GW,5.64,0.0,0.0
9.0,2022.0,Portugal,PRT,Wind onshore,0,GW,5.66,0.02,0.02
10.0,2022.0,Portugal,PRT,Wind onshore,0,GW,5.66,0.0,0.02
11.0,2022.0,Portugal,PRT,Wind onshore,0,GW,5.67,0.01,0.03
12.0,2022.0,Portugal,PRT,Wind onshore,0,GW,5.67,0.0,0.03
1.0,2023.0,Portugal,PRT,Wind onshore,0,GW,5.67,0.0,0.0
2.0,2023.0,Portugal,PRT,Wind onshore,0,GW,5.69,0.02,0.02
3.0,2023.0,Portugal,PRT,Wind onshore,0,GW,5.69,0.0,0.02
4.0,2023.0,Portugal,PRT,Wind onshore,0,GW,5.69,0.0,0.02
5.0,2023.0,Portugal,PRT,Wind onshore,0,GW,5.69,0.0,0.02
6.0,2023.0,Portugal,PRT,Wind onshore,0,GW,5.73,0.04,0.06
7.0,2023.0,Portugal,PRT,Wind onshore,0,GW,5.72,-0.01,0.05
8.0,2023.0,Portugal,PRT,Wind onshore,0,GW,5.78,0.06,0.11
9.0,2023.0,Portugal,PRT,Wind onshore,0,GW,5.78,0.0,0.11
10.0,2023.0,Portugal,PRT,Wind onshore,0,GW,5.78,0.0,0.11
11.0,2023.0,Portugal,PRT,Wind onshore,0,GW,5.8,0.02,0.13
12.0,2023.0,Portugal,PRT,Wind onshore,0,GW,5.81,0.01,0.14
1.0,2024.0,Portugal,PRT,Wind onshore,0,GW,5.81,0.0,0.0
2.0,2024.0,Portugal,PRT,Wind onshore,0,GW,5.81,0.0,0.0
3.0,2024.0,Portugal,PRT,Wind onshore,0,GW,5.89,0.08,0.08
4.0,2024.0,Portugal,PRT,Wind onshore,0,GW,5.89,0.0,0.08
5.0,2024.0,Portugal,PRT,Wind onshore,0,GW,5.9,0.01,0.09
6.0,2024.0,Portugal,PRT,Wind onshore,0,GW,5.9,0.0,0.09
7.0,2024.0,Portugal,PRT,Wind onshore,0,GW,5.9,0.0,0.09
8.0,2024.0,Portugal,PRT,Wind onshore,0,GW,5.93,0.03,0.12
9.0,2024.0,Portugal,PRT,Wind onshore,0,GW,5.93,0.0,0.12
10.0,2024.0,Portugal,PRT,Wind onshore,0,GW,5.93,0.0,0.12
11.0,2024.0,Portugal,PRT,Wind onshore,0,GW,5.93,0.0,0.12
12.0,2024.0,Portugal,PRT,Wind onshore,0,GW,5.96,0.03,0.15
1.0,2025.0,Portugal,PRT,Wind onshore,0,GW,5.96,0.0,0.0
2.0,2025.0,Portugal,PRT,Wind onshore,0,GW,5.96,0.0,0.0
3.0,2025.0,Portugal,PRT,Wind onshore,0,GW,5.96,0.0,0.0
4.0,2025.0,Portugal,PRT,Wind onshore,0,GW,5.96,0.0,0.0
5.0,2025.0,Portugal,PRT,Wind onshore,0,GW,5.96,0.0,0.0
6.0,2025.0,Portugal,PRT,Wind onshore,0,GW,5.96,0.0,0.0
7.0,2025.0,Portugal,PRT,Wind onshore,0,GW,5.96,0.0,0.0
8.0,2025.0,Portugal,PRT,Wind onshore,0,GW,5.96,0.0,0.0
1.0,2016.0,Portugal,PRT,Wind,1,GW,5.1,0.01,0.01
2.0,2016.0,Portugal,PRT,Wind,1,GW,5.12,0.02,0.03
3.0,2016.0,Portugal,PRT,Wind,1,GW,5.15,0.03,0.06
4.0,2016.0,Portugal,PRT,Wind,1,GW,5.19,0.04,0.1
5.0,2016.0,Portugal,PRT,Wind,1,GW,5.22,0.03,0.13
6.0,2016.0,Portugal,PRT,Wind,1,GW,5.24,0.02,0.15
7.0,2016.0,Portugal,PRT,Wind,1,GW,5.29,0.05,0.2
8.0,2016.0,Portugal,PRT,Wind,1,GW,5.31,0.02,0.22
9.0,2016.0,Portugal,PRT,Wind,1,GW,5.32,0.01,0.23
10.0,2016.0,Portugal,PRT,Wind,1,GW,5.32,0.0,0.23
11.0,2016.0,Portugal,PRT,Wind,1,GW,5.33,0.01,0.24
12.0,2016.0,Portugal,PRT,Wind,1,GW,5.33,0.0,0.24
1.0,2017.0,Portugal,PRT,Wind,1,GW,5.33,0.0,0.0
2.0,2017.0,Portugal,PRT,Wind,1,GW,5.33,0.0,0.0
3.0,2017.0,Portugal,PRT,Wind,1,GW,5.34,0.01,0.01
4.0,2017.0,Portugal,PRT,Wind,1,GW,5.35,0.01,0.02
5.0,2017.0,Portugal,PRT,Wind,1,GW,5.35,0.0,0.02
6.0,2017.0,Portugal,PRT,Wind,1,GW,5.35,0.0,0.02
7.0,2017.0,Portugal,PRT,Wind,1,GW,5.35,0.0,0.02
8.0,2017.0,Portugal,PRT,Wind,1,GW,5.35,0.0,0.02
9.0,2017.0,Portugal,PRT,Wind,1,GW,5.35,0.0,0.02
10.0,2017.0,Portugal,PRT,Wind,1,GW,5.35,0.0,0.02
11.0,2017.0,Portugal,PRT,Wind,1,GW,5.35,0.0,0.02
12.0,2017.0,Portugal,PRT,Wind,1,GW,5.35,0.0,0.02
1.0,2018.0,Portugal,PRT,Wind,1,GW,5.35,0.0,0.0
2.0,2018.0,Portugal,PRT,Wind,1,GW,5.35,0.0,0.0
3.0,2018.0,Portugal,PRT,Wind,1,GW,5.35,0.0,0.0
4.0,2018.0,Portugal,PRT,Wind,1,GW,5.35,0.0,0.0
5.0,2018.0,Portugal,PRT,Wind,1,GW,5.35,0.0,0.0
6.0,2018.0,Portugal,PRT,Wind,1,GW,5.35,0.0,0.0
7.0,2018.0,Portugal,PRT,Wind,1,GW,5.35,0.0,0.0
8.0,2018.0,Portugal,PRT,Wind,1,GW,5.36,0.01,0.01
9.0,2018.0,Portugal,PRT,Wind,1,GW,5.36,0.0,0.01
10.0,2018.0,Portugal,PRT,Wind,1,GW,5.37,0.01,0.02
11.0,2018.0,Portugal,PRT,Wind,1,GW,5.39,0.02,0.04
12.0,2018.0,Portugal,PRT,Wind,1,GW,5.4,0.01,0.05
1.0,2019.0,Portugal,PRT,Wind,1,GW,5.4,0.0,0.0
2.0,2019.0,Portugal,PRT,Wind,1,GW,5.42,0.02,0.02
3.0,2019.0,Portugal,PRT,Wind,1,GW,5.45,0.03,0.05
4.0,2019.0,Portugal,PRT,Wind,1,GW,5.45,0.0,0.05
5.0,2019.0,Portugal,PRT,Wind,1,GW,5.45,0.0,0.05
6.0,2019.0,Portugal,PRT,Wind,1,GW,5.46,0.01,0.06
7.0,2019.0,Portugal,PRT,Wind,1,GW,5.46,0.0,0.06
8.0,2019.0,Portugal,PRT,Wind,1,GW,5.46,0.0,0.06
9.0,2019.0,Portugal,PRT,Wind,1,GW,5.46,0.0,0.06
10.0,2019.0,Portugal,PRT,Wind,1,GW,5.46,0.0,0.06
11.0,2019.0,Portugal,PRT,Wind,1,GW,5.46,0.0,0.06
12.0,2019.0,Portugal,PRT,Wind,1,GW,5.47,0.01,0.07
1.0,2020.0,Portugal,PRT,Wind,1,GW,5.47,0.0,0.0
2.0,2020.0,Portugal,PRT,Wind,1,GW,5.47,0.0,0.0
3.0,2020.0,Portugal,PRT,Wind,1,GW,5.47,0.0,0.0
4.0,2020.0,Portugal,PRT,Wind,1,GW,5.48,0.01,0.01
5.0,2020.0,Portugal,PRT,Wind,1,GW,5.48,0.0,0.01
6.0,2020.0,Portugal,PRT,Wind,1,GW,5.48,0.0,0.01
7.0,2020.0,Portugal,PRT,Wind,1,GW,5.48,0.0,0.01
8.0,2020.0,Portugal,PRT,Wind,1,GW,5.49,0.01,0.02
9.0,2020.0,Portugal,PRT,Wind,1,GW,5.49,0.0,0.02
10.0,2020.0,Portugal,PRT,Wind,1,GW,5.51,0.02,0.04
11.0,2020.0,Portugal,PRT,Wind,1,GW,5.51,0.0,0.04
12.0,2020.0,Portugal,PRT,Wind,1,GW,5.51,0.0,0.04
1.0,2021.0,Portugal,PRT,Wind,1,GW,5.51,0.0,0.0
2.0,2021.0,Portugal,PRT,Wind,1,GW,5.51,0.0,0.0
3.0,2021.0,Portugal,PRT,Wind,1,GW,5.51,0.0,0.0
4.0,2021.0,Portugal,PRT,Wind,1,GW,5.51,0.0,0.0
5.0,2021.0,Portugal,PRT,Wind,1,GW,5.51,0.0,0.0
6.0,2021.0,Portugal,PRT,Wind,1,GW,5.51,0.0,0.0
7.0,2021.0,Portugal,PRT,Wind,1,GW,5.51,0.0,0.0
8.0,2021.0,Portugal,PRT,Wind,1,GW,5.51,0.0,0.0
9.0,2021.0,Portugal,PRT,Wind,1,GW,5.51,0.0,0.0
10.0,2021.0,Portugal,PRT,Wind,1,GW,5.51,0.0,0.0
11.0,2021.0,Portugal,PRT,Wind,1,GW,5.54,0.03,0.03
12.0,2021.0,Portugal,PRT,Wind,1,GW,5.64,0.1,0.13
1.0,2022.0,Portugal,PRT,Wind,1,GW,5.63,-0.01,-0.01
2.0,2022.0,Portugal,PRT,Wind,1,GW,5.63,0.0,-0.01
3.0,2022.0,Portugal,PRT,Wind,1,GW,5.63,0.0,-0.01
4.0,2022.0,Portugal,PRT,Wind,1,GW,5.63,0.0,-0.01
5.0,2022.0,Portugal,PRT,Wind,1,GW,5.63,0.0,-0.01
6.0,2022.0,Portugal,PRT,Wind,1,GW,5.63,0.0,-0.01
7.0,2022.0,Portugal,PRT,Wind,1,GW,5.67,0.04,0.03
8.0,2022.0,Portugal,PRT,Wind,1,GW,5.67,0.0,0.03
9.0,2022.0,Portugal,PRT,Wind,1,GW,5.68,0.01,0.04
10.0,2022.0,Portugal,PRT,Wind,1,GW,5.68,0.0,0.04
11.0,2022.0,Portugal,PRT,Wind,1,GW,5.69,0.01,0.05
12.0,2022.0,Portugal,PRT,Wind,1,GW,5.7,0.01,0.06
1.0,2023.0,Portugal,PRT,Wind,1,GW,5.7,0.0,0.0
2.0,2023.0,Portugal,PRT,Wind,1,GW,5.72,0.02,0.02
3.0,2023.0,Portugal,PRT,Wind,1,GW,5.72,0.0,0.02
4.0,2023.0,Portugal,PRT,Wind,1,GW,5.72,0.0,0.02
5.0,2023.0,Portugal,PRT,Wind,1,GW,5.72,0.0,0.02
6.0,2023.0,Portugal,PRT,Wind,1,GW,5.76,0.04,0.06
7.0,2023.0,Portugal,PRT,Wind,1,GW,5.75,-0.01,0.05
8.0,2023.0,Portugal,PRT,Wind,1,GW,5.81,0.06,0.11
9.0,2023.0,Portugal,PRT,Wind,1,GW,5.81,0.0,0.11
10.0,2023.0,Portugal,PRT,Wind,1,GW,5.81,0.0,0.11
11.0,2023.0,Portugal,PRT,Wind,1,GW,5.83,0.02,0.13
12.0,2023.0,Portugal,PRT,Wind,1,GW,5.83,0.0,0.13
1.0,2024.0,Portugal,PRT,Wind,1,GW,5.83,0.0,0.0
2.0,2024.0,Portugal,PRT,Wind,1,GW,5.83,0.0,0.0
3.0,2024.0,Portugal,PRT,Wind,1,GW,5.91,0.08,0.08
4.0,2024.0,Portugal,PRT,Wind,1,GW,5.91,0.0,0.08
5.0,2024.0,Portugal,PRT,Wind,1,GW,5.93,0.02,0.1
6.0,2024.0,Portugal,PRT,Wind,1,GW,5.93,0.0,0.1
7.0,2024.0,Portugal,PRT,Wind,1,GW,5.93,0.0,0.1
8.0,2024.0,Portugal,PRT,Wind,1,GW,5.96,0.03,0.13
9.0,2024.0,Portugal,PRT,Wind,1,GW,5.96,0.0,0.13
10.0,2024.0,Portugal,PRT,Wind,1,GW,5.96,0.0,0.13
11.0,2024.0,Portugal,PRT,Wind,1,GW,5.96,0.0,0.13
12.0,2024.0,Portugal,PRT,Wind,1,GW,5.98,0.02,0.15
1.0,2025.0,Portugal,PRT,Wind,1,GW,5.98,0.0,0.0
2.0,2025.0,Portugal,PRT,Wind,1,GW,5.98,0.0,0.0
3.0,2025.0,Portugal,PRT,Wind,1,GW,5.99,0.01,0.01
4.0,2025.0,Portugal,PRT,Wind,1,GW,5.99,0.0,0.01
5.0,2025.0,Portugal,PRT,Wind,1,GW,5.99,0.0,0.01
6.0,2025.0,Portugal,PRT,Wind,1,GW,5.99,0.0,0.01
7.0,2025.0,Portugal,PRT,Wind,1,GW,5.99,0.0,0.01
8.0,2025.0,Portugal,PRT,Wind,1,GW,5.99,0.0,0.01
1.0,2016.0,Portugal,PRT,Wind and solar,1,GW,5.67,0.01,0.01
2.0,2016.0,Portugal,PRT,Wind and solar,1,GW,5.73,0.06,0.07
3.0,2016.0,Portugal,PRT,Wind and solar,1,GW,5.73,0.0,0.07
4.0,2016.0,Portugal,PRT,Wind and solar,1,GW,5.77,0.04,0.11
5.0,2016.0,Portugal,PRT,Wind and solar,1,GW,5.8,0.03,0.14
6.0,2016.0,Portugal,PRT,Wind and solar,1,GW,5.84,0.04,0.18
7.0,2016.0,Portugal,PRT,Wind and solar,1,GW,5.88,0.04,0.22
8.0,2016.0,Portugal,PRT,Wind and solar,1,GW,5.9,0.02,0.24
9.0,2016.0,Portugal,PRT,Wind and solar,1,GW,5.92,0.02,0.26
10.0,2016.0,Portugal,PRT,Wind and solar,1,GW,5.93,0.01,0.27
11.0,2016.0,Portugal,PRT,Wind and solar,1,GW,5.93,0.0,0.27
12.0,2016.0,Portugal,PRT,Wind and solar,1,GW,5.94,0.01,0.28
1.0,2017.0,Portugal,PRT,Wind and solar,1,GW,5.95,0.01,0.01
2.0,2017.0,Portugal,PRT,Wind and solar,1,GW,5.95,0.0,0.01
3.0,2017.0,Portugal,PRT,Wind and solar,1,GW,5.96,0.01,0.02
4.0,2017.0,Portugal,PRT,Wind and solar,1,GW,5.98,0.02,0.04
5.0,2017.0,Portugal,PRT,Wind and solar,1,GW,5.99,0.01,0.05
6.0,2017.0,Portugal,PRT,Wind and solar,1,GW,5.99,0.0,0.05
7.0,2017.0,Portugal,PRT,Wind and solar,1,GW,5.99,0.0,0.05
8.0,2017.0,Portugal,PRT,Wind and solar,1,GW,6.0,0.01,0.06
9.0,2017.0,Portugal,PRT,Wind and solar,1,GW,6.0,0.0,0.06
10.0,2017.0,Portugal,PRT,Wind and solar,1,GW,6.01,0.01,0.07
11.0,2017.0,Portugal,PRT,Wind and solar,1,GW,6.01,0.0,0.07
12.0,2017.0,Portugal,PRT,Wind and solar,1,GW,6.01,0.0,0.07
1.0,2018.0,Portugal,PRT,Wind and solar,1,GW,6.02,0.01,0.01
2.0,2018.0,Portugal,PRT,Wind and solar,1,GW,6.02,0.0,0.01
3.0,2018.0,Portugal,PRT,Wind and solar,1,GW,6.03,0.01,0.02
4.0,2018.0,Portugal,PRT,Wind and solar,1,GW,6.03,0.0,0.02
5.0,2018.0,Portugal,PRT,Wind and solar,1,GW,6.04,0.01,0.03
6.0,2018.0,Portugal,PRT,Wind and solar,1,GW,6.09,0.05,0.08
7.0,2018.0,Portugal,PRT,Wind and solar,1,GW,6.1,0.01,0.09
8.0,2018.0,Portugal,PRT,Wind and solar,1,GW,6.11,0.01,0.1
9.0,2018.0,Portugal,PRT,Wind and solar,1,GW,6.11,0.0,0.1
10.0,2018.0,Portugal,PRT,Wind and solar,1,GW,6.12,0.01,0.11
11.0,2018.0,Portugal,PRT,Wind and solar,1,GW,6.15,0.03,0.14
12.0,2018.0,Portugal,PRT,Wind and solar,1,GW,6.17,0.02,0.16
1.0,2019.0,Portugal,PRT,Wind and solar,1,GW,6.19,0.02,0.02
2.0,2019.0,Portugal,PRT,Wind and solar,1,GW,6.21,0.02,0.04
3.0,2019.0,Portugal,PRT,Wind and solar,1,GW,6.24,0.03,0.07
4.0,2019.0,Portugal,PRT,Wind and solar,1,GW,6.28,0.04,0.11
5.0,2019.0,Portugal,PRT,Wind and solar,1,GW,6.29,0.01,0.12
6.0,2019.0,Portugal,PRT,Wind and solar,1,GW,6.33,0.04,0.16
7.0,2019.0,Portugal,PRT,Wind and solar,1,GW,6.34,0.01,0.17
8.0,2019.0,Portugal,PRT,Wind and solar,1,GW,6.38,0.04,0.21
9.0,2019.0,Portugal,PRT,Wind and solar,1,GW,6.38,0.0,0.21
10.0,2019.0,Portugal,PRT,Wind and solar,1,GW,6.39,0.01,0.22
11.0,2019.0,Portugal,PRT,Wind and solar,1,GW,6.39,0.0,0.22
12.0,2019.0,Portugal,PRT,Wind and solar,1,GW,6.46,0.07,0.29
1.0,2020.0,Portugal,PRT,Wind and solar,1,GW,6.48,0.02,0.02
2.0,2020.0,Portugal,PRT,Wind and solar,1,GW,6.48,0.0,0.02
3.0,2020.0,Portugal,PRT,Wind and solar,1,GW,6.49,0.01,0.03
4.0,2020.0,Portugal,PRT,Wind and solar,1,GW,6.5,0.01,0.04
5.0,2020.0,Portugal,PRT,Wind and solar,1,GW,6.52,0.02,0.06
6.0,2020.0,Portugal,PRT,Wind and solar,1,GW,6.52,0.0,0.06
7.0,2020.0,Portugal,PRT,Wind and solar,1,GW,6.57,0.05,0.11
8.0,2020.0,Portugal,PRT,Wind and solar,1,GW,6.6,0.03,0.14
9.0,2020.0,Portugal,PRT,Wind and solar,1,GW,6.6,0.0,0.14
10.0,2020.0,Portugal,PRT,Wind and solar,1,GW,6.67,0.07,0.21
11.0,2020.0,Portugal,PRT,Wind and solar,1,GW,6.67,0.0,0.21
12.0,2020.0,Portugal,PRT,Wind and solar,1,GW,6.68,0.01,0.22
1.0,2021.0,Portugal,PRT,Wind and solar,1,GW,6.73,0.05,0.05
2.0,2021.0,Portugal,PRT,Wind and solar,1,GW,6.74,0.01,0.06
3.0,2021.0,Portugal,PRT,Wind and solar,1,GW,6.74,0.0,0.06
4.0,2021.0,Portugal,PRT,Wind and solar,1,GW,6.75,0.01,0.07
5.0,2021.0,Portugal,PRT,Wind and solar,1,GW,6.78,0.03,0.1
6.0,2021.0,Portugal,PRT,Wind and solar,1,GW,6.91,0.13,0.23
7.0,2021.0,Portugal,PRT,Wind and solar,1,GW,7.0,0.09,0.32
8.0,2021.0,Portugal,PRT,Wind and solar,1,GW,7.01,0.01,0.33
9.0,2021.0,Portugal,PRT,Wind and solar,1,GW,7.01,0.0,0.33
10.0,2021.0,Portugal,PRT,Wind and solar,1,GW,7.01,0.0,0.33
11.0,2021.0,Portugal,PRT,Wind and solar,1,GW,7.11,0.1,0.43
12.0,2021.0,Portugal,PRT,Wind and solar,1,GW,7.5,0.39,0.82
1.0,2022.0,Portugal,PRT,Wind and solar,1,GW,7.55,0.05,0.05
2.0,2022.0,Portugal,PRT,Wind and solar,1,GW,7.61,0.06,0.11
3.0,2022.0,Portugal,PRT,Wind and solar,1,GW,7.62,0.01,0.12
4.0,2022.0,Portugal,PRT,Wind and solar,1,GW,7.65,0.03,0.15
5.0,2022.0,Portugal,PRT,Wind and solar,1,GW,7.66,0.01,0.16
6.0,2022.0,Portugal,PRT,Wind and solar,1,GW,7.68,0.02,0.18
7.0,2022.0,Portugal,PRT,Wind and solar,1,GW,7.89,0.21,0.39
8.0,2022.0,Portugal,PRT,Wind and solar,1,GW,7.97,0.08,0.47
9.0,2022.0,Portugal,PRT,Wind and solar,1,GW,8.07,0.1,0.57
10.0,2022.0,Portugal,PRT,Wind and solar,1,GW,8.1,0.03,0.6
11.0,2022.0,Portugal,PRT,Wind and solar,1,GW,8.18,0.08,0.68
12.0,2022.0,Portugal,PRT,Wind and solar,1,GW,8.26,0.08,0.76
1.0,2023.0,Portugal,PRT,Wind and solar,1,GW,8.3,0.04,0.04
2.0,2023.0,Portugal,PRT,Wind and solar,1,GW,8.33,0.03,0.07
3.0,2023.0,Portugal,PRT,Wind and solar,1,GW,8.38,0.05,0.12
4.0,2023.0,Portugal,PRT,Wind and solar,1,GW,8.4,0.02,0.14
5.0,2023.0,Portugal,PRT,Wind and solar,1,GW,8.42,0.02,0.16
6.0,2023.0,Portugal,PRT,Wind and solar,1,GW,8.74,0.32,0.48
7.0,2023.0,Portugal,PRT,Wind and solar,1,GW,8.86,0.12,0.6
8.0,2023.0,Portugal,PRT,Wind and solar,1,GW,9.0,0.14,0.74
9.0,2023.0,Portugal,PRT,Wind and solar,1,GW,9.16,0.16,0.9
10.0,2023.0,Portugal,PRT,Wind and solar,1,GW,9.35,0.19,1.09
11.0,2023.0,Portugal,PRT,Wind and solar,1,GW,9.54,0.19,1.28
12.0,2023.0,Portugal,PRT,Wind and solar,1,GW,9.72,0.18,1.46
1.0,2024.0,Portugal,PRT,Wind and solar,1,GW,9.93,0.21,0.21
2.0,2024.0,Portugal,PRT,Wind and solar,1,GW,9.99,0.06,0.27
3.0,2024.0,Portugal,PRT,Wind and solar,1,GW,10.19,0.2,0.47
4.0,2024.0,Portugal,PRT,Wind and solar,1,GW,10.36,0.17,0.64
5.0,2024.0,Portugal,PRT,Wind and solar,1,GW,10.52,0.16,0.8
6.0,2024.0,Portugal,PRT,Wind and solar,1,GW,10.58,0.06,0.86
7.0,2024.0,Portugal,PRT,Wind and solar,1,GW,10.81,0.23,1.09
8.0,2024.0,Portugal,PRT,Wind and solar,1,GW,10.89,0.08,1.17
9.0,2024.0,Portugal,PRT,Wind and solar,1,GW,10.96,0.07,1.24
10.0,2024.0,Portugal,PRT,Wind and solar,1,GW,11.16,0.2,1.44
11.0,2024.0,Portugal,PRT,Wind and solar,1,GW,11.2,0.04,1.48
12.0,2024.0,Portugal,PRT,Wind and solar,1,GW,11.65,0.45,1.93
1.0,2025.0,Portugal,PRT,Wind and solar,1,GW,11.72,0.07,0.07
2.0,2025.0,Portugal,PRT,Wind and solar,1,GW,11.86,0.14,0.21
3.0,2025.0,Portugal,PRT,Wind and solar,1,GW,11.94,0.08,0.29
4.0,2025.0,Portugal,PRT,Wind and solar,1,GW,11.98,0.04,0.33
5.0,2025.0,Portugal,PRT,Wind and solar,1,GW,12.16,0.18,0.51
6.0,2025.0,Portugal,PRT,Wind and solar,1,GW,12.19,0.03,0.54
7.0,2025.0,Portugal,PRT,Wind and solar,1,GW,12.29,0.1,0.64
8.0,2025.0,Portugal,PRT,Wind and solar,1,GW,12.37,0.08,0.72
1.0,2016.0,Türkiye,TUR,Solar,0,GWAC,0.27,,
2.0,2016.0,Türkiye,TUR,Solar,0,GWAC,0.31,0.04,
3.0,2016.0,Türkiye,TUR,Solar,0,GWAC,0.34,0.03,
4.0,2016.0,Türkiye,TUR,Solar,0,GWAC,0.4,0.06,
5.0,2016.0,Türkiye,TUR,Solar,0,GWAC,0.44,0.04,
6.0,2016.0,Türkiye,TUR,Solar,0,GWAC,0.49,0.05,
7.0,2016.0,Türkiye,TUR,Solar,0,GWAC,0.51,0.02,
8.0,2016.0,Türkiye,TUR,Solar,0,GWAC,0.55,0.04,
9.0,2016.0,Türkiye,TUR,Solar,0,GWAC,0.58,0.03,
10.0,2016.0,Türkiye,TUR,Solar,0,GWAC,0.66,0.08,
11.0,2016.0,Türkiye,TUR,Solar,0,GWAC,0.72,0.06,
12.0,2016.0,Türkiye,TUR,Solar,0,GWAC,0.8,0.08,
1.0,2017.0,Türkiye,TUR,Solar,0,GWAC,0.85,0.05,0.05
2.0,2017.0,Türkiye,TUR,Solar,0,GWAC,0.93,0.08,0.13
3.0,2017.0,Türkiye,TUR,Solar,0,GWAC,1.01,0.08,0.21
4.0,2017.0,Türkiye,TUR,Solar,0,GWAC,1.06,0.05,0.26
5.0,2017.0,Türkiye,TUR,Solar,0,GWAC,1.17,0.11,0.37
6.0,2017.0,Türkiye,TUR,Solar,0,GWAC,1.24,0.07,0.44
7.0,2017.0,Türkiye,TUR,Solar,0,GWAC,1.33,0.09,0.53
8.0,2017.0,Türkiye,TUR,Solar,0,GWAC,1.46,0.13,0.66
9.0,2017.0,Türkiye,TUR,Solar,0,GWAC,1.64,0.18,0.84
10.0,2017.0,Türkiye,TUR,Solar,0,GWAC,1.82,0.18,1.02
11.0,2017.0,Türkiye,TUR,Solar,0,GWAC,2.04,0.22,1.24
12.0,2017.0,Türkiye,TUR,Solar,0,GWAC,2.43,0.39,1.63
1.0,2018.0,Türkiye,TUR,Solar,0,GWAC,3.03,0.6,0.6
2.0,2018.0,Türkiye,TUR,Solar,0,GWAC,3.36,0.33,0.93
3.0,2018.0,Türkiye,TUR,Solar,0,GWAC,3.58,0.22,1.15
4.0,2018.0,Türkiye,TUR,Solar,0,GWAC,3.67,0.09,1.24
5.0,2018.0,Türkiye,TUR,Solar,0,GWAC,3.76,0.09,1.33
6.0,2018.0,Türkiye,TUR,Solar,0,GWAC,3.81,0.05,1.38
7.0,2018.0,Türkiye,TUR,Solar,0,GWAC,3.87,0.06,1.44
8.0,2018.0,Türkiye,TUR,Solar,0,GWAC,3.91,0.04,1.48
9.0,2018.0,Türkiye,TUR,Solar,0,GWAC,4.0,0.09,1.57
10.0,2018.0,Türkiye,TUR,Solar,0,GWAC,4.05,0.05,1.62
11.0,2018.0,Türkiye,TUR,Solar,0,GWAC,4.1,0.05,1.67
12.0,2018.0,Türkiye,TUR,Solar,0,GWAC,4.14,0.04,1.71
1.0,2019.0,Türkiye,TUR,Solar,0,GWAC,4.22,0.08,0.08
2.0,2019.0,Türkiye,TUR,Solar,0,GWAC,4.29,0.07,0.15
3.0,2019.0,Türkiye,TUR,Solar,0,GWAC,4.35,0.06,0.21
4.0,2019.0,Türkiye,TUR,Solar,0,GWAC,4.38,0.03,0.24
5.0,2019.0,Türkiye,TUR,Solar,0,GWAC,4.43,0.05,0.29
6.0,2019.0,Türkiye,TUR,Solar,0,GWAC,4.45,0.02,0.31
7.0,2019.0,Türkiye,TUR,Solar,0,GWAC,4.48,0.03,0.34
8.0,2019.0,Türkiye,TUR,Solar,0,GWAC,4.5,0.02,0.36
9.0,2019.0,Türkiye,TUR,Solar,0,GWAC,4.58,0.08,0.44
10.0,2019.0,Türkiye,TUR,Solar,0,GWAC,4.62,0.04,0.48
11.0,2019.0,Türkiye,TUR,Solar,0,GWAC,4.81,0.19,0.67
12.0,2019.0,Türkiye,TUR,Solar,0,GWAC,4.88,0.07,0.74
1.0,2020.0,Türkiye,TUR,Solar,0,GWAC,4.9,0.02,0.02
2.0,2020.0,Türkiye,TUR,Solar,0,GWAC,4.93,0.03,0.05
3.0,2020.0,Türkiye,TUR,Solar,0,GWAC,4.96,0.03,0.08
4.0,2020.0,Türkiye,TUR,Solar,0,GWAC,4.99,0.03,0.11
5.0,2020.0,Türkiye,TUR,Solar,0,GWAC,5.0,0.01,0.12
6.0,2020.0,Türkiye,TUR,Solar,0,GWAC,5.03,0.03,0.15
7.0,2020.0,Türkiye,TUR,Solar,0,GWAC,5.08,0.05,0.2
8.0,2020.0,Türkiye,TUR,Solar,0,GWAC,5.13,0.05,0.25
9.0,2020.0,Türkiye,TUR,Solar,0,GWAC,5.2,0.07,0.32
10.0,2020.0,Türkiye,TUR,Solar,0,GWAC,5.29,0.09,0.41
11.0,2020.0,Türkiye,TUR,Solar,0,GWAC,5.36,0.07,0.48
12.0,2020.0,Türkiye,TUR,Solar,0,GWAC,5.52,0.16,0.64
1.0,2021.0,Türkiye,TUR,Solar,0,GWAC,5.61,0.09,0.09
2.0,2021.0,Türkiye,TUR,Solar,0,GWAC,5.67,0.06,0.15
3.0,2021.0,Türkiye,TUR,Solar,0,GWAC,5.77,0.1,0.25
4.0,2021.0,Türkiye,TUR,Solar,0,GWAC,5.87,0.1,0.35
5.0,2021.0,Türkiye,TUR,Solar,0,GWAC,5.94,0.07,0.42
6.0,2021.0,Türkiye,TUR,Solar,0,GWAC,6.03,0.09,0.51
7.0,2021.0,Türkiye,TUR,Solar,0,GWAC,6.12,0.09,0.6
8.0,2021.0,Türkiye,TUR,Solar,0,GWAC,6.24,0.12,0.72
9.0,2021.0,Türkiye,TUR,Solar,0,GWAC,6.32,0.08,0.8
10.0,2021.0,Türkiye,TUR,Solar,0,GWAC,6.43,0.11,0.91
11.0,2021.0,Türkiye,TUR,Solar,0,GWAC,6.53,0.1,1.01
12.0,2021.0,Türkiye,TUR,Solar,0,GWAC,6.61,0.08,1.09
1.0,2022.0,Türkiye,TUR,Solar,0,GWAC,6.67,0.06,0.06
2.0,2022.0,Türkiye,TUR,Solar,0,GWAC,6.74,0.07,0.13
3.0,2022.0,Türkiye,TUR,Solar,0,GWAC,6.88,0.14,0.27
4.0,2022.0,Türkiye,TUR,Solar,0,GWAC,7.0,0.12,0.39
5.0,2022.0,Türkiye,TUR,Solar,0,GWAC,7.11,0.11,0.5
6.0,2022.0,Türkiye,TUR,Solar,0,GWAC,7.29,0.18,0.68
7.0,2022.0,Türkiye,TUR,Solar,0,GWAC,7.47,0.18,0.86
8.0,2022.0,Türkiye,TUR,Solar,0,GWAC,7.63,0.16,1.02
9.0,2022.0,Türkiye,TUR,Solar,0,GWAC,7.8,0.17,1.19
10.0,2022.0,Türkiye,TUR,Solar,0,GWAC,7.99,0.19,1.38
11.0,2022.0,Türkiye,TUR,Solar,0,GWAC,8.21,0.22,1.6
12.0,2022.0,Türkiye,TUR,Solar,0,GWAC,8.4,0.19,1.79
1.0,2023.0,Türkiye,TUR,Solar,0,GWAC,8.56,0.16,0.16
2.0,2023.0,Türkiye,TUR,Solar,0,GWAC,8.71,0.15,0.31
3.0,2023.0,Türkiye,TUR,Solar,0,GWAC,8.91,0.2,0.51
4.0,2023.0,Türkiye,TUR,Solar,0,GWAC,9.1,0.19,0.7
5.0,2023.0,Türkiye,TUR,Solar,0,GWAC,9.3,0.2,0.9
6.0,2023.0,Türkiye,TUR,Solar,0,GWAC,9.53,0.23,1.13
7.0,2023.0,Türkiye,TUR,Solar,0,GWAC,9.79,0.26,1.39
8.0,2023.0,Türkiye,TUR,Solar,0,GWAC,10.09,0.3,1.69
9.0,2023.0,Türkiye,TUR,Solar,0,GWAC,10.33,0.24,1.93
10.0,2023.0,Türkiye,TUR,Solar,0,GWAC,11.56,1.23,3.16
11.0,2023.0,Türkiye,TUR,Solar,0,GWAC,11.75,0.19,3.35
12.0,2023.0,Türkiye,TUR,Solar,0,GWAC,12.1,0.35,3.7
1.0,2024.0,Türkiye,TUR,Solar,0,GWAC,12.26,0.16,0.16
2.0,2024.0,Türkiye,TUR,Solar,0,GWAC,12.53,0.27,0.43
3.0,2024.0,Türkiye,TUR,Solar,0,GWAC,12.89,0.36,0.79
4.0,2024.0,Türkiye,TUR,Solar,0,GWAC,13.17,0.28,1.07
5.0,2024.0,Türkiye,TUR,Solar,0,GWAC,13.46,0.29,1.36
6.0,2024.0,Türkiye,TUR,Solar,0,GWAC,13.84,0.38,1.74
7.0,2024.0,Türkiye,TUR,Solar,0,GWAC,14.08,0.24,1.98
8.0,2024.0,Türkiye,TUR,Solar,0,GWAC,14.36,0.28,2.26
9.0,2024.0,Türkiye,TUR,Solar,0,GWAC,14.6,0.24,2.5
10.0,2024.0,Türkiye,TUR,Solar,0,GWAC,14.87,0.27,2.77
11.0,2024.0,Türkiye,TUR,Solar,0,GWAC,15.12,0.25,3.02
12.0,2024.0,Türkiye,TUR,Solar,0,GWAC,15.55,0.43,3.45
1.0,2025.0,Türkiye,TUR,Solar,0,GWAC,15.92,0.37,0.37
2.0,2025.0,Türkiye,TUR,Solar,0,GWAC,16.73,0.81,1.18
3.0,2025.0,Türkiye,TUR,Solar,0,GWAC,17.17,0.44,1.62
4.0,2025.0,Türkiye,TUR,Solar,0,GWAC,17.32,0.15,1.77
5.0,2025.0,Türkiye,TUR,Solar,0,GWAC,17.52,0.2,1.97
6.0,2025.0,Türkiye,TUR,Solar,0,GWAC,17.66,0.14,2.11
1.0,2016.0,Türkiye,TUR,Solar,0,GWDC,0.35,,
2.0,2016.0,Türkiye,TUR,Solar,0,GWDC,0.41,0.06,
3.0,2016.0,Türkiye,TUR,Solar,0,GWDC,0.44,0.03,
4.0,2016.0,Türkiye,TUR,Solar,0,GWDC,0.52,0.08,
5.0,2016.0,Türkiye,TUR,Solar,0,GWDC,0.57,0.05,
6.0,2016.0,Türkiye,TUR,Solar,0,GWDC,0.64,0.07,
7.0,2016.0,Türkiye,TUR,Solar,0,GWDC,0.67,0.03,
8.0,2016.0,Türkiye,TUR,Solar,0,GWDC,0.71,0.04,
9.0,2016.0,Türkiye,TUR,Solar,0,GWDC,0.76,0.05,
10.0,2016.0,Türkiye,TUR,Solar,0,GWDC,0.86,0.1,
11.0,2016.0,Türkiye,TUR,Solar,0,GWDC,0.93,0.07,
12.0,2016.0,Türkiye,TUR,Solar,0,GWDC,1.04,0.11,
1.0,2017.0,Türkiye,TUR,Solar,0,GWDC,1.1,0.06,0.06
2.0,2017.0,Türkiye,TUR,Solar,0,GWDC,1.2,0.1,0.16
3.0,2017.0,Türkiye,TUR,Solar,0,GWDC,1.32,0.12,0.28
4.0,2017.0,Türkiye,TUR,Solar,0,GWDC,1.38,0.06,0.34
5.0,2017.0,Türkiye,TUR,Solar,0,GWDC,1.53,0.15,0.49
6.0,2017.0,Türkiye,TUR,Solar,0,GWDC,1.61,0.08,0.57
7.0,2017.0,Türkiye,TUR,Solar,0,GWDC,1.73,0.12,0.69
8.0,2017.0,Türkiye,TUR,Solar,0,GWDC,1.89,0.16,0.85
9.0,2017.0,Türkiye,TUR,Solar,0,GWDC,2.13,0.24,1.09
10.0,2017.0,Türkiye,TUR,Solar,0,GWDC,2.37,0.24,1.33
11.0,2017.0,Türkiye,TUR,Solar,0,GWDC,2.65,0.28,1.61
12.0,2017.0,Türkiye,TUR,Solar,0,GWDC,3.16,0.51,2.12
1.0,2018.0,Türkiye,TUR,Solar,0,GWDC,3.94,0.78,0.78
2.0,2018.0,Türkiye,TUR,Solar,0,GWDC,4.36,0.42,1.2
3.0,2018.0,Türkiye,TUR,Solar,0,GWDC,4.66,0.3,1.5
4.0,2018.0,Türkiye,TUR,Solar,0,GWDC,4.77,0.11,1.61
5.0,2018.0,Türkiye,TUR,Solar,0,GWDC,4.89,0.12,1.73
6.0,2018.0,Türkiye,TUR,Solar,0,GWDC,4.96,0.07,1.8
7.0,2018.0,Türkiye,TUR,Solar,0,GWDC,5.03,0.07,1.87
8.0,2018.0,Türkiye,TUR,Solar,0,GWDC,5.08,0.05,1.92
9.0,2018.0,Türkiye,TUR,Solar,0,GWDC,5.2,0.12,2.04
10.0,2018.0,Türkiye,TUR,Solar,0,GWDC,5.27,0.07,2.11
11.0,2018.0,Türkiye,TUR,Solar,0,GWDC,5.33,0.06,2.17
12.0,2018.0,Türkiye,TUR,Solar,0,GWDC,5.39,0.06,2.23
1.0,2019.0,Türkiye,TUR,Solar,0,GWDC,5.49,0.1,0.1
2.0,2019.0,Türkiye,TUR,Solar,0,GWDC,5.57,0.08,0.18
3.0,2019.0,Türkiye,TUR,Solar,0,GWDC,5.65,0.08,0.26
4.0,2019.0,Türkiye,TUR,Solar,0,GWDC,5.69,0.04,0.3
5.0,2019.0,Türkiye,TUR,Solar,0,GWDC,5.76,0.07,0.37
6.0,2019.0,Türkiye,TUR,Solar,0,GWDC,5.78,0.02,0.39
7.0,2019.0,Türkiye,TUR,Solar,0,GWDC,5.83,0.05,0.44
8.0,2019.0,Türkiye,TUR,Solar,0,GWDC,5.85,0.02,0.46
9.0,2019.0,Türkiye,TUR,Solar,0,GWDC,5.96,0.11,0.57
10.0,2019.0,Türkiye,TUR,Solar,0,GWDC,6.0,0.04,0.61
11.0,2019.0,Türkiye,TUR,Solar,0,GWDC,6.25,0.25,0.86
12.0,2019.0,Türkiye,TUR,Solar,0,GWDC,6.34,0.09,0.95
1.0,2020.0,Türkiye,TUR,Solar,0,GWDC,6.37,0.03,0.03
2.0,2020.0,Türkiye,TUR,Solar,0,GWDC,6.41,0.04,0.07
3.0,2020.0,Türkiye,TUR,Solar,0,GWDC,6.45,0.04,0.11
4.0,2020.0,Türkiye,TUR,Solar,0,GWDC,6.48,0.03,0.14
5.0,2020.0,Türkiye,TUR,Solar,0,GWDC,6.5,0.02,0.16
6.0,2020.0,Türkiye,TUR,Solar,0,GWDC,6.54,0.04,0.2
7.0,2020.0,Türkiye,TUR,Solar,0,GWDC,6.61,0.07,0.27
8.0,2020.0,Türkiye,TUR,Solar,0,GWDC,6.67,0.06,0.33
9.0,2020.0,Türkiye,TUR,Solar,0,GWDC,6.76,0.09,0.42
10.0,2020.0,Türkiye,TUR,Solar,0,GWDC,6.88,0.12,0.54
11.0,2020.0,Türkiye,TUR,Solar,0,GWDC,6.96,0.08,0.62
12.0,2020.0,Türkiye,TUR,Solar,0,GWDC,7.18,0.22,0.84
1.0,2021.0,Türkiye,TUR,Solar,0,GWDC,7.3,0.12,0.12
2.0,2021.0,Türkiye,TUR,Solar,0,GWDC,7.37,0.07,0.19
3.0,2021.0,Türkiye,TUR,Solar,0,GWDC,7.5,0.13,0.32
4.0,2021.0,Türkiye,TUR,Solar,0,GWDC,7.62,0.12,0.44
5.0,2021.0,Türkiye,TUR,Solar,0,GWDC,7.72,0.1,0.54
6.0,2021.0,Türkiye,TUR,Solar,0,GWDC,7.84,0.12,0.66
7.0,2021.0,Türkiye,TUR,Solar,0,GWDC,7.96,0.12,0.78
8.0,2021.0,Türkiye,TUR,Solar,0,GWDC,8.12,0.16,0.94
9.0,2021.0,Türkiye,TUR,Solar,0,GWDC,8.22,0.1,1.04
10.0,2021.0,Türkiye,TUR,Solar,0,GWDC,8.36,0.14,1.18
11.0,2021.0,Türkiye,TUR,Solar,0,GWDC,8.48,0.12,1.3
12.0,2021.0,Türkiye,TUR,Solar,0,GWDC,8.59,0.11,1.41
1.0,2022.0,Türkiye,TUR,Solar,0,GWDC,8.67,0.08,0.08
2.0,2022.0,Türkiye,TUR,Solar,0,GWDC,8.76,0.09,0.17
3.0,2022.0,Türkiye,TUR,Solar,0,GWDC,8.94,0.18,0.35
4.0,2022.0,Türkiye,TUR,Solar,0,GWDC,9.1,0.16,0.51
5.0,2022.0,Türkiye,TUR,Solar,0,GWDC,9.24,0.14,0.65
6.0,2022.0,Türkiye,TUR,Solar,0,GWDC,9.48,0.24,0.89
7.0,2022.0,Türkiye,TUR,Solar,0,GWDC,9.71,0.23,1.12
8.0,2022.0,Türkiye,TUR,Solar,0,GWDC,9.92,0.21,1.33
9.0,2022.0,Türkiye,TUR,Solar,0,GWDC,10.14,0.22,1.55
10.0,2022.0,Türkiye,TUR,Solar,0,GWDC,10.39,0.25,1.8
11.0,2022.0,Türkiye,TUR,Solar,0,GWDC,10.68,0.29,2.09
12.0,2022.0,Türkiye,TUR,Solar,0,GWDC,10.92,0.24,2.33
1.0,2023.0,Türkiye,TUR,Solar,0,GWDC,11.13,0.21,0.21
2.0,2023.0,Türkiye,TUR,Solar,0,GWDC,11.33,0.2,0.41
3.0,2023.0,Türkiye,TUR,Solar,0,GWDC,11.59,0.26,0.67
4.0,2023.0,Türkiye,TUR,Solar,0,GWDC,11.83,0.24,0.91
5.0,2023.0,Türkiye,TUR,Solar,0,GWDC,12.1,0.27,1.18
6.0,2023.0,Türkiye,TUR,Solar,0,GWDC,12.39,0.29,1.47
7.0,2023.0,Türkiye,TUR,Solar,0,GWDC,12.73,0.34,1.81
8.0,2023.0,Türkiye,TUR,Solar,0,GWDC,13.12,0.39,2.2
9.0,2023.0,Türkiye,TUR,Solar,0,GWDC,13.43,0.31,2.51
10.0,2023.0,Türkiye,TUR,Solar,0,GWDC,15.03,1.6,4.11
11.0,2023.0,Türkiye,TUR,Solar,0,GWDC,15.28,0.25,4.36
12.0,2023.0,Türkiye,TUR,Solar,0,GWDC,15.73,0.45,4.81
1.0,2024.0,Türkiye,TUR,Solar,0,GWDC,15.94,0.21,0.21
2.0,2024.0,Türkiye,TUR,Solar,0,GWDC,16.29,0.35,0.56
3.0,2024.0,Türkiye,TUR,Solar,0,GWDC,16.76,0.47,1.03
4.0,2024.0,Türkiye,TUR,Solar,0,GWDC,17.12,0.36,1.39
5.0,2024.0,Türkiye,TUR,Solar,0,GWDC,17.5,0.38,1.77
6.0,2024.0,Türkiye,TUR,Solar,0,GWDC,18.0,0.5,2.27
7.0,2024.0,Türkiye,TUR,Solar,0,GWDC,18.3,0.3,2.57
8.0,2024.0,Türkiye,TUR,Solar,0,GWDC,18.67,0.37,2.94
9.0,2024.0,Türkiye,TUR,Solar,0,GWDC,18.98,0.31,3.25
10.0,2024.0,Türkiye,TUR,Solar,0,GWDC,19.33,0.35,3.6
11.0,2024.0,Türkiye,TUR,Solar,0,GWDC,19.65,0.32,3.92
12.0,2024.0,Türkiye,TUR,Solar,0,GWDC,20.22,0.57,4.49
1.0,2025.0,Türkiye,TUR,Solar,0,GWDC,20.7,0.48,0.48
2.0,2025.0,Türkiye,TUR,Solar,0,GWDC,21.76,1.06,1.54
3.0,2025.0,Türkiye,TUR,Solar,0,GWDC,22.32,0.56,2.1
4.0,2025.0,Türkiye,TUR,Solar,0,GWDC,22.52,0.2,2.3
5.0,2025.0,Türkiye,TUR,Solar,0,GWDC,22.78,0.26,2.56
6.0,2025.0,Türkiye,TUR,Solar,0,GWDC,22.96,0.18,2.74
1.0,2016.0,Türkiye,TUR,Wind onshore,0,GW,4.56,,
2.0,2016.0,Türkiye,TUR,Wind onshore,0,GW,4.58,0.02,
3.0,2016.0,Türkiye,TUR,Wind onshore,0,GW,4.62,0.04,
4.0,2016.0,Türkiye,TUR,Wind onshore,0,GW,4.67,0.05,
5.0,2016.0,Türkiye,TUR,Wind onshore,0,GW,4.78,0.11,
6.0,2016.0,Türkiye,TUR,Wind onshore,0,GW,4.95,0.17,
7.0,2016.0,Türkiye,TUR,Wind onshore,0,GW,5.08,0.13,
8.0,2016.0,Türkiye,TUR,Wind onshore,0,GW,5.14,0.06,
9.0,2016.0,Türkiye,TUR,Wind onshore,0,GW,5.22,0.08,
10.0,2016.0,Türkiye,TUR,Wind onshore,0,GW,5.28,0.06,
11.0,2016.0,Türkiye,TUR,Wind onshore,0,GW,5.39,0.11,
12.0,2016.0,Türkiye,TUR,Wind onshore,0,GW,5.75,0.36,
1.0,2017.0,Türkiye,TUR,Wind onshore,0,GW,5.79,0.04,0.04
2.0,2017.0,Türkiye,TUR,Wind onshore,0,GW,5.88,0.09,0.13
3.0,2017.0,Türkiye,TUR,Wind onshore,0,GW,5.99,0.11,0.24
4.0,2017.0,Türkiye,TUR,Wind onshore,0,GW,6.03,0.04,0.28
5.0,2017.0,Türkiye,TUR,Wind onshore,0,GW,6.14,0.11,0.39
6.0,2017.0,Türkiye,TUR,Wind onshore,0,GW,6.16,0.02,0.41
7.0,2017.0,Türkiye,TUR,Wind onshore,0,GW,6.2,0.04,0.45
8.0,2017.0,Türkiye,TUR,Wind onshore,0,GW,6.22,0.02,0.47
9.0,2017.0,Türkiye,TUR,Wind onshore,0,GW,6.29,0.07,0.54
10.0,2017.0,Türkiye,TUR,Wind onshore,0,GW,6.38,0.09,0.63
11.0,2017.0,Türkiye,TUR,Wind onshore,0,GW,6.48,0.1,0.73
12.0,2017.0,Türkiye,TUR,Wind onshore,0,GW,6.51,0.03,0.76
1.0,2018.0,Türkiye,TUR,Wind onshore,0,GW,6.54,0.03,0.03
2.0,2018.0,Türkiye,TUR,Wind onshore,0,GW,6.56,0.02,0.05
3.0,2018.0,Türkiye,TUR,Wind onshore,0,GW,6.6,0.04,0.09
4.0,2018.0,Türkiye,TUR,Wind onshore,0,GW,6.66,0.06,0.15
5.0,2018.0,Türkiye,TUR,Wind onshore,0,GW,6.66,0.0,0.15
6.0,2018.0,Türkiye,TUR,Wind onshore,0,GW,6.66,0.0,0.15
7.0,2018.0,Türkiye,TUR,Wind onshore,0,GW,6.68,0.02,0.17
8.0,2018.0,Türkiye,TUR,Wind onshore,0,GW,6.73,0.05,0.22
9.0,2018.0,Türkiye,TUR,Wind onshore,0,GW,6.81,0.08,0.3
10.0,2018.0,Türkiye,TUR,Wind onshore,0,GW,6.88,0.07,0.37
11.0,2018.0,Türkiye,TUR,Wind onshore,0,GW,6.95,0.07,0.44
12.0,2018.0,Türkiye,TUR,Wind onshore,0,GW,7.01,0.06,0.5
1.0,2019.0,Türkiye,TUR,Wind onshore,0,GW,7.01,0.0,0.0
2.0,2019.0,Türkiye,TUR,Wind onshore,0,GW,7.04,0.03,0.03
3.0,2019.0,Türkiye,TUR,Wind onshore,0,GW,7.08,0.04,0.07
4.0,2019.0,Türkiye,TUR,Wind onshore,0,GW,7.09,0.01,0.08
5.0,2019.0,Türkiye,TUR,Wind onshore,0,GW,7.16,0.07,0.15
6.0,2019.0,Türkiye,TUR,Wind onshore,0,GW,7.22,0.06,0.21
7.0,2019.0,Türkiye,TUR,Wind onshore,0,GW,7.23,0.01,0.22
8.0,2019.0,Türkiye,TUR,Wind onshore,0,GW,7.27,0.04,0.26
9.0,2019.0,Türkiye,TUR,Wind onshore,0,GW,7.4,0.13,0.39
10.0,2019.0,Türkiye,TUR,Wind onshore,0,GW,7.51,0.11,0.5
11.0,2019.0,Türkiye,TUR,Wind onshore,0,GW,7.56,0.05,0.55
12.0,2019.0,Türkiye,TUR,Wind onshore,0,GW,7.59,0.03,0.58
1.0,2020.0,Türkiye,TUR,Wind onshore,0,GW,7.61,0.02,0.02
2.0,2020.0,Türkiye,TUR,Wind onshore,0,GW,7.65,0.04,0.06
3.0,2020.0,Türkiye,TUR,Wind onshore,0,GW,7.76,0.11,0.17
4.0,2020.0,Türkiye,TUR,Wind onshore,0,GW,7.76,0.0,0.17
5.0,2020.0,Türkiye,TUR,Wind onshore,0,GW,7.81,0.05,0.22
6.0,2020.0,Türkiye,TUR,Wind onshore,0,GW,7.88,0.07,0.29
7.0,2020.0,Türkiye,TUR,Wind onshore,0,GW,7.97,0.09,0.38
8.0,2020.0,Türkiye,TUR,Wind onshore,0,GW,8.01,0.04,0.42
9.0,2020.0,Türkiye,TUR,Wind onshore,0,GW,8.08,0.07,0.49
10.0,2020.0,Türkiye,TUR,Wind onshore,0,GW,8.34,0.26,0.75
11.0,2020.0,Türkiye,TUR,Wind onshore,0,GW,8.52,0.18,0.93
12.0,2020.0,Türkiye,TUR,Wind onshore,0,GW,8.84,0.32,1.25
1.0,2021.0,Türkiye,TUR,Wind onshore,0,GW,9.01,0.17,0.17
2.0,2021.0,Türkiye,TUR,Wind onshore,0,GW,9.2,0.19,0.36
3.0,2021.0,Türkiye,TUR,Wind onshore,0,GW,9.37,0.17,0.53
4.0,2021.0,Türkiye,TUR,Wind onshore,0,GW,9.48,0.11,0.64
5.0,2021.0,Türkiye,TUR,Wind onshore,0,GW,9.66,0.18,0.82
6.0,2021.0,Türkiye,TUR,Wind onshore,0,GW,9.81,0.15,0.97
7.0,2021.0,Türkiye,TUR,Wind onshore,0,GW,9.92,0.11,1.08
8.0,2021.0,Türkiye,TUR,Wind onshore,0,GW,10.0,0.08,1.16
9.0,2021.0,Türkiye,TUR,Wind onshore,0,GW,10.16,0.16,1.32
10.0,2021.0,Türkiye,TUR,Wind onshore,0,GW,10.24,0.08,1.4
11.0,2021.0,Türkiye,TUR,Wind onshore,0,GW,10.42,0.18,1.58
12.0,2021.0,Türkiye,TUR,Wind onshore,0,GW,10.6,0.18,1.76
1.0,2022.0,Türkiye,TUR,Wind onshore,0,GW,10.67,0.07,0.07
2.0,2022.0,Türkiye,TUR,Wind onshore,0,GW,10.7,0.03,0.1
3.0,2022.0,Türkiye,TUR,Wind onshore,0,GW,10.85,0.15,0.25
4.0,2022.0,Türkiye,TUR,Wind onshore,0,GW,10.87,0.02,0.27
5.0,2022.0,Türkiye,TUR,Wind onshore,0,GW,10.9,0.03,0.3
6.0,2022.0,Türkiye,TUR,Wind onshore,0,GW,10.97,0.07,0.37
7.0,2022.0,Türkiye,TUR,Wind onshore,0,GW,11.02,0.05,0.42
8.0,2022.0,Türkiye,TUR,Wind onshore,0,GW,11.13,0.11,0.53
9.0,2022.0,Türkiye,TUR,Wind onshore,0,GW,11.19,0.06,0.59
10.0,2022.0,Türkiye,TUR,Wind onshore,0,GW,11.3,0.11,0.7
11.0,2022.0,Türkiye,TUR,Wind onshore,0,GW,11.36,0.06,0.76
12.0,2022.0,Türkiye,TUR,Wind onshore,0,GW,11.39,0.03,0.79
1.0,2023.0,Türkiye,TUR,Wind onshore,0,GW,11.4,0.01,0.01
2.0,2023.0,Türkiye,TUR,Wind onshore,0,GW,11.4,0.0,0.01
3.0,2023.0,Türkiye,TUR,Wind onshore,0,GW,11.42,0.02,0.03
4.0,2023.0,Türkiye,TUR,Wind onshore,0,GW,11.45,0.03,0.06
5.0,2023.0,Türkiye,TUR,Wind onshore,0,GW,11.48,0.03,0.09
6.0,2023.0,Türkiye,TUR,Wind onshore,0,GW,11.56,0.08,0.17
7.0,2023.0,Türkiye,TUR,Wind onshore,0,GW,11.57,0.01,0.18
8.0,2023.0,Türkiye,TUR,Wind onshore,0,GW,11.6,0.03,0.21
9.0,2023.0,Türkiye,TUR,Wind onshore,0,GW,11.6,0.0,0.21
10.0,2023.0,Türkiye,TUR,Wind onshore,0,GW,11.64,0.04,0.25
11.0,2023.0,Türkiye,TUR,Wind onshore,0,GW,11.7,0.06,0.31
12.0,2023.0,Türkiye,TUR,Wind onshore,0,GW,11.81,0.11,0.42
1.0,2024.0,Türkiye,TUR,Wind onshore,0,GW,11.88,0.07,0.07
2.0,2024.0,Türkiye,TUR,Wind onshore,0,GW,11.96,0.08,0.15
3.0,2024.0,Türkiye,TUR,Wind onshore,0,GW,12.08,0.12,0.27
4.0,2024.0,Türkiye,TUR,Wind onshore,0,GW,12.1,0.02,0.29
5.0,2024.0,Türkiye,TUR,Wind onshore,0,GW,12.2,0.1,0.39
6.0,2024.0,Türkiye,TUR,Wind onshore,0,GW,12.24,0.04,0.43
7.0,2024.0,Türkiye,TUR,Wind onshore,0,GW,12.31,0.07,0.5
8.0,2024.0,Türkiye,TUR,Wind onshore,0,GW,12.35,0.04,0.54
9.0,2024.0,Türkiye,TUR,Wind onshore,0,GW,12.38,0.03,0.57
10.0,2024.0,Türkiye,TUR,Wind onshore,0,GW,12.46,0.08,0.65
11.0,2024.0,Türkiye,TUR,Wind onshore,0,GW,12.59,0.13,0.78
12.0,2024.0,Türkiye,TUR,Wind onshore,0,GW,12.87,0.28,1.06
1.0,2025.0,Türkiye,TUR,Wind onshore,0,GW,13.05,0.18,0.18
2.0,2025.0,Türkiye,TUR,Wind onshore,0,GW,13.11,0.06,0.24
3.0,2025.0,Türkiye,TUR,Wind onshore,0,GW,13.21,0.1,0.34
4.0,2025.0,Türkiye,TUR,Wind onshore,0,GW,13.26,0.05,0.39
5.0,2025.0,Türkiye,TUR,Wind onshore,0,GW,13.39,0.13,0.52
6.0,2025.0,Türkiye,TUR,Wind onshore,0,GW,13.46,0.07,0.59
1.0,2016.0,Türkiye,TUR,Wind,1,GW,4.56,,
2.0,2016.0,Türkiye,TUR,Wind,1,GW,4.58,0.02,
3.0,2016.0,Türkiye,TUR,Wind,1,GW,4.62,0.04,
4.0,2016.0,Türkiye,TUR,Wind,1,GW,4.67,0.05,
5.0,2016.0,Türkiye,TUR,Wind,1,GW,4.78,0.11,
6.0,2016.0,Türkiye,TUR,Wind,1,GW,4.95,0.17,
7.0,2016.0,Türkiye,TUR,Wind,1,GW,5.08,0.13,
8.0,2016.0,Türkiye,TUR,Wind,1,GW,5.14,0.06,
9.0,2016.0,Türkiye,TUR,Wind,1,GW,5.22,0.08,
10.0,2016.0,Türkiye,TUR,Wind,1,GW,5.28,0.06,
11.0,2016.0,Türkiye,TUR,Wind,1,GW,5.39,0.11,
12.0,2016.0,Türkiye,TUR,Wind,1,GW,5.75,0.36,
1.0,2017.0,Türkiye,TUR,Wind,1,GW,5.79,0.04,0.04
2.0,2017.0,Türkiye,TUR,Wind,1,GW,5.88,0.09,0.13
3.0,2017.0,Türkiye,TUR,Wind,1,GW,5.99,0.11,0.24
4.0,2017.0,Türkiye,TUR,Wind,1,GW,6.03,0.04,0.28
5.0,2017.0,Türkiye,TUR,Wind,1,GW,6.14,0.11,0.39
6.0,2017.0,Türkiye,TUR,Wind,1,GW,6.16,0.02,0.41
7.0,2017.0,Türkiye,TUR,Wind,1,GW,6.2,0.04,0.45
8.0,2017.0,Türkiye,TUR,Wind,1,GW,6.22,0.02,0.47
9.0,2017.0,Türkiye,TUR,Wind,1,GW,6.29,0.07,0.54
10.0,2017.0,Türkiye,TUR,Wind,1,GW,6.38,0.09,0.63
11.0,2017.0,Türkiye,TUR,Wind,1,GW,6.48,0.1,0.73
12.0,2017.0,Türkiye,TUR,Wind,1,GW,6.51,0.03,0.76
1.0,2018.0,Türkiye,TUR,Wind,1,GW,6.54,0.03,0.03
2.0,2018.0,Türkiye,TUR,Wind,1,GW,6.56,0.02,0.05
3.0,2018.0,Türkiye,TUR,Wind,1,GW,6.6,0.04,0.09
4.0,2018.0,Türkiye,TUR,Wind,1,GW,6.66,0.06,0.15
5.0,2018.0,Türkiye,TUR,Wind,1,GW,6.66,0.0,0.15
6.0,2018.0,Türkiye,TUR,Wind,1,GW,6.66,0.0,0.15
7.0,2018.0,Türkiye,TUR,Wind,1,GW,6.68,0.02,0.17
8.0,2018.0,Türkiye,TUR,Wind,1,GW,6.73,0.05,0.22
9.0,2018.0,Türkiye,TUR,Wind,1,GW,6.81,0.08,0.3
10.0,2018.0,Türkiye,TUR,Wind,1,GW,6.88,0.07,0.37
11.0,2018.0,Türkiye,TUR,Wind,1,GW,6.95,0.07,0.44
12.0,2018.0,Türkiye,TUR,Wind,1,GW,7.01,0.06,0.5
1.0,2019.0,Türkiye,TUR,Wind,1,GW,7.01,0.0,0.0
2.0,2019.0,Türkiye,TUR,Wind,1,GW,7.04,0.03,0.03
3.0,2019.0,Türkiye,TUR,Wind,1,GW,7.08,0.04,0.07
4.0,2019.0,Türkiye,TUR,Wind,1,GW,7.09,0.01,0.08
5.0,2019.0,Türkiye,TUR,Wind,1,GW,7.16,0.07,0.15
6.0,2019.0,Türkiye,TUR,Wind,1,GW,7.22,0.06,0.21
7.0,2019.0,Türkiye,TUR,Wind,1,GW,7.23,0.01,0.22
8.0,2019.0,Türkiye,TUR,Wind,1,GW,7.27,0.04,0.26
9.0,2019.0,Türkiye,TUR,Wind,1,GW,7.4,0.13,0.39
10.0,2019.0,Türkiye,TUR,Wind,1,GW,7.51,0.11,0.5
11.0,2019.0,Türkiye,TUR,Wind,1,GW,7.56,0.05,0.55
12.0,2019.0,Türkiye,TUR,Wind,1,GW,7.59,0.03,0.58
1.0,2020.0,Türkiye,TUR,Wind,1,GW,7.61,0.02,0.02
2.0,2020.0,Türkiye,TUR,Wind,1,GW,7.65,0.04,0.06
3.0,2020.0,Türkiye,TUR,Wind,1,GW,7.76,0.11,0.17
4.0,2020.0,Türkiye,TUR,Wind,1,GW,7.76,0.0,0.17
5.0,2020.0,Türkiye,TUR,Wind,1,GW,7.81,0.05,0.22
6.0,2020.0,Türkiye,TUR,Wind,1,GW,7.88,0.07,0.29
7.0,2020.0,Türkiye,TUR,Wind,1,GW,7.97,0.09,0.38
8.0,2020.0,Türkiye,TUR,Wind,1,GW,8.01,0.04,0.42
9.0,2020.0,Türkiye,TUR,Wind,1,GW,8.08,0.07,0.49
10.0,2020.0,Türkiye,TUR,Wind,1,GW,8.34,0.26,0.75
11.0,2020.0,Türkiye,TUR,Wind,1,GW,8.52,0.18,0.93
12.0,2020.0,Türkiye,TUR,Wind,1,GW,8.84,0.32,1.25
1.0,2021.0,Türkiye,TUR,Wind,1,GW,9.01,0.17,0.17
2.0,2021.0,Türkiye,TUR,Wind,1,GW,9.2,0.19,0.36
3.0,2021.0,Türkiye,TUR,Wind,1,GW,9.37,0.17,0.53
4.0,2021.0,Türkiye,TUR,Wind,1,GW,9.48,0.11,0.64
5.0,2021.0,Türkiye,TUR,Wind,1,GW,9.66,0.18,0.82
6.0,2021.0,Türkiye,TUR,Wind,1,GW,9.81,0.15,0.97
7.0,2021.0,Türkiye,TUR,Wind,1,GW,9.92,0.11,1.08
8.0,2021.0,Türkiye,TUR,Wind,1,GW,10.0,0.08,1.16
9.0,2021.0,Türkiye,TUR,Wind,1,GW,10.16,0.16,1.32
10.0,2021.0,Türkiye,TUR,Wind,1,GW,10.24,0.08,1.4
11.0,2021.0,Türkiye,TUR,Wind,1,GW,10.42,0.18,1.58
12.0,2021.0,Türkiye,TUR,Wind,1,GW,10.6,0.18,1.76
1.0,2022.0,Türkiye,TUR,Wind,1,GW,10.67,0.07,0.07
2.0,2022.0,Türkiye,TUR,Wind,1,GW,10.7,0.03,0.1
3.0,2022.0,Türkiye,TUR,Wind,1,GW,10.85,0.15,0.25
4.0,2022.0,Türkiye,TUR,Wind,1,GW,10.87,0.02,0.27
5.0,2022.0,Türkiye,TUR,Wind,1,GW,10.9,0.03,0.3
6.0,2022.0,Türkiye,TUR,Wind,1,GW,10.97,0.07,0.37
7.0,2022.0,Türkiye,TUR,Wind,1,GW,11.02,0.05,0.42
8.0,2022.0,Türkiye,TUR,Wind,1,GW,11.13,0.11,0.53
9.0,2022.0,Türkiye,TUR,Wind,1,GW,11.19,0.06,0.59
10.0,2022.0,Türkiye,TUR,Wind,1,GW,11.3,0.11,0.7
11.0,2022.0,Türkiye,TUR,Wind,1,GW,11.36,0.06,0.76
12.0,2022.0,Türkiye,TUR,Wind,1,GW,11.39,0.03,0.79
1.0,2023.0,Türkiye,TUR,Wind,1,GW,11.4,0.01,0.01
2.0,2023.0,Türkiye,TUR,Wind,1,GW,11.4,0.0,0.01
3.0,2023.0,Türkiye,TUR,Wind,1,GW,11.42,0.02,0.03
4.0,2023.0,Türkiye,TUR,Wind,1,GW,11.45,0.03,0.06
5.0,2023.0,Türkiye,TUR,Wind,1,GW,11.48,0.03,0.09
6.0,2023.0,Türkiye,TUR,Wind,1,GW,11.56,0.08,0.17
7.0,2023.0,Türkiye,TUR,Wind,1,GW,11.57,0.01,0.18
8.0,2023.0,Türkiye,TUR,Wind,1,GW,11.6,0.03,0.21
9.0,2023.0,Türkiye,TUR,Wind,1,GW,11.6,0.0,0.21
10.0,2023.0,Türkiye,TUR,Wind,1,GW,11.64,0.04,0.25
11.0,2023.0,Türkiye,TUR,Wind,1,GW,11.7,0.06,0.31
12.0,2023.0,Türkiye,TUR,Wind,1,GW,11.81,0.11,0.42
1.0,2024.0,Türkiye,TUR,Wind,1,GW,11.88,0.07,0.07
2.0,2024.0,Türkiye,TUR,Wind,1,GW,11.96,0.08,0.15
3.0,2024.0,Türkiye,TUR,Wind,1,GW,12.08,0.12,0.27
4.0,2024.0,Türkiye,TUR,Wind,1,GW,12.1,0.02,0.29
5.0,2024.0,Türkiye,TUR,Wind,1,GW,12.2,0.1,0.39
6.0,2024.0,Türkiye,TUR,Wind,1,GW,12.24,0.04,0.43
7.0,2024.0,Türkiye,TUR,Wind,1,GW,12.31,0.07,0.5
8.0,2024.0,Türkiye,TUR,Wind,1,GW,12.35,0.04,0.54
9.0,2024.0,Türkiye,TUR,Wind,1,GW,12.38,0.03,0.57
10.0,2024.0,Türkiye,TUR,Wind,1,GW,12.46,0.08,0.65
11.0,2024.0,Türkiye,TUR,Wind,1,GW,12.59,0.13,0.78
12.0,2024.0,Türkiye,TUR,Wind,1,GW,12.87,0.28,1.06
1.0,2025.0,Türkiye,TUR,Wind,1,GW,13.05,0.18,0.18
2.0,2025.0,Türkiye,TUR,Wind,1,GW,13.11,0.06,0.24
3.0,2025.0,Türkiye,TUR,Wind,1,GW,13.21,0.1,0.34
4.0,2025.0,Türkiye,TUR,Wind,1,GW,13.26,0.05,0.39
5.0,2025.0,Türkiye,TUR,Wind,1,GW,13.39,0.13,0.52
6.0,2025.0,Türkiye,TUR,Wind,1,GW,13.46,0.07,0.59
1.0,2016.0,Türkiye,TUR,Wind and solar,1,GW,4.91,,
2.0,2016.0,Türkiye,TUR,Wind and solar,1,GW,4.99,0.08,
3.0,2016.0,Türkiye,TUR,Wind and solar,1,GW,5.06,0.07,
4.0,2016.0,Türkiye,TUR,Wind and solar,1,GW,5.19,0.13,
5.0,2016.0,Türkiye,TUR,Wind and solar,1,GW,5.35,0.16,
6.0,2016.0,Türkiye,TUR,Wind and solar,1,GW,5.59,0.24,
7.0,2016.0,Türkiye,TUR,Wind and solar,1,GW,5.74,0.15,
8.0,2016.0,Türkiye,TUR,Wind and solar,1,GW,5.85,0.11,
9.0,2016.0,Türkiye,TUR,Wind and solar,1,GW,5.98,0.13,
10.0,2016.0,Türkiye,TUR,Wind and solar,1,GW,6.14,0.16,
11.0,2016.0,Türkiye,TUR,Wind and solar,1,GW,6.32,0.18,
12.0,2016.0,Türkiye,TUR,Wind and solar,1,GW,6.8,0.48,
1.0,2017.0,Türkiye,TUR,Wind and solar,1,GW,6.89,0.09,0.09
2.0,2017.0,Türkiye,TUR,Wind and solar,1,GW,7.09,0.2,0.29
3.0,2017.0,Türkiye,TUR,Wind and solar,1,GW,7.3,0.21,0.5
4.0,2017.0,Türkiye,TUR,Wind and solar,1,GW,7.41,0.11,0.61
5.0,2017.0,Türkiye,TUR,Wind and solar,1,GW,7.67,0.26,0.87
6.0,2017.0,Türkiye,TUR,Wind and solar,1,GW,7.77,0.1,0.97
7.0,2017.0,Türkiye,TUR,Wind and solar,1,GW,7.93,0.16,1.13
8.0,2017.0,Türkiye,TUR,Wind and solar,1,GW,8.11,0.18,1.31
9.0,2017.0,Türkiye,TUR,Wind and solar,1,GW,8.42,0.31,1.62
10.0,2017.0,Türkiye,TUR,Wind and solar,1,GW,8.74,0.32,1.94
11.0,2017.0,Türkiye,TUR,Wind and solar,1,GW,9.13,0.39,2.33
12.0,2017.0,Türkiye,TUR,Wind and solar,1,GW,9.68,0.55,2.88
1.0,2018.0,Türkiye,TUR,Wind and solar,1,GW,10.48,0.8,0.8
2.0,2018.0,Türkiye,TUR,Wind and solar,1,GW,10.93,0.45,1.25
3.0,2018.0,Türkiye,TUR,Wind and solar,1,GW,11.26,0.33,1.58
4.0,2018.0,Türkiye,TUR,Wind and solar,1,GW,11.43,0.17,1.75
5.0,2018.0,Türkiye,TUR,Wind and solar,1,GW,11.55,0.12,1.87
6.0,2018.0,Türkiye,TUR,Wind and solar,1,GW,11.62,0.07,1.94
7.0,2018.0,Türkiye,TUR,Wind and solar,1,GW,11.71,0.09,2.03
8.0,2018.0,Türkiye,TUR,Wind and solar,1,GW,11.82,0.11,2.14
9.0,2018.0,Türkiye,TUR,Wind and solar,1,GW,12.01,0.19,2.33
10.0,2018.0,Türkiye,TUR,Wind and solar,1,GW,12.14,0.13,2.46
11.0,2018.0,Türkiye,TUR,Wind and solar,1,GW,12.28,0.14,2.6
12.0,2018.0,Türkiye,TUR,Wind and solar,1,GW,12.39,0.11,2.71
1.0,2019.0,Türkiye,TUR,Wind and solar,1,GW,12.51,0.12,0.12
2.0,2019.0,Türkiye,TUR,Wind and solar,1,GW,12.61,0.1,0.22
3.0,2019.0,Türkiye,TUR,Wind and solar,1,GW,12.74,0.13,0.35
4.0,2019.0,Türkiye,TUR,Wind and solar,1,GW,12.78,0.04,0.39
5.0,2019.0,Türkiye,TUR,Wind and solar,1,GW,12.91,0.13,0.52
6.0,2019.0,Türkiye,TUR,Wind and solar,1,GW,13.0,0.09,0.61
7.0,2019.0,Türkiye,TUR,Wind and solar,1,GW,13.06,0.06,0.67
8.0,2019.0,Türkiye,TUR,Wind and solar,1,GW,13.12,0.06,0.73
9.0,2019.0,Türkiye,TUR,Wind and solar,1,GW,13.35,0.23,0.96
10.0,2019.0,Türkiye,TUR,Wind and solar,1,GW,13.51,0.16,1.12
11.0,2019.0,Türkiye,TUR,Wind and solar,1,GW,13.8,0.29,1.41
12.0,2019.0,Türkiye,TUR,Wind and solar,1,GW,13.93,0.13,1.54
1.0,2020.0,Türkiye,TUR,Wind and solar,1,GW,13.99,0.06,0.06
2.0,2020.0,Türkiye,TUR,Wind and solar,1,GW,14.06,0.07,0.13
3.0,2020.0,Türkiye,TUR,Wind and solar,1,GW,14.21,0.15,0.28
4.0,2020.0,Türkiye,TUR,Wind and solar,1,GW,14.25,0.04,0.32
5.0,2020.0,Türkiye,TUR,Wind and solar,1,GW,14.31,0.06,0.38
6.0,2020.0,Türkiye,TUR,Wind and solar,1,GW,14.41,0.1,0.48
7.0,2020.0,Türkiye,TUR,Wind and solar,1,GW,14.57,0.16,0.64
8.0,2020.0,Türkiye,TUR,Wind and solar,1,GW,14.69,0.12,0.76
9.0,2020.0,Türkiye,TUR,Wind and solar,1,GW,14.84,0.15,0.91
10.0,2020.0,Türkiye,TUR,Wind and solar,1,GW,15.23,0.39,1.3
11.0,2020.0,Türkiye,TUR,Wind and solar,1,GW,15.48,0.25,1.55
12.0,2020.0,Türkiye,TUR,Wind and solar,1,GW,16.02,0.54,2.09
1.0,2021.0,Türkiye,TUR,Wind and solar,1,GW,16.31,0.29,0.29
2.0,2021.0,Türkiye,TUR,Wind and solar,1,GW,16.57,0.26,0.55
3.0,2021.0,Türkiye,TUR,Wind and solar,1,GW,16.86,0.29,0.84
4.0,2021.0,Türkiye,TUR,Wind and solar,1,GW,17.1,0.24,1.08
5.0,2021.0,Türkiye,TUR,Wind and solar,1,GW,17.38,0.28,1.36
6.0,2021.0,Türkiye,TUR,Wind and solar,1,GW,17.65,0.27,1.63
7.0,2021.0,Türkiye,TUR,Wind and solar,1,GW,17.88,0.23,1.86
8.0,2021.0,Türkiye,TUR,Wind and solar,1,GW,18.12,0.24,2.1
9.0,2021.0,Türkiye,TUR,Wind and solar,1,GW,18.37,0.25,2.35
10.0,2021.0,Türkiye,TUR,Wind and solar,1,GW,18.6,0.23,2.58
11.0,2021.0,Türkiye,TUR,Wind and solar,1,GW,18.9,0.3,2.88
12.0,2021.0,Türkiye,TUR,Wind and solar,1,GW,19.19,0.29,3.17
1.0,2022.0,Türkiye,TUR,Wind and solar,1,GW,19.34,0.15,0.15
2.0,2022.0,Türkiye,TUR,Wind and solar,1,GW,19.46,0.12,0.27
3.0,2022.0,Türkiye,TUR,Wind and solar,1,GW,19.79,0.33,0.6
4.0,2022.0,Türkiye,TUR,Wind and solar,1,GW,19.97,0.18,0.78
5.0,2022.0,Türkiye,TUR,Wind and solar,1,GW,20.15,0.18,0.96
6.0,2022.0,Türkiye,TUR,Wind and solar,1,GW,20.45,0.3,1.26
7.0,2022.0,Türkiye,TUR,Wind and solar,1,GW,20.73,0.28,1.54
8.0,2022.0,Türkiye,TUR,Wind and solar,1,GW,21.04,0.31,1.85
9.0,2022.0,Türkiye,TUR,Wind and solar,1,GW,21.33,0.29,2.14
10.0,2022.0,Türkiye,TUR,Wind and solar,1,GW,21.68,0.35,2.49
11.0,2022.0,Türkiye,TUR,Wind and solar,1,GW,22.03,0.35,2.84
12.0,2022.0,Türkiye,TUR,Wind and solar,1,GW,22.3,0.27,3.11
1.0,2023.0,Türkiye,TUR,Wind and solar,1,GW,22.52,0.22,0.22
2.0,2023.0,Türkiye,TUR,Wind and solar,1,GW,22.72,0.2,0.42
3.0,2023.0,Türkiye,TUR,Wind and solar,1,GW,23.01,0.29,0.71
4.0,2023.0,Türkiye,TUR,Wind and solar,1,GW,23.28,0.27,0.98
5.0,2023.0,Türkiye,TUR,Wind and solar,1,GW,23.58,0.3,1.28
6.0,2023.0,Türkiye,TUR,Wind and solar,1,GW,23.95,0.37,1.65
7.0,2023.0,Türkiye,TUR,Wind and solar,1,GW,24.3,0.35,2.0
8.0,2023.0,Türkiye,TUR,Wind and solar,1,GW,24.71,0.41,2.41
9.0,2023.0,Türkiye,TUR,Wind and solar,1,GW,25.03,0.32,2.73
10.0,2023.0,Türkiye,TUR,Wind and solar,1,GW,26.66,1.63,4.36
11.0,2023.0,Türkiye,TUR,Wind and solar,1,GW,26.98,0.32,4.68
12.0,2023.0,Türkiye,TUR,Wind and solar,1,GW,27.54,0.56,5.24
1.0,2024.0,Türkiye,TUR,Wind and solar,1,GW,27.82,0.28,0.28
2.0,2024.0,Türkiye,TUR,Wind and solar,1,GW,28.26,0.44,0.72
3.0,2024.0,Türkiye,TUR,Wind and solar,1,GW,28.84,0.58,1.3
4.0,2024.0,Türkiye,TUR,Wind and solar,1,GW,29.22,0.38,1.68
5.0,2024.0,Türkiye,TUR,Wind and solar,1,GW,29.69,0.47,2.15
6.0,2024.0,Türkiye,TUR,Wind and solar,1,GW,30.24,0.55,2.7
7.0,2024.0,Türkiye,TUR,Wind and solar,1,GW,30.62,0.38,3.08
8.0,2024.0,Türkiye,TUR,Wind and solar,1,GW,31.02,0.4,3.48
9.0,2024.0,Türkiye,TUR,Wind and solar,1,GW,31.36,0.34,3.82
10.0,2024.0,Türkiye,TUR,Wind and solar,1,GW,31.8,0.44,4.26
11.0,2024.0,Türkiye,TUR,Wind and solar,1,GW,32.24,0.44,4.7
12.0,2024.0,Türkiye,TUR,Wind and solar,1,GW,33.09,0.85,5.55
1.0,2025.0,Türkiye,TUR,Wind and solar,1,GW,33.75,0.66,0.66
2.0,2025.0,Türkiye,TUR,Wind and solar,1,GW,34.86,1.11,1.77
3.0,2025.0,Türkiye,TUR,Wind and solar,1,GW,35.53,0.67,2.44
4.0,2025.0,Türkiye,TUR,Wind and solar,1,GW,35.78,0.25,2.69
5.0,2025.0,Türkiye,TUR,Wind and solar,1,GW,36.17,0.39,3.08
6.0,2025.0,Türkiye,TUR,Wind and solar,1,GW,36.42,0.25,3.33
1.0,2016.0,Taiwan (China),TWN,Solar,0,GWAC,0.7,0.02,0.02
2.0,2016.0,Taiwan (China),TWN,Solar,0,GWAC,0.71,0.01,0.03
3.0,2016.0,Taiwan (China),TWN,Solar,0,GWAC,0.71,0.0,0.03
4.0,2016.0,Taiwan (China),TWN,Solar,0,GWAC,0.72,0.01,0.04
5.0,2016.0,Taiwan (China),TWN,Solar,0,GWAC,0.72,0.0,0.04
6.0,2016.0,Taiwan (China),TWN,Solar,0,GWAC,0.73,0.01,0.05
7.0,2016.0,Taiwan (China),TWN,Solar,0,GWAC,0.74,0.01,0.06
8.0,2016.0,Taiwan (China),TWN,Solar,0,GWAC,0.76,0.02,0.08
9.0,2016.0,Taiwan (China),TWN,Solar,0,GWAC,0.77,0.01,0.09
10.0,2016.0,Taiwan (China),TWN,Solar,0,GWAC,0.78,0.01,0.1
11.0,2016.0,Taiwan (China),TWN,Solar,0,GWAC,0.82,0.04,0.14
12.0,2016.0,Taiwan (China),TWN,Solar,0,GWAC,0.96,0.14,0.28
1.0,2017.0,Taiwan (China),TWN,Solar,0,GWAC,0.97,0.01,0.01
2.0,2017.0,Taiwan (China),TWN,Solar,0,GWAC,0.98,0.01,0.02
3.0,2017.0,Taiwan (China),TWN,Solar,0,GWAC,1.0,0.02,0.04
4.0,2017.0,Taiwan (China),TWN,Solar,0,GWAC,1.01,0.01,0.05
5.0,2017.0,Taiwan (China),TWN,Solar,0,GWAC,1.02,0.01,0.06
6.0,2017.0,Taiwan (China),TWN,Solar,0,GWAC,1.04,0.02,0.08
7.0,2017.0,Taiwan (China),TWN,Solar,0,GWAC,1.06,0.02,0.1
8.0,2017.0,Taiwan (China),TWN,Solar,0,GWAC,1.08,0.02,0.12
9.0,2017.0,Taiwan (China),TWN,Solar,0,GWAC,1.12,0.04,0.16
10.0,2017.0,Taiwan (China),TWN,Solar,0,GWAC,1.16,0.04,0.2
11.0,2017.0,Taiwan (China),TWN,Solar,0,GWAC,1.21,0.05,0.25
12.0,2017.0,Taiwan (China),TWN,Solar,0,GWAC,1.36,0.15,0.4
1.0,2018.0,Taiwan (China),TWN,Solar,0,GWAC,1.39,0.03,0.03
2.0,2018.0,Taiwan (China),TWN,Solar,0,GWAC,1.44,0.05,0.08
3.0,2018.0,Taiwan (China),TWN,Solar,0,GWAC,1.49,0.05,0.13
4.0,2018.0,Taiwan (China),TWN,Solar,0,GWAC,1.56,0.07,0.2
5.0,2018.0,Taiwan (China),TWN,Solar,0,GWAC,1.67,0.11,0.31
6.0,2018.0,Taiwan (China),TWN,Solar,0,GWAC,1.72,0.05,0.36
7.0,2018.0,Taiwan (China),TWN,Solar,0,GWAC,1.76,0.04,0.4
8.0,2018.0,Taiwan (China),TWN,Solar,0,GWAC,1.8,0.04,0.44
9.0,2018.0,Taiwan (China),TWN,Solar,0,GWAC,1.85,0.05,0.49
10.0,2018.0,Taiwan (China),TWN,Solar,0,GWAC,1.95,0.1,0.59
11.0,2018.0,Taiwan (China),TWN,Solar,0,GWAC,2.02,0.07,0.66
12.0,2018.0,Taiwan (China),TWN,Solar,0,GWAC,2.11,0.09,0.75
1.0,2019.0,Taiwan (China),TWN,Solar,0,GWAC,2.18,0.07,0.07
2.0,2019.0,Taiwan (China),TWN,Solar,0,GWAC,2.22,0.04,0.11
3.0,2019.0,Taiwan (China),TWN,Solar,0,GWAC,2.38,0.16,0.27
4.0,2019.0,Taiwan (China),TWN,Solar,0,GWAC,2.48,0.1,0.37
5.0,2019.0,Taiwan (China),TWN,Solar,0,GWAC,2.5,0.02,0.39
6.0,2019.0,Taiwan (China),TWN,Solar,0,GWAC,2.69,0.19,0.58
7.0,2019.0,Taiwan (China),TWN,Solar,0,GWAC,2.81,0.12,0.7
8.0,2019.0,Taiwan (China),TWN,Solar,0,GWAC,2.84,0.03,0.73
9.0,2019.0,Taiwan (China),TWN,Solar,0,GWAC,2.91,0.07,0.8
10.0,2019.0,Taiwan (China),TWN,Solar,0,GWAC,3.03,0.12,0.92
11.0,2019.0,Taiwan (China),TWN,Solar,0,GWAC,3.09,0.06,0.98
12.0,2019.0,Taiwan (China),TWN,Solar,0,GWAC,3.19,0.1,1.08
1.0,2020.0,Taiwan (China),TWN,Solar,0,GWAC,3.23,0.04,0.04
2.0,2020.0,Taiwan (China),TWN,Solar,0,GWAC,3.28,0.05,0.09
3.0,2020.0,Taiwan (China),TWN,Solar,0,GWAC,3.32,0.04,0.13
4.0,2020.0,Taiwan (China),TWN,Solar,0,GWAC,3.45,0.13,0.26
5.0,2020.0,Taiwan (China),TWN,Solar,0,GWAC,3.51,0.06,0.32
6.0,2020.0,Taiwan (China),TWN,Solar,0,GWAC,3.62,0.11,0.43
7.0,2020.0,Taiwan (China),TWN,Solar,0,GWAC,3.67,0.05,0.48
8.0,2020.0,Taiwan (China),TWN,Solar,0,GWAC,3.76,0.09,0.57
9.0,2020.0,Taiwan (China),TWN,Solar,0,GWAC,3.83,0.07,0.64
10.0,2020.0,Taiwan (China),TWN,Solar,0,GWAC,4.01,0.18,0.82
11.0,2020.0,Taiwan (China),TWN,Solar,0,GWAC,4.2,0.19,1.01
12.0,2020.0,Taiwan (China),TWN,Solar,0,GWAC,4.47,0.27,1.28
1.0,2021.0,Taiwan (China),TWN,Solar,0,GWAC,4.51,0.04,0.04
2.0,2021.0,Taiwan (China),TWN,Solar,0,GWAC,4.54,0.03,0.07
3.0,2021.0,Taiwan (China),TWN,Solar,0,GWAC,4.62,0.08,0.15
4.0,2021.0,Taiwan (China),TWN,Solar,0,GWAC,4.71,0.09,0.24
5.0,2021.0,Taiwan (China),TWN,Solar,0,GWAC,4.8,0.09,0.33
6.0,2021.0,Taiwan (China),TWN,Solar,0,GWAC,5.09,0.29,0.62
7.0,2021.0,Taiwan (China),TWN,Solar,0,GWAC,5.2,0.11,0.73
8.0,2021.0,Taiwan (China),TWN,Solar,0,GWAC,5.31,0.11,0.84
9.0,2021.0,Taiwan (China),TWN,Solar,0,GWAC,5.39,0.08,0.92
10.0,2021.0,Taiwan (China),TWN,Solar,0,GWAC,5.47,0.08,1.0
11.0,2021.0,Taiwan (China),TWN,Solar,0,GWAC,5.59,0.12,1.12
12.0,2021.0,Taiwan (China),TWN,Solar,0,GWAC,5.92,0.33,1.45
1.0,2022.0,Taiwan (China),TWN,Solar,0,GWAC,6.03,0.11,0.11
2.0,2022.0,Taiwan (China),TWN,Solar,0,GWAC,6.08,0.05,0.16
3.0,2022.0,Taiwan (China),TWN,Solar,0,GWAC,6.19,0.11,0.27
4.0,2022.0,Taiwan (China),TWN,Solar,0,GWAC,6.28,0.09,0.36
5.0,2022.0,Taiwan (China),TWN,Solar,0,GWAC,6.45,0.17,0.53
6.0,2022.0,Taiwan (China),TWN,Solar,0,GWAC,6.69,0.24,0.77
7.0,2022.0,Taiwan (China),TWN,Solar,0,GWAC,6.77,0.08,0.85
8.0,2022.0,Taiwan (China),TWN,Solar,0,GWAC,6.86,0.09,0.94
9.0,2022.0,Taiwan (China),TWN,Solar,0,GWAC,6.98,0.12,1.06
10.0,2022.0,Taiwan (China),TWN,Solar,0,GWAC,7.04,0.06,1.12
11.0,2022.0,Taiwan (China),TWN,Solar,0,GWAC,7.12,0.08,1.2
12.0,2022.0,Taiwan (China),TWN,Solar,0,GWAC,7.48,0.36,1.56
1.0,2023.0,Taiwan (China),TWN,Solar,0,GWAC,7.75,0.27,0.27
2.0,2023.0,Taiwan (China),TWN,Solar,0,GWAC,7.82,0.07,0.34
3.0,2023.0,Taiwan (China),TWN,Solar,0,GWAC,7.93,0.11,0.45
4.0,2023.0,Taiwan (China),TWN,Solar,0,GWAC,8.06,0.13,0.58
5.0,2023.0,Taiwan (China),TWN,Solar,0,GWAC,8.25,0.19,0.77
6.0,2023.0,Taiwan (China),TWN,Solar,0,GWAC,8.46,0.21,0.98
7.0,2023.0,Taiwan (China),TWN,Solar,0,GWAC,8.64,0.18,1.16
8.0,2023.0,Taiwan (China),TWN,Solar,0,GWAC,8.79,0.15,1.31
9.0,2023.0,Taiwan (China),TWN,Solar,0,GWAC,8.89,0.1,1.41
10.0,2023.0,Taiwan (China),TWN,Solar,0,GWAC,9.0,0.11,1.52
11.0,2023.0,Taiwan (China),TWN,Solar,0,GWAC,9.24,0.24,1.76
12.0,2023.0,Taiwan (China),TWN,Solar,0,GWAC,9.55,0.31,2.07
1.0,2024.0,Taiwan (China),TWN,Solar,0,GWAC,9.58,0.03,0.03
2.0,2024.0,Taiwan (China),TWN,Solar,0,GWAC,9.67,0.09,0.12
3.0,2024.0,Taiwan (China),TWN,Solar,0,GWAC,9.86,0.19,0.31
4.0,2024.0,Taiwan (China),TWN,Solar,0,GWAC,9.97,0.11,0.42
5.0,2024.0,Taiwan (China),TWN,Solar,0,GWAC,10.17,0.2,0.62
6.0,2024.0,Taiwan (China),TWN,Solar,0,GWAC,10.3,0.13,0.75
7.0,2024.0,Taiwan (China),TWN,Solar,0,GWAC,10.4,0.1,0.85
8.0,2024.0,Taiwan (China),TWN,Solar,0,GWAC,10.48,0.08,0.93
9.0,2024.0,Taiwan (China),TWN,Solar,0,GWAC,10.54,0.06,0.99
10.0,2024.0,Taiwan (China),TWN,Solar,0,GWAC,10.63,0.09,1.08
11.0,2024.0,Taiwan (China),TWN,Solar,0,GWAC,10.71,0.08,1.16
12.0,2024.0,Taiwan (China),TWN,Solar,0,GWAC,10.99,0.28,1.44
1.0,2025.0,Taiwan (China),TWN,Solar,0,GWAC,11.05,0.06,0.06
2.0,2025.0,Taiwan (China),TWN,Solar,0,GWAC,11.11,0.06,0.12
3.0,2025.0,Taiwan (China),TWN,Solar,0,GWAC,11.16,0.05,0.17
4.0,2025.0,Taiwan (China),TWN,Solar,0,GWAC,11.25,0.09,0.26
5.0,2025.0,Taiwan (China),TWN,Solar,0,GWAC,11.33,0.08,0.34
6.0,2025.0,Taiwan (China),TWN,Solar,0,GWAC,11.42,0.09,0.43
7.0,2025.0,Taiwan (China),TWN,Solar,0,GWAC,11.49,0.07,0.5
1.0,2016.0,Taiwan (China),TWN,Solar,0,GWDC,0.91,0.03,0.03
2.0,2016.0,Taiwan (China),TWN,Solar,0,GWDC,0.92,0.01,0.04
3.0,2016.0,Taiwan (China),TWN,Solar,0,GWDC,0.93,0.01,0.05
4.0,2016.0,Taiwan (China),TWN,Solar,0,GWDC,0.93,0.0,0.05
5.0,2016.0,Taiwan (China),TWN,Solar,0,GWDC,0.94,0.01,0.06
6.0,2016.0,Taiwan (China),TWN,Solar,0,GWDC,0.95,0.01,0.07
7.0,2016.0,Taiwan (China),TWN,Solar,0,GWDC,0.97,0.02,0.09
8.0,2016.0,Taiwan (China),TWN,Solar,0,GWDC,0.99,0.02,0.11
9.0,2016.0,Taiwan (China),TWN,Solar,0,GWDC,1.0,0.01,0.12
10.0,2016.0,Taiwan (China),TWN,Solar,0,GWDC,1.02,0.02,0.14
11.0,2016.0,Taiwan (China),TWN,Solar,0,GWDC,1.07,0.05,0.19
12.0,2016.0,Taiwan (China),TWN,Solar,0,GWDC,1.25,0.18,0.37
1.0,2017.0,Taiwan (China),TWN,Solar,0,GWDC,1.26,0.01,0.01
2.0,2017.0,Taiwan (China),TWN,Solar,0,GWDC,1.27,0.01,0.02
3.0,2017.0,Taiwan (China),TWN,Solar,0,GWDC,1.3,0.03,0.05
4.0,2017.0,Taiwan (China),TWN,Solar,0,GWDC,1.31,0.01,0.06
5.0,2017.0,Taiwan (China),TWN,Solar,0,GWDC,1.32,0.01,0.07
6.0,2017.0,Taiwan (China),TWN,Solar,0,GWDC,1.35,0.03,0.1
7.0,2017.0,Taiwan (China),TWN,Solar,0,GWDC,1.37,0.02,0.12
8.0,2017.0,Taiwan (China),TWN,Solar,0,GWDC,1.41,0.04,0.16
9.0,2017.0,Taiwan (China),TWN,Solar,0,GWDC,1.46,0.05,0.21
10.0,2017.0,Taiwan (China),TWN,Solar,0,GWDC,1.51,0.05,0.26
11.0,2017.0,Taiwan (China),TWN,Solar,0,GWDC,1.58,0.07,0.33
12.0,2017.0,Taiwan (China),TWN,Solar,0,GWDC,1.77,0.19,0.52
1.0,2018.0,Taiwan (China),TWN,Solar,0,GWDC,1.81,0.04,0.04
2.0,2018.0,Taiwan (China),TWN,Solar,0,GWDC,1.87,0.06,0.1
3.0,2018.0,Taiwan (China),TWN,Solar,0,GWDC,1.94,0.07,0.17
4.0,2018.0,Taiwan (China),TWN,Solar,0,GWDC,2.03,0.09,0.26
5.0,2018.0,Taiwan (China),TWN,Solar,0,GWDC,2.17,0.14,0.4
6.0,2018.0,Taiwan (China),TWN,Solar,0,GWDC,2.24,0.07,0.47
7.0,2018.0,Taiwan (China),TWN,Solar,0,GWDC,2.29,0.05,0.52
8.0,2018.0,Taiwan (China),TWN,Solar,0,GWDC,2.34,0.05,0.57
9.0,2018.0,Taiwan (China),TWN,Solar,0,GWDC,2.4,0.06,0.63
10.0,2018.0,Taiwan (China),TWN,Solar,0,GWDC,2.54,0.14,0.77
11.0,2018.0,Taiwan (China),TWN,Solar,0,GWDC,2.62,0.08,0.85
12.0,2018.0,Taiwan (China),TWN,Solar,0,GWDC,2.74,0.12,0.97
1.0,2019.0,Taiwan (China),TWN,Solar,0,GWDC,2.83,0.09,0.09
2.0,2019.0,Taiwan (China),TWN,Solar,0,GWDC,2.89,0.06,0.15
3.0,2019.0,Taiwan (China),TWN,Solar,0,GWDC,3.09,0.2,0.35
4.0,2019.0,Taiwan (China),TWN,Solar,0,GWDC,3.22,0.13,0.48
5.0,2019.0,Taiwan (China),TWN,Solar,0,GWDC,3.25,0.03,0.51
6.0,2019.0,Taiwan (China),TWN,Solar,0,GWDC,3.49,0.24,0.75
7.0,2019.0,Taiwan (China),TWN,Solar,0,GWDC,3.65,0.16,0.91
8.0,2019.0,Taiwan (China),TWN,Solar,0,GWDC,3.69,0.04,0.95
9.0,2019.0,Taiwan (China),TWN,Solar,0,GWDC,3.79,0.1,1.05
10.0,2019.0,Taiwan (China),TWN,Solar,0,GWDC,3.94,0.15,1.2
11.0,2019.0,Taiwan (China),TWN,Solar,0,GWDC,4.02,0.08,1.28
12.0,2019.0,Taiwan (China),TWN,Solar,0,GWDC,4.15,0.13,1.41
1.0,2020.0,Taiwan (China),TWN,Solar,0,GWDC,4.2,0.05,0.05
2.0,2020.0,Taiwan (China),TWN,Solar,0,GWDC,4.26,0.06,0.11
3.0,2020.0,Taiwan (China),TWN,Solar,0,GWDC,4.32,0.06,0.17
4.0,2020.0,Taiwan (China),TWN,Solar,0,GWDC,4.48,0.16,0.33
5.0,2020.0,Taiwan (China),TWN,Solar,0,GWDC,4.56,0.08,0.41
6.0,2020.0,Taiwan (China),TWN,Solar,0,GWDC,4.7,0.14,0.55
7.0,2020.0,Taiwan (China),TWN,Solar,0,GWDC,4.77,0.07,0.62
8.0,2020.0,Taiwan (China),TWN,Solar,0,GWDC,4.89,0.12,0.74
9.0,2020.0,Taiwan (China),TWN,Solar,0,GWDC,4.98,0.09,0.83
10.0,2020.0,Taiwan (China),TWN,Solar,0,GWDC,5.21,0.23,1.06
11.0,2020.0,Taiwan (China),TWN,Solar,0,GWDC,5.46,0.25,1.31
12.0,2020.0,Taiwan (China),TWN,Solar,0,GWDC,5.82,0.36,1.67
1.0,2021.0,Taiwan (China),TWN,Solar,0,GWDC,5.86,0.04,0.04
2.0,2021.0,Taiwan (China),TWN,Solar,0,GWDC,5.9,0.04,0.08
3.0,2021.0,Taiwan (China),TWN,Solar,0,GWDC,6.0,0.1,0.18
4.0,2021.0,Taiwan (China),TWN,Solar,0,GWDC,6.12,0.12,0.3
5.0,2021.0,Taiwan (China),TWN,Solar,0,GWDC,6.24,0.12,0.42
6.0,2021.0,Taiwan (China),TWN,Solar,0,GWDC,6.62,0.38,0.8
7.0,2021.0,Taiwan (China),TWN,Solar,0,GWDC,6.76,0.14,0.94
8.0,2021.0,Taiwan (China),TWN,Solar,0,GWDC,6.9,0.14,1.08
9.0,2021.0,Taiwan (China),TWN,Solar,0,GWDC,7.0,0.1,1.18
10.0,2021.0,Taiwan (China),TWN,Solar,0,GWDC,7.11,0.11,1.29
11.0,2021.0,Taiwan (China),TWN,Solar,0,GWDC,7.27,0.16,1.45
12.0,2021.0,Taiwan (China),TWN,Solar,0,GWDC,7.7,0.43,1.88
1.0,2022.0,Taiwan (China),TWN,Solar,0,GWDC,7.84,0.14,0.14
2.0,2022.0,Taiwan (China),TWN,Solar,0,GWDC,7.9,0.06,0.2
3.0,2022.0,Taiwan (China),TWN,Solar,0,GWDC,8.05,0.15,0.35
4.0,2022.0,Taiwan (China),TWN,Solar,0,GWDC,8.17,0.12,0.47
5.0,2022.0,Taiwan (China),TWN,Solar,0,GWDC,8.38,0.21,0.68
6.0,2022.0,Taiwan (China),TWN,Solar,0,GWDC,8.7,0.32,1.0
7.0,2022.0,Taiwan (China),TWN,Solar,0,GWDC,8.8,0.1,1.1
8.0,2022.0,Taiwan (China),TWN,Solar,0,GWDC,8.91,0.11,1.21
9.0,2022.0,Taiwan (China),TWN,Solar,0,GWDC,9.08,0.17,1.38
10.0,2022.0,Taiwan (China),TWN,Solar,0,GWDC,9.16,0.08,1.46
11.0,2022.0,Taiwan (China),TWN,Solar,0,GWDC,9.25,0.09,1.55
12.0,2022.0,Taiwan (China),TWN,Solar,0,GWDC,9.72,0.47,2.02
1.0,2023.0,Taiwan (China),TWN,Solar,0,GWDC,10.07,0.35,0.35
2.0,2023.0,Taiwan (China),TWN,Solar,0,GWDC,10.17,0.1,0.45
3.0,2023.0,Taiwan (China),TWN,Solar,0,GWDC,10.31,0.14,0.59
4.0,2023.0,Taiwan (China),TWN,Solar,0,GWDC,10.48,0.17,0.76
5.0,2023.0,Taiwan (China),TWN,Solar,0,GWDC,10.72,0.24,1.0
6.0,2023.0,Taiwan (China),TWN,Solar,0,GWDC,11.0,0.28,1.28
7.0,2023.0,Taiwan (China),TWN,Solar,0,GWDC,11.23,0.23,1.51
8.0,2023.0,Taiwan (China),TWN,Solar,0,GWDC,11.43,0.2,1.71
9.0,2023.0,Taiwan (China),TWN,Solar,0,GWDC,11.55,0.12,1.83
10.0,2023.0,Taiwan (China),TWN,Solar,0,GWDC,11.7,0.15,1.98
11.0,2023.0,Taiwan (China),TWN,Solar,0,GWDC,12.01,0.31,2.29
12.0,2023.0,Taiwan (China),TWN,Solar,0,GWDC,12.42,0.41,2.7
1.0,2024.0,Taiwan (China),TWN,Solar,0,GWDC,12.46,0.04,0.04
2.0,2024.0,Taiwan (China),TWN,Solar,0,GWDC,12.57,0.11,0.15
3.0,2024.0,Taiwan (China),TWN,Solar,0,GWDC,12.82,0.25,0.4
4.0,2024.0,Taiwan (China),TWN,Solar,0,GWDC,12.96,0.14,0.54
5.0,2024.0,Taiwan (China),TWN,Solar,0,GWDC,13.22,0.26,0.8
6.0,2024.0,Taiwan (China),TWN,Solar,0,GWDC,13.4,0.18,0.98
7.0,2024.0,Taiwan (China),TWN,Solar,0,GWDC,13.52,0.12,1.1
8.0,2024.0,Taiwan (China),TWN,Solar,0,GWDC,13.62,0.1,1.2
9.0,2024.0,Taiwan (China),TWN,Solar,0,GWDC,13.71,0.09,1.29
10.0,2024.0,Taiwan (China),TWN,Solar,0,GWDC,13.82,0.11,1.4
11.0,2024.0,Taiwan (China),TWN,Solar,0,GWDC,13.93,0.11,1.51
12.0,2024.0,Taiwan (China),TWN,Solar,0,GWDC,14.28,0.35,1.86
1.0,2025.0,Taiwan (China),TWN,Solar,0,GWDC,14.36,0.08,0.08
2.0,2025.0,Taiwan (China),TWN,Solar,0,GWDC,14.44,0.08,0.16
3.0,2025.0,Taiwan (China),TWN,Solar,0,GWDC,14.51,0.07,0.23
4.0,2025.0,Taiwan (China),TWN,Solar,0,GWDC,14.62,0.11,0.34
5.0,2025.0,Taiwan (China),TWN,Solar,0,GWDC,14.73,0.11,0.45
6.0,2025.0,Taiwan (China),TWN,Solar,0,GWDC,14.84,0.11,0.56
7.0,2025.0,Taiwan (China),TWN,Solar,0,GWDC,14.94,0.1,0.66
1.0,2016.0,Taiwan (China),TWN,Wind offshore,0,GW,0.0,0.0,0.0
2.0,2016.0,Taiwan (China),TWN,Wind offshore,0,GW,0.0,0.0,0.0
3.0,2016.0,Taiwan (China),TWN,Wind offshore,0,GW,0.0,0.0,0.0
4.0,2016.0,Taiwan (China),TWN,Wind offshore,0,GW,0.0,0.0,0.0
5.0,2016.0,Taiwan (China),TWN,Wind offshore,0,GW,0.0,0.0,0.0
6.0,2016.0,Taiwan (China),TWN,Wind offshore,0,GW,0.0,0.0,0.0
7.0,2016.0,Taiwan (China),TWN,Wind offshore,0,GW,0.0,0.0,0.0
8.0,2016.0,Taiwan (China),TWN,Wind offshore,0,GW,0.0,0.0,0.0
9.0,2016.0,Taiwan (China),TWN,Wind offshore,0,GW,0.0,0.0,0.0
10.0,2016.0,Taiwan (China),TWN,Wind offshore,0,GW,0.0,0.0,0.0
11.0,2016.0,Taiwan (China),TWN,Wind offshore,0,GW,0.0,0.0,0.0
12.0,2016.0,Taiwan (China),TWN,Wind offshore,0,GW,0.0,0.0,0.0
1.0,2017.0,Taiwan (China),TWN,Wind offshore,0,GW,0.0,0.0,0.0
2.0,2017.0,Taiwan (China),TWN,Wind offshore,0,GW,0.0,0.0,0.0
3.0,2017.0,Taiwan (China),TWN,Wind offshore,0,GW,0.0,0.0,0.0
4.0,2017.0,Taiwan (China),TWN,Wind offshore,0,GW,0.01,0.01,0.01
5.0,2017.0,Taiwan (China),TWN,Wind offshore,0,GW,0.01,0.0,0.01
6.0,2017.0,Taiwan (China),TWN,Wind offshore,0,GW,0.01,0.0,0.01
7.0,2017.0,Taiwan (China),TWN,Wind offshore,0,GW,0.01,0.0,0.01
8.0,2017.0,Taiwan (China),TWN,Wind offshore,0,GW,0.01,0.0,0.01
9.0,2017.0,Taiwan (China),TWN,Wind offshore,0,GW,0.01,0.0,0.01
10.0,2017.0,Taiwan (China),TWN,Wind offshore,0,GW,0.01,0.0,0.01
11.0,2017.0,Taiwan (China),TWN,Wind offshore,0,GW,0.01,0.0,0.01
12.0,2017.0,Taiwan (China),TWN,Wind offshore,0,GW,0.01,0.0,0.01
1.0,2018.0,Taiwan (China),TWN,Wind offshore,0,GW,0.01,0.0,0.0
2.0,2018.0,Taiwan (China),TWN,Wind offshore,0,GW,0.01,0.0,0.0
3.0,2018.0,Taiwan (China),TWN,Wind offshore,0,GW,0.01,0.0,0.0
4.0,2018.0,Taiwan (China),TWN,Wind offshore,0,GW,0.01,0.0,0.0
5.0,2018.0,Taiwan (China),TWN,Wind offshore,0,GW,0.01,0.0,0.0
6.0,2018.0,Taiwan (China),TWN,Wind offshore,0,GW,0.01,0.0,0.0
7.0,2018.0,Taiwan (China),TWN,Wind offshore,0,GW,0.01,0.0,0.0
8.0,2018.0,Taiwan (China),TWN,Wind offshore,0,GW,0.01,0.0,0.0
9.0,2018.0,Taiwan (China),TWN,Wind offshore,0,GW,0.01,0.0,0.0
10.0,2018.0,Taiwan (China),TWN,Wind offshore,0,GW,0.01,0.0,0.0
11.0,2018.0,Taiwan (China),TWN,Wind offshore,0,GW,0.01,0.0,0.0
12.0,2018.0,Taiwan (China),TWN,Wind offshore,0,GW,0.01,0.0,0.0
1.0,2019.0,Taiwan (China),TWN,Wind offshore,0,GW,0.01,0.0,0.0
2.0,2019.0,Taiwan (China),TWN,Wind offshore,0,GW,0.01,0.0,0.0
3.0,2019.0,Taiwan (China),TWN,Wind offshore,0,GW,0.01,0.0,0.0
4.0,2019.0,Taiwan (China),TWN,Wind offshore,0,GW,0.01,0.0,0.0
5.0,2019.0,Taiwan (China),TWN,Wind offshore,0,GW,0.01,0.0,0.0
6.0,2019.0,Taiwan (China),TWN,Wind offshore,0,GW,0.01,0.0,0.0
7.0,2019.0,Taiwan (China),TWN,Wind offshore,0,GW,0.01,0.0,0.0
8.0,2019.0,Taiwan (China),TWN,Wind offshore,0,GW,0.01,0.0,0.0
9.0,2019.0,Taiwan (China),TWN,Wind offshore,0,GW,0.08,0.07,0.07
10.0,2019.0,Taiwan (China),TWN,Wind offshore,0,GW,0.13,0.05,0.12
11.0,2019.0,Taiwan (China),TWN,Wind offshore,0,GW,0.13,0.0,0.12
12.0,2019.0,Taiwan (China),TWN,Wind offshore,0,GW,0.13,0.0,0.12
1.0,2020.0,Taiwan (China),TWN,Wind offshore,0,GW,0.13,0.0,0.0
2.0,2020.0,Taiwan (China),TWN,Wind offshore,0,GW,0.13,0.0,0.0
3.0,2020.0,Taiwan (China),TWN,Wind offshore,0,GW,0.13,0.0,0.0
4.0,2020.0,Taiwan (China),TWN,Wind offshore,0,GW,0.13,0.0,0.0
5.0,2020.0,Taiwan (China),TWN,Wind offshore,0,GW,0.13,0.0,0.0
6.0,2020.0,Taiwan (China),TWN,Wind offshore,0,GW,0.13,0.0,0.0
7.0,2020.0,Taiwan (China),TWN,Wind offshore,0,GW,0.13,0.0,0.0
8.0,2020.0,Taiwan (China),TWN,Wind offshore,0,GW,0.13,0.0,0.0
9.0,2020.0,Taiwan (China),TWN,Wind offshore,0,GW,0.13,0.0,0.0
10.0,2020.0,Taiwan (China),TWN,Wind offshore,0,GW,0.13,0.0,0.0
11.0,2020.0,Taiwan (China),TWN,Wind offshore,0,GW,0.13,0.0,0.0
12.0,2020.0,Taiwan (China),TWN,Wind offshore,0,GW,0.13,0.0,0.0
1.0,2021.0,Taiwan (China),TWN,Wind offshore,0,GW,0.14,0.01,0.01
2.0,2021.0,Taiwan (China),TWN,Wind offshore,0,GW,0.14,0.0,0.01
3.0,2021.0,Taiwan (China),TWN,Wind offshore,0,GW,0.14,0.0,0.01
4.0,2021.0,Taiwan (China),TWN,Wind offshore,0,GW,0.14,0.0,0.01
5.0,2021.0,Taiwan (China),TWN,Wind offshore,0,GW,0.14,0.0,0.01
6.0,2021.0,Taiwan (China),TWN,Wind offshore,0,GW,0.16,0.02,0.03
7.0,2021.0,Taiwan (China),TWN,Wind offshore,0,GW,0.16,0.0,0.03
8.0,2021.0,Taiwan (China),TWN,Wind offshore,0,GW,0.16,0.0,0.03
9.0,2021.0,Taiwan (China),TWN,Wind offshore,0,GW,0.24,0.08,0.11
10.0,2021.0,Taiwan (China),TWN,Wind offshore,0,GW,0.24,0.0,0.11
11.0,2021.0,Taiwan (China),TWN,Wind offshore,0,GW,0.25,0.01,0.12
12.0,2021.0,Taiwan (China),TWN,Wind offshore,0,GW,0.27,0.02,0.14
1.0,2022.0,Taiwan (China),TWN,Wind offshore,0,GW,0.31,0.04,0.04
2.0,2022.0,Taiwan (China),TWN,Wind offshore,0,GW,0.31,0.0,0.04
3.0,2022.0,Taiwan (China),TWN,Wind offshore,0,GW,0.31,0.0,0.04
4.0,2022.0,Taiwan (China),TWN,Wind offshore,0,GW,0.32,0.01,0.05
5.0,2022.0,Taiwan (China),TWN,Wind offshore,0,GW,0.32,0.0,0.05
6.0,2022.0,Taiwan (China),TWN,Wind offshore,0,GW,0.32,0.0,0.05
7.0,2022.0,Taiwan (China),TWN,Wind offshore,0,GW,0.36,0.04,0.09
8.0,2022.0,Taiwan (China),TWN,Wind offshore,0,GW,0.45,0.09,0.18
9.0,2022.0,Taiwan (China),TWN,Wind offshore,0,GW,0.47,0.02,0.2
10.0,2022.0,Taiwan (China),TWN,Wind offshore,0,GW,0.57,0.1,0.3
11.0,2022.0,Taiwan (China),TWN,Wind offshore,0,GW,0.67,0.1,0.4
12.0,2022.0,Taiwan (China),TWN,Wind offshore,0,GW,0.74,0.07,0.47
1.0,2023.0,Taiwan (China),TWN,Wind offshore,0,GW,0.83,0.09,0.09
2.0,2023.0,Taiwan (China),TWN,Wind offshore,0,GW,0.91,0.08,0.17
3.0,2023.0,Taiwan (China),TWN,Wind offshore,0,GW,0.99,0.08,0.25
4.0,2023.0,Taiwan (China),TWN,Wind offshore,0,GW,1.06,0.07,0.32
5.0,2023.0,Taiwan (China),TWN,Wind offshore,0,GW,1.16,0.1,0.42
6.0,2023.0,Taiwan (China),TWN,Wind offshore,0,GW,1.28,0.12,0.54
7.0,2023.0,Taiwan (China),TWN,Wind offshore,0,GW,1.44,0.16,0.7
8.0,2023.0,Taiwan (China),TWN,Wind offshore,0,GW,1.65,0.21,0.91
9.0,2023.0,Taiwan (China),TWN,Wind offshore,0,GW,1.71,0.06,0.97
10.0,2023.0,Taiwan (China),TWN,Wind offshore,0,GW,1.72,0.01,0.98
11.0,2023.0,Taiwan (China),TWN,Wind offshore,0,GW,1.76,0.04,1.02
12.0,2023.0,Taiwan (China),TWN,Wind offshore,0,GW,1.76,0.0,1.02
1.0,2024.0,Taiwan (China),TWN,Wind offshore,0,GW,1.89,0.13,0.13
2.0,2024.0,Taiwan (China),TWN,Wind offshore,0,GW,1.91,0.02,0.15
3.0,2024.0,Taiwan (China),TWN,Wind offshore,0,GW,2.06,0.15,0.3
4.0,2024.0,Taiwan (China),TWN,Wind offshore,0,GW,2.09,0.03,0.33
5.0,2024.0,Taiwan (China),TWN,Wind offshore,0,GW,2.39,0.3,0.63
6.0,2024.0,Taiwan (China),TWN,Wind offshore,0,GW,2.44,0.05,0.68
7.0,2024.0,Taiwan (China),TWN,Wind offshore,0,GW,2.57,0.13,0.81
8.0,2024.0,Taiwan (China),TWN,Wind offshore,0,GW,2.72,0.15,0.96
9.0,2024.0,Taiwan (China),TWN,Wind offshore,0,GW,2.94,0.22,1.18
10.0,2024.0,Taiwan (China),TWN,Wind offshore,0,GW,2.94,0.0,1.18
11.0,2024.0,Taiwan (China),TWN,Wind offshore,0,GW,2.95,0.01,1.19
12.0,2024.0,Taiwan (China),TWN,Wind offshore,0,GW,2.99,0.04,1.23
1.0,2025.0,Taiwan (China),TWN,Wind offshore,0,GW,3.03,0.04,0.04
2.0,2025.0,Taiwan (China),TWN,Wind offshore,0,GW,3.04,0.01,0.05
3.0,2025.0,Taiwan (China),TWN,Wind offshore,0,GW,3.04,0.0,0.05
4.0,2025.0,Taiwan (China),TWN,Wind offshore,0,GW,3.04,0.0,0.05
5.0,2025.0,Taiwan (China),TWN,Wind offshore,0,GW,3.04,0.0,0.05
6.0,2025.0,Taiwan (China),TWN,Wind offshore,0,GW,3.04,0.0,0.05
7.0,2025.0,Taiwan (China),TWN,Wind offshore,0,GW,3.13,0.09,0.14
1.0,2016.0,Taiwan (China),TWN,Wind onshore,0,GW,0.65,0.0,0.0
2.0,2016.0,Taiwan (China),TWN,Wind onshore,0,GW,0.65,0.0,0.0
3.0,2016.0,Taiwan (China),TWN,Wind onshore,0,GW,0.65,0.0,0.0
4.0,2016.0,Taiwan (China),TWN,Wind onshore,0,GW,0.65,0.0,0.0
5.0,2016.0,Taiwan (China),TWN,Wind onshore,0,GW,0.67,0.02,0.02
6.0,2016.0,Taiwan (China),TWN,Wind onshore,0,GW,0.67,0.0,0.02
7.0,2016.0,Taiwan (China),TWN,Wind onshore,0,GW,0.67,0.0,0.02
8.0,2016.0,Taiwan (China),TWN,Wind onshore,0,GW,0.68,0.01,0.03
9.0,2016.0,Taiwan (China),TWN,Wind onshore,0,GW,0.68,0.0,0.03
10.0,2016.0,Taiwan (China),TWN,Wind onshore,0,GW,0.68,0.0,0.03
11.0,2016.0,Taiwan (China),TWN,Wind onshore,0,GW,0.68,0.0,0.03
12.0,2016.0,Taiwan (China),TWN,Wind onshore,0,GW,0.68,0.0,0.03
1.0,2017.0,Taiwan (China),TWN,Wind onshore,0,GW,0.68,0.0,0.0
2.0,2017.0,Taiwan (China),TWN,Wind onshore,0,GW,0.68,0.0,0.0
3.0,2017.0,Taiwan (China),TWN,Wind onshore,0,GW,0.68,0.0,0.0
4.0,2017.0,Taiwan (China),TWN,Wind onshore,0,GW,0.68,0.0,0.0
5.0,2017.0,Taiwan (China),TWN,Wind onshore,0,GW,0.69,0.01,0.01
6.0,2017.0,Taiwan (China),TWN,Wind onshore,0,GW,0.69,0.0,0.01
7.0,2017.0,Taiwan (China),TWN,Wind onshore,0,GW,0.69,0.0,0.01
8.0,2017.0,Taiwan (China),TWN,Wind onshore,0,GW,0.69,0.0,0.01
9.0,2017.0,Taiwan (China),TWN,Wind onshore,0,GW,0.69,0.0,0.01
10.0,2017.0,Taiwan (China),TWN,Wind onshore,0,GW,0.68,-0.01,0.0
11.0,2017.0,Taiwan (China),TWN,Wind onshore,0,GW,0.68,0.0,0.0
12.0,2017.0,Taiwan (China),TWN,Wind onshore,0,GW,0.68,0.0,0.0
1.0,2018.0,Taiwan (China),TWN,Wind onshore,0,GW,0.69,0.01,0.01
2.0,2018.0,Taiwan (China),TWN,Wind onshore,0,GW,0.69,0.0,0.01
3.0,2018.0,Taiwan (China),TWN,Wind onshore,0,GW,0.69,0.0,0.01
4.0,2018.0,Taiwan (China),TWN,Wind onshore,0,GW,0.69,0.0,0.01
5.0,2018.0,Taiwan (China),TWN,Wind onshore,0,GW,0.69,0.0,0.01
6.0,2018.0,Taiwan (China),TWN,Wind onshore,0,GW,0.69,0.0,0.01
7.0,2018.0,Taiwan (China),TWN,Wind onshore,0,GW,0.69,0.0,0.01
8.0,2018.0,Taiwan (China),TWN,Wind onshore,0,GW,0.69,0.0,0.01
9.0,2018.0,Taiwan (China),TWN,Wind onshore,0,GW,0.69,0.0,0.01
10.0,2018.0,Taiwan (China),TWN,Wind onshore,0,GW,0.7,0.01,0.02
11.0,2018.0,Taiwan (China),TWN,Wind onshore,0,GW,0.7,0.0,0.02
12.0,2018.0,Taiwan (China),TWN,Wind onshore,0,GW,0.71,0.01,0.03
1.0,2019.0,Taiwan (China),TWN,Wind onshore,0,GW,0.71,0.0,0.0
2.0,2019.0,Taiwan (China),TWN,Wind onshore,0,GW,0.71,0.0,0.0
3.0,2019.0,Taiwan (China),TWN,Wind onshore,0,GW,0.71,0.0,0.0
4.0,2019.0,Taiwan (China),TWN,Wind onshore,0,GW,0.71,0.0,0.0
5.0,2019.0,Taiwan (China),TWN,Wind onshore,0,GW,0.71,0.0,0.0
6.0,2019.0,Taiwan (China),TWN,Wind onshore,0,GW,0.71,0.0,0.0
7.0,2019.0,Taiwan (China),TWN,Wind onshore,0,GW,0.71,0.0,0.0
8.0,2019.0,Taiwan (China),TWN,Wind onshore,0,GW,0.71,0.0,0.0
9.0,2019.0,Taiwan (China),TWN,Wind onshore,0,GW,0.71,0.0,0.0
10.0,2019.0,Taiwan (China),TWN,Wind onshore,0,GW,0.72,0.01,0.01
11.0,2019.0,Taiwan (China),TWN,Wind onshore,0,GW,0.72,0.0,0.01
12.0,2019.0,Taiwan (China),TWN,Wind onshore,0,GW,0.72,0.0,0.01
1.0,2020.0,Taiwan (China),TWN,Wind onshore,0,GW,0.72,0.0,0.0
2.0,2020.0,Taiwan (China),TWN,Wind onshore,0,GW,0.72,0.0,0.0
3.0,2020.0,Taiwan (China),TWN,Wind onshore,0,GW,0.73,0.01,0.01
4.0,2020.0,Taiwan (China),TWN,Wind onshore,0,GW,0.73,0.0,0.01
5.0,2020.0,Taiwan (China),TWN,Wind onshore,0,GW,0.73,0.0,0.01
6.0,2020.0,Taiwan (China),TWN,Wind onshore,0,GW,0.73,0.0,0.01
7.0,2020.0,Taiwan (China),TWN,Wind onshore,0,GW,0.73,0.0,0.01
8.0,2020.0,Taiwan (China),TWN,Wind onshore,0,GW,0.73,0.0,0.01
9.0,2020.0,Taiwan (China),TWN,Wind onshore,0,GW,0.73,0.0,0.01
10.0,2020.0,Taiwan (China),TWN,Wind onshore,0,GW,0.73,0.0,0.01
11.0,2020.0,Taiwan (China),TWN,Wind onshore,0,GW,0.81,0.08,0.09
12.0,2020.0,Taiwan (China),TWN,Wind onshore,0,GW,0.81,0.0,0.09
1.0,2021.0,Taiwan (China),TWN,Wind onshore,0,GW,0.81,0.0,0.0
2.0,2021.0,Taiwan (China),TWN,Wind onshore,0,GW,0.82,0.01,0.01
3.0,2021.0,Taiwan (China),TWN,Wind onshore,0,GW,0.81,-0.01,0.0
4.0,2021.0,Taiwan (China),TWN,Wind onshore,0,GW,0.81,0.0,0.0
5.0,2021.0,Taiwan (China),TWN,Wind onshore,0,GW,0.81,0.0,0.0
6.0,2021.0,Taiwan (China),TWN,Wind onshore,0,GW,0.81,0.0,0.0
7.0,2021.0,Taiwan (China),TWN,Wind onshore,0,GW,0.84,0.03,0.03
8.0,2021.0,Taiwan (China),TWN,Wind onshore,0,GW,0.84,0.0,0.03
9.0,2021.0,Taiwan (China),TWN,Wind onshore,0,GW,0.84,0.0,0.03
10.0,2021.0,Taiwan (China),TWN,Wind onshore,0,GW,0.84,0.0,0.03
11.0,2021.0,Taiwan (China),TWN,Wind onshore,0,GW,0.82,-0.02,0.01
12.0,2021.0,Taiwan (China),TWN,Wind onshore,0,GW,0.82,0.0,0.01
1.0,2022.0,Taiwan (China),TWN,Wind onshore,0,GW,0.82,0.0,0.0
2.0,2022.0,Taiwan (China),TWN,Wind onshore,0,GW,0.82,0.0,0.0
3.0,2022.0,Taiwan (China),TWN,Wind onshore,0,GW,0.82,0.0,0.0
4.0,2022.0,Taiwan (China),TWN,Wind onshore,0,GW,0.82,0.0,0.0
5.0,2022.0,Taiwan (China),TWN,Wind onshore,0,GW,0.82,0.0,0.0
6.0,2022.0,Taiwan (China),TWN,Wind onshore,0,GW,0.83,0.01,0.01
7.0,2022.0,Taiwan (China),TWN,Wind onshore,0,GW,0.83,0.0,0.01
8.0,2022.0,Taiwan (China),TWN,Wind onshore,0,GW,0.83,0.0,0.01
9.0,2022.0,Taiwan (China),TWN,Wind onshore,0,GW,0.84,0.01,0.02
10.0,2022.0,Taiwan (China),TWN,Wind onshore,0,GW,0.84,0.0,0.02
11.0,2022.0,Taiwan (China),TWN,Wind onshore,0,GW,0.84,0.0,0.02
12.0,2022.0,Taiwan (China),TWN,Wind onshore,0,GW,0.84,0.0,0.02
1.0,2023.0,Taiwan (China),TWN,Wind onshore,0,GW,0.84,0.0,0.0
2.0,2023.0,Taiwan (China),TWN,Wind onshore,0,GW,0.84,0.0,0.0
3.0,2023.0,Taiwan (China),TWN,Wind onshore,0,GW,0.84,0.0,0.0
4.0,2023.0,Taiwan (China),TWN,Wind onshore,0,GW,0.86,0.02,0.02
5.0,2023.0,Taiwan (China),TWN,Wind onshore,0,GW,0.88,0.02,0.04
6.0,2023.0,Taiwan (China),TWN,Wind onshore,0,GW,0.88,0.0,0.04
7.0,2023.0,Taiwan (China),TWN,Wind onshore,0,GW,0.88,0.0,0.04
8.0,2023.0,Taiwan (China),TWN,Wind onshore,0,GW,0.89,0.01,0.05
9.0,2023.0,Taiwan (China),TWN,Wind onshore,0,GW,0.88,-0.01,0.04
10.0,2023.0,Taiwan (China),TWN,Wind onshore,0,GW,0.91,0.03,0.07
11.0,2023.0,Taiwan (China),TWN,Wind onshore,0,GW,0.91,0.0,0.07
12.0,2023.0,Taiwan (China),TWN,Wind onshore,0,GW,0.91,0.0,0.07
1.0,2024.0,Taiwan (China),TWN,Wind onshore,0,GW,0.91,0.0,0.0
2.0,2024.0,Taiwan (China),TWN,Wind onshore,0,GW,0.91,0.0,0.0
3.0,2024.0,Taiwan (China),TWN,Wind onshore,0,GW,0.91,0.0,0.0
4.0,2024.0,Taiwan (China),TWN,Wind onshore,0,GW,0.91,0.0,0.0
5.0,2024.0,Taiwan (China),TWN,Wind onshore,0,GW,0.91,0.0,0.0
6.0,2024.0,Taiwan (China),TWN,Wind onshore,0,GW,0.91,0.0,0.0
7.0,2024.0,Taiwan (China),TWN,Wind onshore,0,GW,0.91,0.0,0.0
8.0,2024.0,Taiwan (China),TWN,Wind onshore,0,GW,0.91,0.0,0.0
9.0,2024.0,Taiwan (China),TWN,Wind onshore,0,GW,0.91,0.0,0.0
10.0,2024.0,Taiwan (China),TWN,Wind onshore,0,GW,0.91,0.0,0.0
11.0,2024.0,Taiwan (China),TWN,Wind onshore,0,GW,0.92,0.01,0.01
12.0,2024.0,Taiwan (China),TWN,Wind onshore,0,GW,0.92,0.0,0.01
1.0,2025.0,Taiwan (China),TWN,Wind onshore,0,GW,0.94,0.02,0.02
2.0,2025.0,Taiwan (China),TWN,Wind onshore,0,GW,0.94,0.0,0.02
3.0,2025.0,Taiwan (China),TWN,Wind onshore,0,GW,0.94,0.0,0.02
4.0,2025.0,Taiwan (China),TWN,Wind onshore,0,GW,0.94,0.0,0.02
5.0,2025.0,Taiwan (China),TWN,Wind onshore,0,GW,0.94,0.0,0.02
6.0,2025.0,Taiwan (China),TWN,Wind onshore,0,GW,0.94,0.0,0.02
7.0,2025.0,Taiwan (China),TWN,Wind onshore,0,GW,0.94,0.0,0.02
1.0,2016.0,Taiwan (China),TWN,Wind,1,GW,0.65,0.0,0.0
2.0,2016.0,Taiwan (China),TWN,Wind,1,GW,0.65,0.0,0.0
3.0,2016.0,Taiwan (China),TWN,Wind,1,GW,0.65,0.0,0.0
4.0,2016.0,Taiwan (China),TWN,Wind,1,GW,0.65,0.0,0.0
5.0,2016.0,Taiwan (China),TWN,Wind,1,GW,0.67,0.02,0.02
6.0,2016.0,Taiwan (China),TWN,Wind,1,GW,0.67,0.0,0.02
7.0,2016.0,Taiwan (China),TWN,Wind,1,GW,0.67,0.0,0.02
8.0,2016.0,Taiwan (China),TWN,Wind,1,GW,0.68,0.01,0.03
9.0,2016.0,Taiwan (China),TWN,Wind,1,GW,0.68,0.0,0.03
10.0,2016.0,Taiwan (China),TWN,Wind,1,GW,0.68,0.0,0.03
11.0,2016.0,Taiwan (China),TWN,Wind,1,GW,0.68,0.0,0.03
12.0,2016.0,Taiwan (China),TWN,Wind,1,GW,0.68,0.0,0.03
1.0,2017.0,Taiwan (China),TWN,Wind,1,GW,0.68,0.0,0.0
2.0,2017.0,Taiwan (China),TWN,Wind,1,GW,0.68,0.0,0.0
3.0,2017.0,Taiwan (China),TWN,Wind,1,GW,0.68,0.0,0.0
4.0,2017.0,Taiwan (China),TWN,Wind,1,GW,0.69,0.01,0.01
5.0,2017.0,Taiwan (China),TWN,Wind,1,GW,0.69,0.0,0.01
6.0,2017.0,Taiwan (China),TWN,Wind,1,GW,0.69,0.0,0.01
7.0,2017.0,Taiwan (China),TWN,Wind,1,GW,0.69,0.0,0.01
8.0,2017.0,Taiwan (China),TWN,Wind,1,GW,0.69,0.0,0.01
9.0,2017.0,Taiwan (China),TWN,Wind,1,GW,0.69,0.0,0.01
10.0,2017.0,Taiwan (China),TWN,Wind,1,GW,0.69,0.0,0.01
11.0,2017.0,Taiwan (China),TWN,Wind,1,GW,0.69,0.0,0.01
12.0,2017.0,Taiwan (China),TWN,Wind,1,GW,0.69,0.0,0.01
1.0,2018.0,Taiwan (China),TWN,Wind,1,GW,0.69,0.0,0.0
2.0,2018.0,Taiwan (China),TWN,Wind,1,GW,0.69,0.0,0.0
3.0,2018.0,Taiwan (China),TWN,Wind,1,GW,0.7,0.01,0.01
4.0,2018.0,Taiwan (China),TWN,Wind,1,GW,0.7,0.0,0.01
5.0,2018.0,Taiwan (China),TWN,Wind,1,GW,0.69,-0.01,0.0
6.0,2018.0,Taiwan (China),TWN,Wind,1,GW,0.69,0.0,0.0
7.0,2018.0,Taiwan (China),TWN,Wind,1,GW,0.7,0.01,0.01
8.0,2018.0,Taiwan (China),TWN,Wind,1,GW,0.7,0.0,0.01
9.0,2018.0,Taiwan (China),TWN,Wind,1,GW,0.7,0.0,0.01
10.0,2018.0,Taiwan (China),TWN,Wind,1,GW,0.71,0.01,0.02
11.0,2018.0,Taiwan (China),TWN,Wind,1,GW,0.71,0.0,0.02
12.0,2018.0,Taiwan (China),TWN,Wind,1,GW,0.71,0.0,0.02
1.0,2019.0,Taiwan (China),TWN,Wind,1,GW,0.71,0.0,0.0
2.0,2019.0,Taiwan (China),TWN,Wind,1,GW,0.71,0.0,0.0
3.0,2019.0,Taiwan (China),TWN,Wind,1,GW,0.72,0.01,0.01
4.0,2019.0,Taiwan (China),TWN,Wind,1,GW,0.72,0.0,0.01
5.0,2019.0,Taiwan (China),TWN,Wind,1,GW,0.72,0.0,0.01
6.0,2019.0,Taiwan (China),TWN,Wind,1,GW,0.72,0.0,0.01
7.0,2019.0,Taiwan (China),TWN,Wind,1,GW,0.72,0.0,0.01
8.0,2019.0,Taiwan (China),TWN,Wind,1,GW,0.72,0.0,0.01
9.0,2019.0,Taiwan (China),TWN,Wind,1,GW,0.79,0.07,0.08
10.0,2019.0,Taiwan (China),TWN,Wind,1,GW,0.85,0.06,0.14
11.0,2019.0,Taiwan (China),TWN,Wind,1,GW,0.85,0.0,0.14
12.0,2019.0,Taiwan (China),TWN,Wind,1,GW,0.85,0.0,0.14
1.0,2020.0,Taiwan (China),TWN,Wind,1,GW,0.85,0.0,0.0
2.0,2020.0,Taiwan (China),TWN,Wind,1,GW,0.85,0.0,0.0
3.0,2020.0,Taiwan (China),TWN,Wind,1,GW,0.86,0.01,0.01
4.0,2020.0,Taiwan (China),TWN,Wind,1,GW,0.86,0.0,0.01
5.0,2020.0,Taiwan (China),TWN,Wind,1,GW,0.86,0.0,0.01
6.0,2020.0,Taiwan (China),TWN,Wind,1,GW,0.86,0.0,0.01
7.0,2020.0,Taiwan (China),TWN,Wind,1,GW,0.86,0.0,0.01
8.0,2020.0,Taiwan (China),TWN,Wind,1,GW,0.86,0.0,0.01
9.0,2020.0,Taiwan (China),TWN,Wind,1,GW,0.86,0.0,0.01
10.0,2020.0,Taiwan (China),TWN,Wind,1,GW,0.86,0.0,0.01
11.0,2020.0,Taiwan (China),TWN,Wind,1,GW,0.94,0.08,0.09
12.0,2020.0,Taiwan (China),TWN,Wind,1,GW,0.94,0.0,0.09
1.0,2021.0,Taiwan (China),TWN,Wind,1,GW,0.95,0.01,0.01
2.0,2021.0,Taiwan (China),TWN,Wind,1,GW,0.95,0.0,0.01
3.0,2021.0,Taiwan (China),TWN,Wind,1,GW,0.95,0.0,0.01
4.0,2021.0,Taiwan (China),TWN,Wind,1,GW,0.95,0.0,0.01
5.0,2021.0,Taiwan (China),TWN,Wind,1,GW,0.95,0.0,0.01
6.0,2021.0,Taiwan (China),TWN,Wind,1,GW,0.97,0.02,0.03
7.0,2021.0,Taiwan (China),TWN,Wind,1,GW,1.0,0.03,0.06
8.0,2021.0,Taiwan (China),TWN,Wind,1,GW,1.0,0.0,0.06
9.0,2021.0,Taiwan (China),TWN,Wind,1,GW,1.08,0.08,0.14
10.0,2021.0,Taiwan (China),TWN,Wind,1,GW,1.08,0.0,0.14
11.0,2021.0,Taiwan (China),TWN,Wind,1,GW,1.08,0.0,0.14
12.0,2021.0,Taiwan (China),TWN,Wind,1,GW,1.09,0.01,0.15
1.0,2022.0,Taiwan (China),TWN,Wind,1,GW,1.13,0.04,0.04
2.0,2022.0,Taiwan (China),TWN,Wind,1,GW,1.13,0.0,0.04
3.0,2022.0,Taiwan (China),TWN,Wind,1,GW,1.13,0.0,0.04
4.0,2022.0,Taiwan (China),TWN,Wind,1,GW,1.14,0.01,0.05
5.0,2022.0,Taiwan (China),TWN,Wind,1,GW,1.14,0.0,0.05
6.0,2022.0,Taiwan (China),TWN,Wind,1,GW,1.14,0.0,0.05
7.0,2022.0,Taiwan (China),TWN,Wind,1,GW,1.18,0.04,0.09
8.0,2022.0,Taiwan (China),TWN,Wind,1,GW,1.28,0.1,0.19
9.0,2022.0,Taiwan (China),TWN,Wind,1,GW,1.31,0.03,0.22
10.0,2022.0,Taiwan (China),TWN,Wind,1,GW,1.4,0.09,0.31
11.0,2022.0,Taiwan (China),TWN,Wind,1,GW,1.51,0.11,0.42
12.0,2022.0,Taiwan (China),TWN,Wind,1,GW,1.58,0.07,0.49
1.0,2023.0,Taiwan (China),TWN,Wind,1,GW,1.68,0.1,0.1
2.0,2023.0,Taiwan (China),TWN,Wind,1,GW,1.75,0.07,0.17
3.0,2023.0,Taiwan (China),TWN,Wind,1,GW,1.83,0.08,0.25
4.0,2023.0,Taiwan (China),TWN,Wind,1,GW,1.92,0.09,0.34
5.0,2023.0,Taiwan (China),TWN,Wind,1,GW,2.03,0.11,0.45
6.0,2023.0,Taiwan (China),TWN,Wind,1,GW,2.15,0.12,0.57
7.0,2023.0,Taiwan (China),TWN,Wind,1,GW,2.33,0.18,0.75
8.0,2023.0,Taiwan (China),TWN,Wind,1,GW,2.53,0.2,0.95
9.0,2023.0,Taiwan (China),TWN,Wind,1,GW,2.59,0.06,1.01
10.0,2023.0,Taiwan (China),TWN,Wind,1,GW,2.63,0.04,1.05
11.0,2023.0,Taiwan (China),TWN,Wind,1,GW,2.67,0.04,1.09
12.0,2023.0,Taiwan (China),TWN,Wind,1,GW,2.68,0.01,1.1
1.0,2024.0,Taiwan (China),TWN,Wind,1,GW,2.8,0.12,0.12
2.0,2024.0,Taiwan (China),TWN,Wind,1,GW,2.82,0.02,0.14
3.0,2024.0,Taiwan (China),TWN,Wind,1,GW,2.97,0.15,0.29
4.0,2024.0,Taiwan (China),TWN,Wind,1,GW,3.0,0.03,0.32
5.0,2024.0,Taiwan (China),TWN,Wind,1,GW,3.3,0.3,0.62
6.0,2024.0,Taiwan (China),TWN,Wind,1,GW,3.35,0.05,0.67
7.0,2024.0,Taiwan (China),TWN,Wind,1,GW,3.48,0.13,0.8
8.0,2024.0,Taiwan (China),TWN,Wind,1,GW,3.63,0.15,0.95
9.0,2024.0,Taiwan (China),TWN,Wind,1,GW,3.85,0.22,1.17
10.0,2024.0,Taiwan (China),TWN,Wind,1,GW,3.85,0.0,1.17
11.0,2024.0,Taiwan (China),TWN,Wind,1,GW,3.87,0.02,1.19
12.0,2024.0,Taiwan (China),TWN,Wind,1,GW,3.91,0.04,1.23
1.0,2025.0,Taiwan (China),TWN,Wind,1,GW,3.96,0.05,0.05
2.0,2025.0,Taiwan (China),TWN,Wind,1,GW,3.98,0.02,0.07
3.0,2025.0,Taiwan (China),TWN,Wind,1,GW,3.98,0.0,0.07
4.0,2025.0,Taiwan (China),TWN,Wind,1,GW,3.98,0.0,0.07
5.0,2025.0,Taiwan (China),TWN,Wind,1,GW,3.98,0.0,0.07
6.0,2025.0,Taiwan (China),TWN,Wind,1,GW,3.98,0.0,0.07
7.0,2025.0,Taiwan (China),TWN,Wind,1,GW,4.06,0.08,0.15
1.0,2016.0,Taiwan (China),TWN,Wind and solar,1,GW,1.55,0.02,0.02
2.0,2016.0,Taiwan (China),TWN,Wind and solar,1,GW,1.57,0.02,0.04
3.0,2016.0,Taiwan (China),TWN,Wind and solar,1,GW,1.57,0.0,0.04
4.0,2016.0,Taiwan (China),TWN,Wind and solar,1,GW,1.58,0.01,0.05
5.0,2016.0,Taiwan (China),TWN,Wind and solar,1,GW,1.61,0.03,0.08
6.0,2016.0,Taiwan (China),TWN,Wind and solar,1,GW,1.62,0.01,0.09
7.0,2016.0,Taiwan (China),TWN,Wind and solar,1,GW,1.64,0.02,0.11
8.0,2016.0,Taiwan (China),TWN,Wind and solar,1,GW,1.67,0.03,0.14
9.0,2016.0,Taiwan (China),TWN,Wind and solar,1,GW,1.68,0.01,0.15
10.0,2016.0,Taiwan (China),TWN,Wind and solar,1,GW,1.7,0.02,0.17
11.0,2016.0,Taiwan (China),TWN,Wind and solar,1,GW,1.75,0.05,0.22
12.0,2016.0,Taiwan (China),TWN,Wind and solar,1,GW,1.93,0.18,0.4
1.0,2017.0,Taiwan (China),TWN,Wind and solar,1,GW,1.94,0.01,0.01
2.0,2017.0,Taiwan (China),TWN,Wind and solar,1,GW,1.95,0.01,0.02
3.0,2017.0,Taiwan (China),TWN,Wind and solar,1,GW,1.98,0.03,0.05
4.0,2017.0,Taiwan (China),TWN,Wind and solar,1,GW,2.0,0.02,0.07
5.0,2017.0,Taiwan (China),TWN,Wind and solar,1,GW,2.02,0.02,0.09
6.0,2017.0,Taiwan (China),TWN,Wind and solar,1,GW,2.05,0.03,0.12
7.0,2017.0,Taiwan (China),TWN,Wind and solar,1,GW,2.07,0.02,0.14
8.0,2017.0,Taiwan (China),TWN,Wind and solar,1,GW,2.1,0.03,0.17
9.0,2017.0,Taiwan (China),TWN,Wind and solar,1,GW,2.15,0.05,0.22
10.0,2017.0,Taiwan (China),TWN,Wind and solar,1,GW,2.2,0.05,0.27
11.0,2017.0,Taiwan (China),TWN,Wind and solar,1,GW,2.27,0.07,0.34
12.0,2017.0,Taiwan (China),TWN,Wind and solar,1,GW,2.46,0.19,0.53
1.0,2018.0,Taiwan (China),TWN,Wind and solar,1,GW,2.51,0.05,0.05
2.0,2018.0,Taiwan (China),TWN,Wind and solar,1,GW,2.57,0.06,0.11
3.0,2018.0,Taiwan (China),TWN,Wind and solar,1,GW,2.64,0.07,0.18
4.0,2018.0,Taiwan (China),TWN,Wind and solar,1,GW,2.72,0.08,0.26
5.0,2018.0,Taiwan (China),TWN,Wind and solar,1,GW,2.87,0.15,0.41
6.0,2018.0,Taiwan (China),TWN,Wind and solar,1,GW,2.93,0.06,0.47
7.0,2018.0,Taiwan (China),TWN,Wind and solar,1,GW,2.98,0.05,0.52
8.0,2018.0,Taiwan (China),TWN,Wind and solar,1,GW,3.04,0.06,0.58
9.0,2018.0,Taiwan (China),TWN,Wind and solar,1,GW,3.1,0.06,0.64
10.0,2018.0,Taiwan (China),TWN,Wind and solar,1,GW,3.24,0.14,0.78
11.0,2018.0,Taiwan (China),TWN,Wind and solar,1,GW,3.33,0.09,0.87
12.0,2018.0,Taiwan (China),TWN,Wind and solar,1,GW,3.45,0.12,0.99
1.0,2019.0,Taiwan (China),TWN,Wind and solar,1,GW,3.54,0.09,0.09
2.0,2019.0,Taiwan (China),TWN,Wind and solar,1,GW,3.61,0.07,0.16
3.0,2019.0,Taiwan (China),TWN,Wind and solar,1,GW,3.81,0.2,0.36
4.0,2019.0,Taiwan (China),TWN,Wind and solar,1,GW,3.94,0.13,0.49
5.0,2019.0,Taiwan (China),TWN,Wind and solar,1,GW,3.97,0.03,0.52
6.0,2019.0,Taiwan (China),TWN,Wind and solar,1,GW,4.21,0.24,0.76
7.0,2019.0,Taiwan (China),TWN,Wind and solar,1,GW,4.36,0.15,0.91
8.0,2019.0,Taiwan (China),TWN,Wind and solar,1,GW,4.4,0.04,0.95
9.0,2019.0,Taiwan (China),TWN,Wind and solar,1,GW,4.58,0.18,1.13
10.0,2019.0,Taiwan (China),TWN,Wind and solar,1,GW,4.78,0.2,1.33
11.0,2019.0,Taiwan (China),TWN,Wind and solar,1,GW,4.87,0.09,1.42
12.0,2019.0,Taiwan (China),TWN,Wind and solar,1,GW,4.99,0.12,1.54
1.0,2020.0,Taiwan (China),TWN,Wind and solar,1,GW,5.04,0.05,0.05
2.0,2020.0,Taiwan (China),TWN,Wind and solar,1,GW,5.11,0.07,0.12
3.0,2020.0,Taiwan (China),TWN,Wind and solar,1,GW,5.17,0.06,0.18
4.0,2020.0,Taiwan (China),TWN,Wind and solar,1,GW,5.34,0.17,0.35
5.0,2020.0,Taiwan (China),TWN,Wind and solar,1,GW,5.42,0.08,0.43
6.0,2020.0,Taiwan (China),TWN,Wind and solar,1,GW,5.56,0.14,0.57
7.0,2020.0,Taiwan (China),TWN,Wind and solar,1,GW,5.63,0.07,0.64
8.0,2020.0,Taiwan (China),TWN,Wind and solar,1,GW,5.75,0.12,0.76
9.0,2020.0,Taiwan (China),TWN,Wind and solar,1,GW,5.84,0.09,0.85
10.0,2020.0,Taiwan (China),TWN,Wind and solar,1,GW,6.07,0.23,1.08
11.0,2020.0,Taiwan (China),TWN,Wind and solar,1,GW,6.39,0.32,1.4
12.0,2020.0,Taiwan (China),TWN,Wind and solar,1,GW,6.75,0.36,1.76
1.0,2021.0,Taiwan (China),TWN,Wind and solar,1,GW,6.82,0.07,0.07
2.0,2021.0,Taiwan (China),TWN,Wind and solar,1,GW,6.86,0.04,0.11
3.0,2021.0,Taiwan (China),TWN,Wind and solar,1,GW,6.95,0.09,0.2
4.0,2021.0,Taiwan (China),TWN,Wind and solar,1,GW,7.08,0.13,0.33
5.0,2021.0,Taiwan (China),TWN,Wind and solar,1,GW,7.19,0.11,0.44
6.0,2021.0,Taiwan (China),TWN,Wind and solar,1,GW,7.59,0.4,0.84
7.0,2021.0,Taiwan (China),TWN,Wind and solar,1,GW,7.76,0.17,1.01
8.0,2021.0,Taiwan (China),TWN,Wind and solar,1,GW,7.9,0.14,1.15
9.0,2021.0,Taiwan (China),TWN,Wind and solar,1,GW,8.08,0.18,1.33
10.0,2021.0,Taiwan (China),TWN,Wind and solar,1,GW,8.19,0.11,1.44
11.0,2021.0,Taiwan (China),TWN,Wind and solar,1,GW,8.35,0.16,1.6
12.0,2021.0,Taiwan (China),TWN,Wind and solar,1,GW,8.79,0.44,2.04
1.0,2022.0,Taiwan (China),TWN,Wind and solar,1,GW,8.97,0.18,0.18
2.0,2022.0,Taiwan (China),TWN,Wind and solar,1,GW,9.04,0.07,0.25
3.0,2022.0,Taiwan (China),TWN,Wind and solar,1,GW,9.18,0.14,0.39
4.0,2022.0,Taiwan (China),TWN,Wind and solar,1,GW,9.31,0.13,0.52
5.0,2022.0,Taiwan (China),TWN,Wind and solar,1,GW,9.52,0.21,0.73
6.0,2022.0,Taiwan (China),TWN,Wind and solar,1,GW,9.85,0.33,1.06
7.0,2022.0,Taiwan (China),TWN,Wind and solar,1,GW,9.99,0.14,1.2
8.0,2022.0,Taiwan (China),TWN,Wind and solar,1,GW,10.19,0.2,1.4
9.0,2022.0,Taiwan (China),TWN,Wind and solar,1,GW,10.39,0.2,1.6
10.0,2022.0,Taiwan (China),TWN,Wind and solar,1,GW,10.56,0.17,1.77
11.0,2022.0,Taiwan (China),TWN,Wind and solar,1,GW,10.76,0.2,1.97
12.0,2022.0,Taiwan (China),TWN,Wind and solar,1,GW,11.3,0.54,2.51
1.0,2023.0,Taiwan (China),TWN,Wind and solar,1,GW,11.75,0.45,0.45
2.0,2023.0,Taiwan (China),TWN,Wind and solar,1,GW,11.92,0.17,0.62
3.0,2023.0,Taiwan (China),TWN,Wind and solar,1,GW,12.14,0.22,0.84
4.0,2023.0,Taiwan (China),TWN,Wind and solar,1,GW,12.4,0.26,1.1
5.0,2023.0,Taiwan (China),TWN,Wind and solar,1,GW,12.75,0.35,1.45
6.0,2023.0,Taiwan (China),TWN,Wind and solar,1,GW,13.15,0.4,1.85
7.0,2023.0,Taiwan (China),TWN,Wind and solar,1,GW,13.56,0.41,2.26
8.0,2023.0,Taiwan (China),TWN,Wind and solar,1,GW,13.97,0.41,2.67
9.0,2023.0,Taiwan (China),TWN,Wind and solar,1,GW,14.15,0.18,2.85
10.0,2023.0,Taiwan (China),TWN,Wind and solar,1,GW,14.34,0.19,3.04
11.0,2023.0,Taiwan (China),TWN,Wind and solar,1,GW,14.68,0.34,3.38
12.0,2023.0,Taiwan (China),TWN,Wind and solar,1,GW,15.1,0.42,3.8
1.0,2024.0,Taiwan (China),TWN,Wind and solar,1,GW,15.26,0.16,0.16
2.0,2024.0,Taiwan (China),TWN,Wind and solar,1,GW,15.39,0.13,0.29
3.0,2024.0,Taiwan (China),TWN,Wind and solar,1,GW,15.78,0.39,0.68
4.0,2024.0,Taiwan (China),TWN,Wind and solar,1,GW,15.97,0.19,0.87
5.0,2024.0,Taiwan (China),TWN,Wind and solar,1,GW,16.52,0.55,1.42
6.0,2024.0,Taiwan (China),TWN,Wind and solar,1,GW,16.74,0.22,1.64
7.0,2024.0,Taiwan (China),TWN,Wind and solar,1,GW,17.0,0.26,1.9
8.0,2024.0,Taiwan (China),TWN,Wind and solar,1,GW,17.26,0.26,2.16
9.0,2024.0,Taiwan (China),TWN,Wind and solar,1,GW,17.55,0.29,2.45
10.0,2024.0,Taiwan (China),TWN,Wind and solar,1,GW,17.67,0.12,2.57
11.0,2024.0,Taiwan (China),TWN,Wind and solar,1,GW,17.8,0.13,2.7
12.0,2024.0,Taiwan (China),TWN,Wind and solar,1,GW,18.19,0.39,3.09
1.0,2025.0,Taiwan (China),TWN,Wind and solar,1,GW,18.33,0.14,0.14
2.0,2025.0,Taiwan (China),TWN,Wind and solar,1,GW,18.42,0.09,0.23
3.0,2025.0,Taiwan (China),TWN,Wind and solar,1,GW,18.49,0.07,0.3
4.0,2025.0,Taiwan (China),TWN,Wind and solar,1,GW,18.6,0.11,0.41
5.0,2025.0,Taiwan (China),TWN,Wind and solar,1,GW,18.71,0.11,0.52
6.0,2025.0,Taiwan (China),TWN,Wind and solar,1,GW,18.82,0.11,0.63
7.0,2025.0,Taiwan (China),TWN,Wind and solar,1,GW,19.0,0.18,0.81
1.0,2016.0,United States,USA,Solar,0,GWAC,22.18,0.39,0.39
2.0,2016.0,United States,USA,Solar,0,GWAC,22.64,0.46,0.85
3.0,2016.0,United States,USA,Solar,0,GWAC,23.13,0.49,1.34
4.0,2016.0,United States,USA,Solar,0,GWAC,23.81,0.68,2.02
5.0,2016.0,United States,USA,Solar,0,GWAC,24.18,0.37,2.39
6.0,2016.0,United States,USA,Solar,0,GWAC,24.64,0.46,2.85
7.0,2016.0,United States,USA,Solar,0,GWAC,25.55,0.91,3.76
8.0,2016.0,United States,USA,Solar,0,GWAC,28.68,3.13,6.89
9.0,2016.0,United States,USA,Solar,0,GWAC,29.65,0.97,7.86
10.0,2016.0,United States,USA,Solar,0,GWAC,30.49,0.84,8.7
11.0,2016.0,United States,USA,Solar,0,GWAC,31.25,0.76,9.46
12.0,2016.0,United States,USA,Solar,0,GWAC,34.71,3.46,12.92
1.0,2017.0,United States,USA,Solar,0,GWAC,35.27,0.56,0.56
2.0,2017.0,United States,USA,Solar,0,GWAC,35.9,0.63,1.19
3.0,2017.0,United States,USA,Solar,0,GWAC,36.63,0.73,1.92
4.0,2017.0,United States,USA,Solar,0,GWAC,37.39,0.76,2.68
5.0,2017.0,United States,USA,Solar,0,GWAC,38.01,0.62,3.3
6.0,2017.0,United States,USA,Solar,0,GWAC,38.44,0.43,3.73
7.0,2017.0,United States,USA,Solar,0,GWAC,39.04,0.6,4.33
8.0,2017.0,United States,USA,Solar,0,GWAC,39.46,0.42,4.75
9.0,2017.0,United States,USA,Solar,0,GWAC,39.63,0.17,4.92
10.0,2017.0,United States,USA,Solar,0,GWAC,40.28,0.65,5.57
11.0,2017.0,United States,USA,Solar,0,GWAC,41.13,0.85,6.42
12.0,2017.0,United States,USA,Solar,0,GWAC,42.88,1.75,8.17
1.0,2018.0,United States,USA,Solar,0,GWAC,44.11,1.23,1.23
2.0,2018.0,United States,USA,Solar,0,GWAC,44.46,0.35,1.58
3.0,2018.0,United States,USA,Solar,0,GWAC,45.12,0.66,2.24
4.0,2018.0,United States,USA,Solar,0,GWAC,45.71,0.59,2.83
5.0,2018.0,United States,USA,Solar,0,GWAC,46.49,0.78,3.61
6.0,2018.0,United States,USA,Solar,0,GWAC,47.07,0.58,4.19
7.0,2018.0,United States,USA,Solar,0,GWAC,47.54,0.47,4.66
8.0,2018.0,United States,USA,Solar,0,GWAC,47.74,0.2,4.86
9.0,2018.0,United States,USA,Solar,0,GWAC,48.36,0.62,5.48
10.0,2018.0,United States,USA,Solar,0,GWAC,48.79,0.43,5.91
11.0,2018.0,United States,USA,Solar,0,GWAC,49.63,0.84,6.75
12.0,2018.0,United States,USA,Solar,0,GWAC,51.45,1.82,8.57
1.0,2019.0,United States,USA,Solar,0,GWAC,52.43,0.98,0.98
2.0,2019.0,United States,USA,Solar,0,GWAC,52.25,-0.18,0.8
3.0,2019.0,United States,USA,Solar,0,GWAC,53.47,1.22,2.02
4.0,2019.0,United States,USA,Solar,0,GWAC,53.87,0.4,2.42
5.0,2019.0,United States,USA,Solar,0,GWAC,54.01,0.14,2.56
6.0,2019.0,United States,USA,Solar,0,GWAC,54.64,0.63,3.19
7.0,2019.0,United States,USA,Solar,0,GWAC,55.27,0.63,3.82
8.0,2019.0,United States,USA,Solar,0,GWAC,55.75,0.48,4.3
9.0,2019.0,United States,USA,Solar,0,GWAC,56.29,0.54,4.84
10.0,2019.0,United States,USA,Solar,0,GWAC,57.11,0.82,5.66
11.0,2019.0,United States,USA,Solar,0,GWAC,58.09,0.98,6.64
12.0,2019.0,United States,USA,Solar,0,GWAC,60.54,2.45,9.09
1.0,2020.0,United States,USA,Solar,0,GWAC,61.95,1.41,1.41
2.0,2020.0,United States,USA,Solar,0,GWAC,62.79,0.84,2.25
3.0,2020.0,United States,USA,Solar,0,GWAC,63.46,0.67,2.92
4.0,2020.0,United States,USA,Solar,0,GWAC,64.25,0.79,3.71
5.0,2020.0,United States,USA,Solar,0,GWAC,64.97,0.72,4.43
6.0,2020.0,United States,USA,Solar,0,GWAC,66.65,1.68,6.11
7.0,2020.0,United States,USA,Solar,0,GWAC,67.44,0.79,6.9
8.0,2020.0,United States,USA,Solar,0,GWAC,68.67,1.23,8.13
9.0,2020.0,United States,USA,Solar,0,GWAC,69.66,0.99,9.12
10.0,2020.0,United States,USA,Solar,0,GWAC,70.29,0.63,9.75
11.0,2020.0,United States,USA,Solar,0,GWAC,71.56,1.27,11.02
12.0,2020.0,United States,USA,Solar,0,GWAC,75.57,4.01,15.03
1.0,2021.0,United States,USA,Solar,0,GWAC,76.49,0.92,0.92
2.0,2021.0,United States,USA,Solar,0,GWAC,77.62,1.13,2.05
3.0,2021.0,United States,USA,Solar,0,GWAC,79.59,1.97,4.02
4.0,2021.0,United States,USA,Solar,0,GWAC,80.52,0.93,4.95
5.0,2021.0,United States,USA,Solar,0,GWAC,81.67,1.15,6.1
6.0,2021.0,United States,USA,Solar,0,GWAC,82.96,1.29,7.39
7.0,2021.0,United States,USA,Solar,0,GWAC,83.92,0.96,8.35
8.0,2021.0,United States,USA,Solar,0,GWAC,85.92,2.0,10.35
9.0,2021.0,United States,USA,Solar,0,GWAC,87.21,1.29,11.64
10.0,2021.0,United States,USA,Solar,0,GWAC,88.48,1.27,12.91
11.0,2021.0,United States,USA,Solar,0,GWAC,89.95,1.47,14.38
12.0,2021.0,United States,USA,Solar,0,GWAC,93.98,4.03,18.41
1.0,2022.0,United States,USA,Solar,0,GWAC,95.4,1.42,1.42
2.0,2022.0,United States,USA,Solar,0,GWAC,96.56,1.16,2.58
3.0,2022.0,United States,USA,Solar,0,GWAC,98.29,1.73,4.31
4.0,2022.0,United States,USA,Solar,0,GWAC,99.11,0.82,5.13
5.0,2022.0,United States,USA,Solar,0,GWAC,100.47,1.36,6.49
6.0,2022.0,United States,USA,Solar,0,GWAC,101.87,1.4,7.89
7.0,2022.0,United States,USA,Solar,0,GWAC,102.84,0.97,8.86
8.0,2022.0,United States,USA,Solar,0,GWAC,104.12,1.28,10.14
9.0,2022.0,United States,USA,Solar,0,GWAC,105.84,1.72,11.86
10.0,2022.0,United States,USA,Solar,0,GWAC,107.23,1.39,13.25
11.0,2022.0,United States,USA,Solar,0,GWAC,108.94,1.71,14.96
12.0,2022.0,United States,USA,Solar,0,GWAC,111.6,2.66,17.62
1.0,2023.0,United States,USA,Solar,0,GWAC,114.3,2.7,2.7
2.0,2023.0,United States,USA,Solar,0,GWAC,115.7,1.4,4.1
3.0,2023.0,United States,USA,Solar,0,GWAC,117.3,1.6,5.7
4.0,2023.0,United States,USA,Solar,0,GWAC,118.97,1.67,7.37
5.0,2023.0,United States,USA,Solar,0,GWAC,120.34,1.37,8.74
6.0,2023.0,United States,USA,Solar,0,GWAC,122.82,2.48,11.22
7.0,2023.0,United States,USA,Solar,0,GWAC,125.46,2.64,13.86
8.0,2023.0,United States,USA,Solar,0,GWAC,126.92,1.46,15.32
9.0,2023.0,United States,USA,Solar,0,GWAC,128.49,1.57,16.89
10.0,2023.0,United States,USA,Solar,0,GWAC,130.68,2.19,19.08
11.0,2023.0,United States,USA,Solar,0,GWAC,132.04,1.36,20.44
12.0,2023.0,United States,USA,Solar,0,GWAC,139.01,6.97,27.41
1.0,2024.0,United States,USA,Solar,0,GWAC,142.8,3.79,3.79
2.0,2024.0,United States,USA,Solar,0,GWAC,144.29,1.49,5.28
3.0,2024.0,United States,USA,Solar,0,GWAC,147.51,3.22,8.5
4.0,2024.0,United States,USA,Solar,0,GWAC,149.29,1.78,10.28
5.0,2024.0,United States,USA,Solar,0,GWAC,151.68,2.39,12.67
6.0,2024.0,United States,USA,Solar,0,GWAC,154.56,2.88,15.55
7.0,2024.0,United States,USA,Solar,0,GWAC,155.76,1.2,16.75
8.0,2024.0,United States,USA,Solar,0,GWAC,158.07,2.31,19.06
9.0,2024.0,United States,USA,Solar,0,GWAC,160.82,2.75,21.81
10.0,2024.0,United States,USA,Solar,0,GWAC,164.85,4.03,25.84
11.0,2024.0,United States,USA,Solar,0,GWAC,170.69,5.84,31.68
12.0,2024.0,United States,USA,Solar,0,GWAC,175.91,5.22,36.9
1.0,2025.0,United States,USA,Solar,0,GWAC,179.38,3.47,3.47
2.0,2025.0,United States,USA,Solar,0,GWAC,182.34,2.96,6.43
3.0,2025.0,United States,USA,Solar,0,GWAC,185.68,3.34,9.77
4.0,2025.0,United States,USA,Solar,0,GWAC,187.85,2.17,11.94
5.0,2025.0,United States,USA,Solar,0,GWAC,189.56,1.71,13.65
6.0,2025.0,United States,USA,Solar,0,GWAC,192.06,2.5,16.15
1.0,2016.0,United States,USA,Solar,0,GWDC,28.83,0.5,0.5
2.0,2016.0,United States,USA,Solar,0,GWDC,29.43,0.6,1.1
3.0,2016.0,United States,USA,Solar,0,GWDC,30.07,0.64,1.74
4.0,2016.0,United States,USA,Solar,0,GWDC,30.95,0.88,2.62
5.0,2016.0,United States,USA,Solar,0,GWDC,31.43,0.48,3.1
6.0,2016.0,United States,USA,Solar,0,GWDC,32.03,0.6,3.7
7.0,2016.0,United States,USA,Solar,0,GWDC,33.22,1.19,4.89
8.0,2016.0,United States,USA,Solar,0,GWDC,37.28,4.06,8.95
9.0,2016.0,United States,USA,Solar,0,GWDC,38.54,1.26,10.21
10.0,2016.0,United States,USA,Solar,0,GWDC,39.64,1.1,11.31
11.0,2016.0,United States,USA,Solar,0,GWDC,40.62,0.98,12.29
12.0,2016.0,United States,USA,Solar,0,GWDC,45.12,4.5,16.79
1.0,2017.0,United States,USA,Solar,0,GWDC,45.85,0.73,0.73
2.0,2017.0,United States,USA,Solar,0,GWDC,46.67,0.82,1.55
3.0,2017.0,United States,USA,Solar,0,GWDC,47.62,0.95,2.5
4.0,2017.0,United States,USA,Solar,0,GWDC,48.61,0.99,3.49
5.0,2017.0,United States,USA,Solar,0,GWDC,49.41,0.8,4.29
6.0,2017.0,United States,USA,Solar,0,GWDC,49.97,0.56,4.85
7.0,2017.0,United States,USA,Solar,0,GWDC,50.75,0.78,5.63
8.0,2017.0,United States,USA,Solar,0,GWDC,51.3,0.55,6.18
9.0,2017.0,United States,USA,Solar,0,GWDC,51.52,0.22,6.4
10.0,2017.0,United States,USA,Solar,0,GWDC,52.36,0.84,7.24
11.0,2017.0,United States,USA,Solar,0,GWDC,53.47,1.11,8.35
12.0,2017.0,United States,USA,Solar,0,GWDC,55.74,2.27,10.62
1.0,2018.0,United States,USA,Solar,0,GWDC,57.34,1.6,1.6
2.0,2018.0,United States,USA,Solar,0,GWDC,57.8,0.46,2.06
3.0,2018.0,United States,USA,Solar,0,GWDC,58.66,0.86,2.92
4.0,2018.0,United States,USA,Solar,0,GWDC,59.42,0.76,3.68
5.0,2018.0,United States,USA,Solar,0,GWDC,60.44,1.02,4.7
6.0,2018.0,United States,USA,Solar,0,GWDC,61.19,0.75,5.45
7.0,2018.0,United States,USA,Solar,0,GWDC,61.8,0.61,6.06
8.0,2018.0,United States,USA,Solar,0,GWDC,62.06,0.26,6.32
9.0,2018.0,United States,USA,Solar,0,GWDC,62.87,0.81,7.13
10.0,2018.0,United States,USA,Solar,0,GWDC,63.43,0.56,7.69
11.0,2018.0,United States,USA,Solar,0,GWDC,64.52,1.09,8.78
12.0,2018.0,United States,USA,Solar,0,GWDC,66.89,2.37,11.15
1.0,2019.0,United States,USA,Solar,0,GWDC,68.16,1.27,1.27
2.0,2019.0,United States,USA,Solar,0,GWDC,67.92,-0.24,1.03
3.0,2019.0,United States,USA,Solar,0,GWDC,69.51,1.59,2.62
4.0,2019.0,United States,USA,Solar,0,GWDC,70.03,0.52,3.14
5.0,2019.0,United States,USA,Solar,0,GWDC,70.21,0.18,3.32
6.0,2019.0,United States,USA,Solar,0,GWDC,71.03,0.82,4.14
7.0,2019.0,United States,USA,Solar,0,GWDC,71.85,0.82,4.96
8.0,2019.0,United States,USA,Solar,0,GWDC,72.47,0.62,5.58
9.0,2019.0,United States,USA,Solar,0,GWDC,73.18,0.71,6.29
10.0,2019.0,United States,USA,Solar,0,GWDC,74.24,1.06,7.35
11.0,2019.0,United States,USA,Solar,0,GWDC,75.52,1.28,8.63
12.0,2019.0,United States,USA,Solar,0,GWDC,78.7,3.18,11.81
1.0,2020.0,United States,USA,Solar,0,GWDC,80.54,1.84,1.84
2.0,2020.0,United States,USA,Solar,0,GWDC,81.63,1.09,2.93
3.0,2020.0,United States,USA,Solar,0,GWDC,82.5,0.87,3.8
4.0,2020.0,United States,USA,Solar,0,GWDC,83.52,1.02,4.82
5.0,2020.0,United States,USA,Solar,0,GWDC,84.46,0.94,5.76
6.0,2020.0,United States,USA,Solar,0,GWDC,86.65,2.19,7.95
7.0,2020.0,United States,USA,Solar,0,GWDC,87.67,1.02,8.97
8.0,2020.0,United States,USA,Solar,0,GWDC,89.27,1.6,10.57
9.0,2020.0,United States,USA,Solar,0,GWDC,90.56,1.29,11.86
10.0,2020.0,United States,USA,Solar,0,GWDC,91.38,0.82,12.68
11.0,2020.0,United States,USA,Solar,0,GWDC,93.03,1.65,14.33
12.0,2020.0,United States,USA,Solar,0,GWDC,98.24,5.21,19.54
1.0,2021.0,United States,USA,Solar,0,GWDC,99.44,1.2,1.2
2.0,2021.0,United States,USA,Solar,0,GWDC,100.91,1.47,2.67
3.0,2021.0,United States,USA,Solar,0,GWDC,103.47,2.56,5.23
4.0,2021.0,United States,USA,Solar,0,GWDC,104.68,1.21,6.44
5.0,2021.0,United States,USA,Solar,0,GWDC,106.17,1.49,7.93
6.0,2021.0,United States,USA,Solar,0,GWDC,107.85,1.68,9.61
7.0,2021.0,United States,USA,Solar,0,GWDC,109.1,1.25,10.86
8.0,2021.0,United States,USA,Solar,0,GWDC,111.7,2.6,13.46
9.0,2021.0,United States,USA,Solar,0,GWDC,113.37,1.67,15.13
10.0,2021.0,United States,USA,Solar,0,GWDC,115.02,1.65,16.78
11.0,2021.0,United States,USA,Solar,0,GWDC,116.94,1.92,18.7
12.0,2021.0,United States,USA,Solar,0,GWDC,122.17,5.23,23.93
1.0,2022.0,United States,USA,Solar,0,GWDC,124.02,1.85,1.85
2.0,2022.0,United States,USA,Solar,0,GWDC,125.53,1.51,3.36
3.0,2022.0,United States,USA,Solar,0,GWDC,127.78,2.25,5.61
4.0,2022.0,United States,USA,Solar,0,GWDC,128.84,1.06,6.67
5.0,2022.0,United States,USA,Solar,0,GWDC,130.61,1.77,8.44
6.0,2022.0,United States,USA,Solar,0,GWDC,132.43,1.82,10.26
7.0,2022.0,United States,USA,Solar,0,GWDC,133.69,1.26,11.52
8.0,2022.0,United States,USA,Solar,0,GWDC,135.36,1.67,13.19
9.0,2022.0,United States,USA,Solar,0,GWDC,137.59,2.23,15.42
10.0,2022.0,United States,USA,Solar,0,GWDC,139.4,1.81,17.23
11.0,2022.0,United States,USA,Solar,0,GWDC,141.62,2.22,19.45
12.0,2022.0,United States,USA,Solar,0,GWDC,145.08,3.46,22.91
1.0,2023.0,United States,USA,Solar,0,GWDC,148.59,3.51,3.51
2.0,2023.0,United States,USA,Solar,0,GWDC,150.41,1.82,5.33
3.0,2023.0,United States,USA,Solar,0,GWDC,152.49,2.08,7.41
4.0,2023.0,United States,USA,Solar,0,GWDC,154.66,2.17,9.58
5.0,2023.0,United States,USA,Solar,0,GWDC,156.44,1.78,11.36
6.0,2023.0,United States,USA,Solar,0,GWDC,159.67,3.23,14.59
7.0,2023.0,United States,USA,Solar,0,GWDC,163.1,3.43,18.02
8.0,2023.0,United States,USA,Solar,0,GWDC,165.0,1.9,19.92
9.0,2023.0,United States,USA,Solar,0,GWDC,167.04,2.04,21.96
10.0,2023.0,United States,USA,Solar,0,GWDC,169.88,2.84,24.8
11.0,2023.0,United States,USA,Solar,0,GWDC,171.65,1.77,26.57
12.0,2023.0,United States,USA,Solar,0,GWDC,180.71,9.06,35.63
1.0,2024.0,United States,USA,Solar,0,GWDC,185.64,4.93,4.93
2.0,2024.0,United States,USA,Solar,0,GWDC,187.58,1.94,6.87
3.0,2024.0,United States,USA,Solar,0,GWDC,191.76,4.18,11.05
4.0,2024.0,United States,USA,Solar,0,GWDC,194.08,2.32,13.37
5.0,2024.0,United States,USA,Solar,0,GWDC,197.18,3.1,16.47
6.0,2024.0,United States,USA,Solar,0,GWDC,200.93,3.75,20.22
7.0,2024.0,United States,USA,Solar,0,GWDC,202.49,1.56,21.78
8.0,2024.0,United States,USA,Solar,0,GWDC,205.49,3.0,24.78
9.0,2024.0,United States,USA,Solar,0,GWDC,209.07,3.58,28.36
10.0,2024.0,United States,USA,Solar,0,GWDC,214.3,5.23,33.59
11.0,2024.0,United States,USA,Solar,0,GWDC,221.9,7.6,41.19
12.0,2024.0,United States,USA,Solar,0,GWDC,228.68,6.78,47.97
1.0,2025.0,United States,USA,Solar,0,GWDC,233.19,4.51,4.51
2.0,2025.0,United States,USA,Solar,0,GWDC,237.04,3.85,8.36
3.0,2025.0,United States,USA,Solar,0,GWDC,241.38,4.34,12.7
4.0,2025.0,United States,USA,Solar,0,GWDC,244.2,2.82,15.52
5.0,2025.0,United States,USA,Solar,0,GWDC,246.43,2.23,17.75
6.0,2025.0,United States,USA,Solar,0,GWDC,249.68,3.25,21.0
1.0,2016.0,United States,USA,Wind offshore,0,GW,0.0,0.0,0.0
2.0,2016.0,United States,USA,Wind offshore,0,GW,0.0,0.0,0.0
3.0,2016.0,United States,USA,Wind offshore,0,GW,0.0,0.0,0.0
4.0,2016.0,United States,USA,Wind offshore,0,GW,0.0,0.0,0.0
5.0,2016.0,United States,USA,Wind offshore,0,GW,0.0,0.0,0.0
6.0,2016.0,United States,USA,Wind offshore,0,GW,0.0,0.0,0.0
7.0,2016.0,United States,USA,Wind offshore,0,GW,0.0,0.0,0.0
8.0,2016.0,United States,USA,Wind offshore,0,GW,0.0,0.0,0.0
9.0,2016.0,United States,USA,Wind offshore,0,GW,0.0,0.0,0.0
10.0,2016.0,United States,USA,Wind offshore,0,GW,0.0,0.0,0.0
11.0,2016.0,United States,USA,Wind offshore,0,GW,0.0,0.0,0.0
12.0,2016.0,United States,USA,Wind offshore,0,GW,0.03,0.03,0.03
1.0,2017.0,United States,USA,Wind offshore,0,GW,0.03,0.0,0.0
2.0,2017.0,United States,USA,Wind offshore,0,GW,0.03,0.0,0.0
3.0,2017.0,United States,USA,Wind offshore,0,GW,0.03,0.0,0.0
4.0,2017.0,United States,USA,Wind offshore,0,GW,0.03,0.0,0.0
5.0,2017.0,United States,USA,Wind offshore,0,GW,0.03,0.0,0.0
6.0,2017.0,United States,USA,Wind offshore,0,GW,0.03,0.0,0.0
7.0,2017.0,United States,USA,Wind offshore,0,GW,0.03,0.0,0.0
8.0,2017.0,United States,USA,Wind offshore,0,GW,0.03,0.0,0.0
9.0,2017.0,United States,USA,Wind offshore,0,GW,0.03,0.0,0.0
10.0,2017.0,United States,USA,Wind offshore,0,GW,0.03,0.0,0.0
11.0,2017.0,United States,USA,Wind offshore,0,GW,0.03,0.0,0.0
12.0,2017.0,United States,USA,Wind offshore,0,GW,0.03,0.0,0.0
1.0,2018.0,United States,USA,Wind offshore,0,GW,0.03,0.0,0.0
2.0,2018.0,United States,USA,Wind offshore,0,GW,0.03,0.0,0.0
3.0,2018.0,United States,USA,Wind offshore,0,GW,0.03,0.0,0.0
4.0,2018.0,United States,USA,Wind offshore,0,GW,0.03,0.0,0.0
5.0,2018.0,United States,USA,Wind offshore,0,GW,0.03,0.0,0.0
6.0,2018.0,United States,USA,Wind offshore,0,GW,0.03,0.0,0.0
7.0,2018.0,United States,USA,Wind offshore,0,GW,0.03,0.0,0.0
8.0,2018.0,United States,USA,Wind offshore,0,GW,0.03,0.0,0.0
9.0,2018.0,United States,USA,Wind offshore,0,GW,0.03,0.0,0.0
10.0,2018.0,United States,USA,Wind offshore,0,GW,0.03,0.0,0.0
11.0,2018.0,United States,USA,Wind offshore,0,GW,0.03,0.0,0.0
12.0,2018.0,United States,USA,Wind offshore,0,GW,0.03,0.0,0.0
1.0,2019.0,United States,USA,Wind offshore,0,GW,0.03,0.0,0.0
2.0,2019.0,United States,USA,Wind offshore,0,GW,0.03,0.0,0.0
3.0,2019.0,United States,USA,Wind offshore,0,GW,0.03,0.0,0.0
4.0,2019.0,United States,USA,Wind offshore,0,GW,0.03,0.0,0.0
5.0,2019.0,United States,USA,Wind offshore,0,GW,0.03,0.0,0.0
6.0,2019.0,United States,USA,Wind offshore,0,GW,0.03,0.0,0.0
7.0,2019.0,United States,USA,Wind offshore,0,GW,0.03,0.0,0.0
8.0,2019.0,United States,USA,Wind offshore,0,GW,0.03,0.0,0.0
9.0,2019.0,United States,USA,Wind offshore,0,GW,0.03,0.0,0.0
10.0,2019.0,United States,USA,Wind offshore,0,GW,0.03,0.0,0.0
11.0,2019.0,United States,USA,Wind offshore,0,GW,0.03,0.0,0.0
12.0,2019.0,United States,USA,Wind offshore,0,GW,0.03,0.0,0.0
1.0,2020.0,United States,USA,Wind offshore,0,GW,0.03,0.0,0.0
2.0,2020.0,United States,USA,Wind offshore,0,GW,0.03,0.0,0.0
3.0,2020.0,United States,USA,Wind offshore,0,GW,0.03,0.0,0.0
4.0,2020.0,United States,USA,Wind offshore,0,GW,0.03,0.0,0.0
5.0,2020.0,United States,USA,Wind offshore,0,GW,0.03,0.0,0.0
6.0,2020.0,United States,USA,Wind offshore,0,GW,0.03,0.0,0.0
7.0,2020.0,United States,USA,Wind offshore,0,GW,0.03,0.0,0.0
8.0,2020.0,United States,USA,Wind offshore,0,GW,0.03,0.0,0.0
9.0,2020.0,United States,USA,Wind offshore,0,GW,0.03,0.0,0.0
10.0,2020.0,United States,USA,Wind offshore,0,GW,0.03,0.0,0.0
11.0,2020.0,United States,USA,Wind offshore,0,GW,0.03,0.0,0.0
12.0,2020.0,United States,USA,Wind offshore,0,GW,0.03,0.0,0.0
1.0,2021.0,United States,USA,Wind offshore,0,GW,0.04,0.01,0.01
2.0,2021.0,United States,USA,Wind offshore,0,GW,0.04,0.0,0.01
3.0,2021.0,United States,USA,Wind offshore,0,GW,0.04,0.0,0.01
4.0,2021.0,United States,USA,Wind offshore,0,GW,0.04,0.0,0.01
5.0,2021.0,United States,USA,Wind offshore,0,GW,0.04,0.0,0.01
6.0,2021.0,United States,USA,Wind offshore,0,GW,0.04,0.0,0.01
7.0,2021.0,United States,USA,Wind offshore,0,GW,0.04,0.0,0.01
8.0,2021.0,United States,USA,Wind offshore,0,GW,0.04,0.0,0.01
9.0,2021.0,United States,USA,Wind offshore,0,GW,0.04,0.0,0.01
10.0,2021.0,United States,USA,Wind offshore,0,GW,0.04,0.0,0.01
11.0,2021.0,United States,USA,Wind offshore,0,GW,0.04,0.0,0.01
12.0,2021.0,United States,USA,Wind offshore,0,GW,0.04,0.0,0.01
1.0,2022.0,United States,USA,Wind offshore,0,GW,0.04,0.0,0.0
2.0,2022.0,United States,USA,Wind offshore,0,GW,0.04,0.0,0.0
3.0,2022.0,United States,USA,Wind offshore,0,GW,0.04,0.0,0.0
4.0,2022.0,United States,USA,Wind offshore,0,GW,0.04,0.0,0.0
5.0,2022.0,United States,USA,Wind offshore,0,GW,0.04,0.0,0.0
6.0,2022.0,United States,USA,Wind offshore,0,GW,0.04,0.0,0.0
7.0,2022.0,United States,USA,Wind offshore,0,GW,0.04,0.0,0.0
8.0,2022.0,United States,USA,Wind offshore,0,GW,0.04,0.0,0.0
9.0,2022.0,United States,USA,Wind offshore,0,GW,0.04,0.0,0.0
10.0,2022.0,United States,USA,Wind offshore,0,GW,0.04,0.0,0.0
11.0,2022.0,United States,USA,Wind offshore,0,GW,0.04,0.0,0.0
12.0,2022.0,United States,USA,Wind offshore,0,GW,0.04,0.0,0.0
1.0,2023.0,United States,USA,Wind offshore,0,GW,0.04,0.0,0.0
2.0,2023.0,United States,USA,Wind offshore,0,GW,0.04,0.0,0.0
3.0,2023.0,United States,USA,Wind offshore,0,GW,0.04,0.0,0.0
4.0,2023.0,United States,USA,Wind offshore,0,GW,0.04,0.0,0.0
5.0,2023.0,United States,USA,Wind offshore,0,GW,0.04,0.0,0.0
6.0,2023.0,United States,USA,Wind offshore,0,GW,0.04,0.0,0.0
7.0,2023.0,United States,USA,Wind offshore,0,GW,0.04,0.0,0.0
8.0,2023.0,United States,USA,Wind offshore,0,GW,0.04,0.0,0.0
9.0,2023.0,United States,USA,Wind offshore,0,GW,0.04,0.0,0.0
10.0,2023.0,United States,USA,Wind offshore,0,GW,0.04,0.0,0.0
11.0,2023.0,United States,USA,Wind offshore,0,GW,0.04,0.0,0.0
12.0,2023.0,United States,USA,Wind offshore,0,GW,0.04,0.0,0.0
1.0,2024.0,United States,USA,Wind offshore,0,GW,0.04,0.0,0.0
2.0,2024.0,United States,USA,Wind offshore,0,GW,0.04,0.0,0.0
3.0,2024.0,United States,USA,Wind offshore,0,GW,0.04,0.0,0.0
4.0,2024.0,United States,USA,Wind offshore,0,GW,0.04,0.0,0.0
5.0,2024.0,United States,USA,Wind offshore,0,GW,0.04,0.0,0.0
6.0,2024.0,United States,USA,Wind offshore,0,GW,0.04,0.0,0.0
7.0,2024.0,United States,USA,Wind offshore,0,GW,0.17,0.13,0.13
8.0,2024.0,United States,USA,Wind offshore,0,GW,0.17,0.0,0.13
9.0,2024.0,United States,USA,Wind offshore,0,GW,0.17,0.0,0.13
10.0,2024.0,United States,USA,Wind offshore,0,GW,0.17,0.0,0.13
11.0,2024.0,United States,USA,Wind offshore,0,GW,0.17,0.0,0.13
12.0,2024.0,United States,USA,Wind offshore,0,GW,0.17,0.0,0.13
1.0,2025.0,United States,USA,Wind offshore,0,GW,0.17,0.0,0.0
2.0,2025.0,United States,USA,Wind offshore,0,GW,0.17,0.0,0.0
3.0,2025.0,United States,USA,Wind offshore,0,GW,0.17,0.0,0.0
4.0,2025.0,United States,USA,Wind offshore,0,GW,0.17,0.0,0.0
5.0,2025.0,United States,USA,Wind offshore,0,GW,0.17,0.0,0.0
6.0,2025.0,United States,USA,Wind offshore,0,GW,0.17,0.0,0.0
1.0,2016.0,United States,USA,Wind onshore,0,GW,73.09,0.51,0.51
2.0,2016.0,United States,USA,Wind onshore,0,GW,73.34,0.25,0.76
3.0,2016.0,United States,USA,Wind onshore,0,GW,73.75,0.41,1.17
4.0,2016.0,United States,USA,Wind onshore,0,GW,73.32,-0.43,0.74
5.0,2016.0,United States,USA,Wind onshore,0,GW,73.85,0.53,1.27
6.0,2016.0,United States,USA,Wind onshore,0,GW,74.27,0.42,1.69
7.0,2016.0,United States,USA,Wind onshore,0,GW,74.71,0.44,2.13
8.0,2016.0,United States,USA,Wind onshore,0,GW,74.73,0.02,2.15
9.0,2016.0,United States,USA,Wind onshore,0,GW,74.82,0.09,2.24
10.0,2016.0,United States,USA,Wind onshore,0,GW,75.43,0.61,2.85
11.0,2016.0,United States,USA,Wind onshore,0,GW,76.13,0.7,3.55
12.0,2016.0,United States,USA,Wind onshore,0,GW,81.28,5.15,8.7
1.0,2017.0,United States,USA,Wind onshore,0,GW,81.66,0.38,0.38
2.0,2017.0,United States,USA,Wind onshore,0,GW,81.95,0.29,0.67
3.0,2017.0,United States,USA,Wind onshore,0,GW,83.03,1.08,1.75
4.0,2017.0,United States,USA,Wind onshore,0,GW,83.11,0.08,1.83
5.0,2017.0,United States,USA,Wind onshore,0,GW,83.23,0.12,1.95
6.0,2017.0,United States,USA,Wind onshore,0,GW,83.38,0.15,2.1
7.0,2017.0,United States,USA,Wind onshore,0,GW,83.87,0.49,2.59
8.0,2017.0,United States,USA,Wind onshore,0,GW,84.07,0.2,2.79
9.0,2017.0,United States,USA,Wind onshore,0,GW,84.14,0.07,2.86
10.0,2017.0,United States,USA,Wind onshore,0,GW,84.38,0.24,3.1
11.0,2017.0,United States,USA,Wind onshore,0,GW,85.35,0.97,4.07
12.0,2017.0,United States,USA,Wind onshore,0,GW,87.51,2.16,6.23
1.0,2018.0,United States,USA,Wind onshore,0,GW,88.34,0.83,0.83
2.0,2018.0,United States,USA,Wind onshore,0,GW,88.74,0.4,1.23
3.0,2018.0,United States,USA,Wind onshore,0,GW,88.58,-0.16,1.07
4.0,2018.0,United States,USA,Wind onshore,0,GW,88.59,0.01,1.08
5.0,2018.0,United States,USA,Wind onshore,0,GW,88.58,-0.01,1.07
6.0,2018.0,United States,USA,Wind onshore,0,GW,88.7,0.12,1.19
7.0,2018.0,United States,USA,Wind onshore,0,GW,88.88,0.18,1.37
8.0,2018.0,United States,USA,Wind onshore,0,GW,88.97,0.09,1.46
9.0,2018.0,United States,USA,Wind onshore,0,GW,89.64,0.67,2.13
10.0,2018.0,United States,USA,Wind onshore,0,GW,89.77,0.13,2.26
11.0,2018.0,United States,USA,Wind onshore,0,GW,90.35,0.58,2.84
12.0,2018.0,United States,USA,Wind onshore,0,GW,94.27,3.92,6.76
1.0,2019.0,United States,USA,Wind onshore,0,GW,95.25,0.98,0.98
2.0,2019.0,United States,USA,Wind onshore,0,GW,95.11,-0.14,0.84
3.0,2019.0,United States,USA,Wind onshore,0,GW,96.4,1.29,2.13
4.0,2019.0,United States,USA,Wind onshore,0,GW,96.61,0.21,2.34
5.0,2019.0,United States,USA,Wind onshore,0,GW,96.84,0.23,2.57
6.0,2019.0,United States,USA,Wind onshore,0,GW,98.08,1.24,3.81
7.0,2019.0,United States,USA,Wind onshore,0,GW,98.36,0.28,4.09
8.0,2019.0,United States,USA,Wind onshore,0,GW,98.93,0.57,4.66
9.0,2019.0,United States,USA,Wind onshore,0,GW,99.49,0.56,5.22
10.0,2019.0,United States,USA,Wind onshore,0,GW,100.04,0.55,5.77
11.0,2019.0,United States,USA,Wind onshore,0,GW,100.8,0.76,6.53
12.0,2019.0,United States,USA,Wind onshore,0,GW,103.56,2.76,9.29
1.0,2020.0,United States,USA,Wind onshore,0,GW,104.27,0.71,0.71
2.0,2020.0,United States,USA,Wind onshore,0,GW,104.38,0.11,0.82
3.0,2020.0,United States,USA,Wind onshore,0,GW,105.89,1.51,2.33
4.0,2020.0,United States,USA,Wind onshore,0,GW,106.11,0.22,2.55
5.0,2020.0,United States,USA,Wind onshore,0,GW,106.93,0.82,3.37
6.0,2020.0,United States,USA,Wind onshore,0,GW,107.64,0.71,4.08
7.0,2020.0,United States,USA,Wind onshore,0,GW,107.86,0.22,4.3
8.0,2020.0,United States,USA,Wind onshore,0,GW,108.4,0.54,4.84
9.0,2020.0,United States,USA,Wind onshore,0,GW,109.2,0.8,5.64
10.0,2020.0,United States,USA,Wind onshore,0,GW,109.52,0.32,5.96
11.0,2020.0,United States,USA,Wind onshore,0,GW,110.95,1.43,7.39
12.0,2020.0,United States,USA,Wind onshore,0,GW,117.71,6.76,14.15
1.0,2021.0,United States,USA,Wind onshore,0,GW,119.37,1.66,1.66
2.0,2021.0,United States,USA,Wind onshore,0,GW,120.57,1.2,2.86
3.0,2021.0,United States,USA,Wind onshore,0,GW,121.45,0.88,3.74
4.0,2021.0,United States,USA,Wind onshore,0,GW,121.88,0.43,4.17
5.0,2021.0,United States,USA,Wind onshore,0,GW,123.02,1.14,5.31
6.0,2021.0,United States,USA,Wind onshore,0,GW,124.65,1.63,6.94
7.0,2021.0,United States,USA,Wind onshore,0,GW,126.11,1.46,8.4
8.0,2021.0,United States,USA,Wind onshore,0,GW,126.45,0.34,8.74
9.0,2021.0,United States,USA,Wind onshore,0,GW,126.8,0.35,9.09
10.0,2021.0,United States,USA,Wind onshore,0,GW,128.21,1.41,10.5
11.0,2021.0,United States,USA,Wind onshore,0,GW,129.35,1.14,11.64
12.0,2021.0,United States,USA,Wind onshore,0,GW,132.36,3.01,14.65
1.0,2022.0,United States,USA,Wind onshore,0,GW,133.69,1.33,1.33
2.0,2022.0,United States,USA,Wind onshore,0,GW,133.82,0.13,1.46
3.0,2022.0,United States,USA,Wind onshore,0,GW,135.12,1.3,2.76
4.0,2022.0,United States,USA,Wind onshore,0,GW,136.98,1.86,4.62
5.0,2022.0,United States,USA,Wind onshore,0,GW,137.19,0.21,4.83
6.0,2022.0,United States,USA,Wind onshore,0,GW,137.57,0.38,5.21
7.0,2022.0,United States,USA,Wind onshore,0,GW,137.54,-0.03,5.18
8.0,2022.0,United States,USA,Wind onshore,0,GW,137.42,-0.12,5.06
9.0,2022.0,United States,USA,Wind onshore,0,GW,138.11,0.69,5.75
10.0,2022.0,United States,USA,Wind onshore,0,GW,138.39,0.28,6.03
11.0,2022.0,United States,USA,Wind onshore,0,GW,139.22,0.83,6.86
12.0,2022.0,United States,USA,Wind onshore,0,GW,140.9,1.68,8.54
1.0,2023.0,United States,USA,Wind onshore,0,GW,141.7,0.8,0.8
2.0,2023.0,United States,USA,Wind onshore,0,GW,142.22,0.52,1.32
3.0,2023.0,United States,USA,Wind onshore,0,GW,142.58,0.36,1.68
4.0,2023.0,United States,USA,Wind onshore,0,GW,143.25,0.67,2.35
5.0,2023.0,United States,USA,Wind onshore,0,GW,144.37,1.12,3.47
6.0,2023.0,United States,USA,Wind onshore,0,GW,144.32,-0.05,3.42
7.0,2023.0,United States,USA,Wind onshore,0,GW,144.58,0.26,3.68
8.0,2023.0,United States,USA,Wind onshore,0,GW,144.58,0.0,3.68
9.0,2023.0,United States,USA,Wind onshore,0,GW,144.68,0.1,3.78
10.0,2023.0,United States,USA,Wind onshore,0,GW,145.39,0.71,4.49
11.0,2023.0,United States,USA,Wind onshore,0,GW,145.39,0.0,4.49
12.0,2023.0,United States,USA,Wind onshore,0,GW,147.6,2.21,6.7
1.0,2024.0,United States,USA,Wind onshore,0,GW,148.38,0.78,0.78
2.0,2024.0,United States,USA,Wind onshore,0,GW,148.77,0.39,1.17
3.0,2024.0,United States,USA,Wind onshore,0,GW,148.9,0.13,1.3
4.0,2024.0,United States,USA,Wind onshore,0,GW,150.03,1.13,2.43
5.0,2024.0,United States,USA,Wind onshore,0,GW,150.11,0.08,2.51
6.0,2024.0,United States,USA,Wind onshore,0,GW,150.22,0.11,2.62
7.0,2024.0,United States,USA,Wind onshore,0,GW,150.6,0.38,3.0
8.0,2024.0,United States,USA,Wind onshore,0,GW,150.79,0.19,3.19
9.0,2024.0,United States,USA,Wind onshore,0,GW,150.93,0.14,3.33
10.0,2024.0,United States,USA,Wind onshore,0,GW,151.0,0.07,3.4
11.0,2024.0,United States,USA,Wind onshore,0,GW,151.0,0.0,3.4
12.0,2024.0,United States,USA,Wind onshore,0,GW,152.54,1.54,4.94
1.0,2025.0,United States,USA,Wind onshore,0,GW,153.09,0.55,0.55
2.0,2025.0,United States,USA,Wind onshore,0,GW,153.62,0.53,1.08
3.0,2025.0,United States,USA,Wind onshore,0,GW,153.64,0.02,1.1
4.0,2025.0,United States,USA,Wind onshore,0,GW,153.61,-0.03,1.07
5.0,2025.0,United States,USA,Wind onshore,0,GW,154.07,0.46,1.53
6.0,2025.0,United States,USA,Wind onshore,0,GW,154.68,0.61,2.14
1.0,2016.0,United States,USA,Wind,1,GW,73.09,0.51,0.51
2.0,2016.0,United States,USA,Wind,1,GW,73.34,0.25,0.76
3.0,2016.0,United States,USA,Wind,1,GW,73.75,0.41,1.17
4.0,2016.0,United States,USA,Wind,1,GW,73.32,-0.43,0.74
5.0,2016.0,United States,USA,Wind,1,GW,73.85,0.53,1.27
6.0,2016.0,United States,USA,Wind,1,GW,74.27,0.42,1.69
7.0,2016.0,United States,USA,Wind,1,GW,74.71,0.44,2.13
8.0,2016.0,United States,USA,Wind,1,GW,74.73,0.02,2.15
9.0,2016.0,United States,USA,Wind,1,GW,74.82,0.09,2.24
10.0,2016.0,United States,USA,Wind,1,GW,75.43,0.61,2.85
11.0,2016.0,United States,USA,Wind,1,GW,76.13,0.7,3.55
12.0,2016.0,United States,USA,Wind,1,GW,81.31,5.18,8.73
1.0,2017.0,United States,USA,Wind,1,GW,81.69,0.38,0.38
2.0,2017.0,United States,USA,Wind,1,GW,81.98,0.29,0.67
3.0,2017.0,United States,USA,Wind,1,GW,83.06,1.08,1.75
4.0,2017.0,United States,USA,Wind,1,GW,83.14,0.08,1.83
5.0,2017.0,United States,USA,Wind,1,GW,83.26,0.12,1.95
6.0,2017.0,United States,USA,Wind,1,GW,83.41,0.15,2.1
7.0,2017.0,United States,USA,Wind,1,GW,83.9,0.49,2.59
8.0,2017.0,United States,USA,Wind,1,GW,84.1,0.2,2.79
9.0,2017.0,United States,USA,Wind,1,GW,84.17,0.07,2.86
10.0,2017.0,United States,USA,Wind,1,GW,84.41,0.24,3.1
11.0,2017.0,United States,USA,Wind,1,GW,85.38,0.97,4.07
12.0,2017.0,United States,USA,Wind,1,GW,87.54,2.16,6.23
1.0,2018.0,United States,USA,Wind,1,GW,88.37,0.83,0.83
2.0,2018.0,United States,USA,Wind,1,GW,88.77,0.4,1.23
3.0,2018.0,United States,USA,Wind,1,GW,88.61,-0.16,1.07
4.0,2018.0,United States,USA,Wind,1,GW,88.62,0.01,1.08
5.0,2018.0,United States,USA,Wind,1,GW,88.61,-0.01,1.07
6.0,2018.0,United States,USA,Wind,1,GW,88.73,0.12,1.19
7.0,2018.0,United States,USA,Wind,1,GW,88.91,0.18,1.37
8.0,2018.0,United States,USA,Wind,1,GW,89.0,0.09,1.46
9.0,2018.0,United States,USA,Wind,1,GW,89.67,0.67,2.13
10.0,2018.0,United States,USA,Wind,1,GW,89.8,0.13,2.26
11.0,2018.0,United States,USA,Wind,1,GW,90.38,0.58,2.84
12.0,2018.0,United States,USA,Wind,1,GW,94.3,3.92,6.76
1.0,2019.0,United States,USA,Wind,1,GW,95.28,0.98,0.98
2.0,2019.0,United States,USA,Wind,1,GW,95.14,-0.14,0.84
3.0,2019.0,United States,USA,Wind,1,GW,96.43,1.29,2.13
4.0,2019.0,United States,USA,Wind,1,GW,96.64,0.21,2.34
5.0,2019.0,United States,USA,Wind,1,GW,96.87,0.23,2.57
6.0,2019.0,United States,USA,Wind,1,GW,98.11,1.24,3.81
7.0,2019.0,United States,USA,Wind,1,GW,98.39,0.28,4.09
8.0,2019.0,United States,USA,Wind,1,GW,98.96,0.57,4.66
9.0,2019.0,United States,USA,Wind,1,GW,99.52,0.56,5.22
10.0,2019.0,United States,USA,Wind,1,GW,100.07,0.55,5.77
11.0,2019.0,United States,USA,Wind,1,GW,100.83,0.76,6.53
12.0,2019.0,United States,USA,Wind,1,GW,103.59,2.76,9.29
1.0,2020.0,United States,USA,Wind,1,GW,104.3,0.71,0.71
2.0,2020.0,United States,USA,Wind,1,GW,104.41,0.11,0.82
3.0,2020.0,United States,USA,Wind,1,GW,105.92,1.51,2.33
4.0,2020.0,United States,USA,Wind,1,GW,106.14,0.22,2.55
5.0,2020.0,United States,USA,Wind,1,GW,106.96,0.82,3.37
6.0,2020.0,United States,USA,Wind,1,GW,107.67,0.71,4.08
7.0,2020.0,United States,USA,Wind,1,GW,107.89,0.22,4.3
8.0,2020.0,United States,USA,Wind,1,GW,108.43,0.54,4.84
9.0,2020.0,United States,USA,Wind,1,GW,109.23,0.8,5.64
10.0,2020.0,United States,USA,Wind,1,GW,109.55,0.32,5.96
11.0,2020.0,United States,USA,Wind,1,GW,110.98,1.43,7.39
12.0,2020.0,United States,USA,Wind,1,GW,117.74,6.76,14.15
1.0,2021.0,United States,USA,Wind,1,GW,119.41,1.67,1.67
2.0,2021.0,United States,USA,Wind,1,GW,120.61,1.2,2.87
3.0,2021.0,United States,USA,Wind,1,GW,121.49,0.88,3.75
4.0,2021.0,United States,USA,Wind,1,GW,121.92,0.43,4.18
5.0,2021.0,United States,USA,Wind,1,GW,123.06,1.14,5.32
6.0,2021.0,United States,USA,Wind,1,GW,124.69,1.63,6.95
7.0,2021.0,United States,USA,Wind,1,GW,126.15,1.46,8.41
8.0,2021.0,United States,USA,Wind,1,GW,126.49,0.34,8.75
9.0,2021.0,United States,USA,Wind,1,GW,126.84,0.35,9.1
10.0,2021.0,United States,USA,Wind,1,GW,128.25,1.41,10.51
11.0,2021.0,United States,USA,Wind,1,GW,129.39,1.14,11.65
12.0,2021.0,United States,USA,Wind,1,GW,132.4,3.01,14.66
1.0,2022.0,United States,USA,Wind,1,GW,133.73,1.33,1.33
2.0,2022.0,United States,USA,Wind,1,GW,133.86,0.13,1.46
3.0,2022.0,United States,USA,Wind,1,GW,135.16,1.3,2.76
4.0,2022.0,United States,USA,Wind,1,GW,137.02,1.86,4.62
5.0,2022.0,United States,USA,Wind,1,GW,137.23,0.21,4.83
6.0,2022.0,United States,USA,Wind,1,GW,137.61,0.38,5.21
7.0,2022.0,United States,USA,Wind,1,GW,137.58,-0.03,5.18
8.0,2022.0,United States,USA,Wind,1,GW,137.46,-0.12,5.06
9.0,2022.0,United States,USA,Wind,1,GW,138.15,0.69,5.75
10.0,2022.0,United States,USA,Wind,1,GW,138.43,0.28,6.03
11.0,2022.0,United States,USA,Wind,1,GW,139.26,0.83,6.86
12.0,2022.0,United States,USA,Wind,1,GW,140.94,1.68,8.54
1.0,2023.0,United States,USA,Wind,1,GW,141.74,0.8,0.8
2.0,2023.0,United States,USA,Wind,1,GW,142.26,0.52,1.32
3.0,2023.0,United States,USA,Wind,1,GW,142.62,0.36,1.68
4.0,2023.0,United States,USA,Wind,1,GW,143.29,0.67,2.35
5.0,2023.0,United States,USA,Wind,1,GW,144.41,1.12,3.47
6.0,2023.0,United States,USA,Wind,1,GW,144.36,-0.05,3.42
7.0,2023.0,United States,USA,Wind,1,GW,144.62,0.26,3.68
8.0,2023.0,United States,USA,Wind,1,GW,144.62,0.0,3.68
9.0,2023.0,United States,USA,Wind,1,GW,144.72,0.1,3.78
10.0,2023.0,United States,USA,Wind,1,GW,145.43,0.71,4.49
11.0,2023.0,United States,USA,Wind,1,GW,145.43,0.0,4.49
12.0,2023.0,United States,USA,Wind,1,GW,147.64,2.21,6.7
1.0,2024.0,United States,USA,Wind,1,GW,148.42,0.78,0.78
2.0,2024.0,United States,USA,Wind,1,GW,148.81,0.39,1.17
3.0,2024.0,United States,USA,Wind,1,GW,148.94,0.13,1.3
4.0,2024.0,United States,USA,Wind,1,GW,150.07,1.13,2.43
5.0,2024.0,United States,USA,Wind,1,GW,150.15,0.08,2.51
6.0,2024.0,United States,USA,Wind,1,GW,150.26,0.11,2.62
7.0,2024.0,United States,USA,Wind,1,GW,150.77,0.51,3.13
8.0,2024.0,United States,USA,Wind,1,GW,150.96,0.19,3.32
9.0,2024.0,United States,USA,Wind,1,GW,151.1,0.14,3.46
10.0,2024.0,United States,USA,Wind,1,GW,151.17,0.07,3.53
11.0,2024.0,United States,USA,Wind,1,GW,151.17,0.0,3.53
12.0,2024.0,United States,USA,Wind,1,GW,152.71,1.54,5.07
1.0,2025.0,United States,USA,Wind,1,GW,153.26,0.55,0.55
2.0,2025.0,United States,USA,Wind,1,GW,153.79,0.53,1.08
3.0,2025.0,United States,USA,Wind,1,GW,153.81,0.02,1.1
4.0,2025.0,United States,USA,Wind,1,GW,153.78,-0.03,1.07
5.0,2025.0,United States,USA,Wind,1,GW,154.24,0.46,1.53
6.0,2025.0,United States,USA,Wind,1,GW,154.85,0.61,2.14
1.0,2016.0,United States,USA,Wind and solar,1,GW,101.92,1.01,1.01
2.0,2016.0,United States,USA,Wind and solar,1,GW,102.77,0.85,1.86
3.0,2016.0,United States,USA,Wind and solar,1,GW,103.82,1.05,2.91
4.0,2016.0,United States,USA,Wind and solar,1,GW,104.27,0.45,3.36
5.0,2016.0,United States,USA,Wind and solar,1,GW,105.28,1.01,4.37
6.0,2016.0,United States,USA,Wind and solar,1,GW,106.3,1.02,5.39
7.0,2016.0,United States,USA,Wind and solar,1,GW,107.92,1.62,7.01
8.0,2016.0,United States,USA,Wind and solar,1,GW,112.01,4.09,11.1
9.0,2016.0,United States,USA,Wind and solar,1,GW,113.36,1.35,12.45
10.0,2016.0,United States,USA,Wind and solar,1,GW,115.07,1.71,14.16
11.0,2016.0,United States,USA,Wind and solar,1,GW,116.76,1.69,15.85
12.0,2016.0,United States,USA,Wind and solar,1,GW,126.43,9.67,25.52
1.0,2017.0,United States,USA,Wind and solar,1,GW,127.54,1.11,1.11
2.0,2017.0,United States,USA,Wind and solar,1,GW,128.65,1.11,2.22
3.0,2017.0,United States,USA,Wind and solar,1,GW,130.68,2.03,4.25
4.0,2017.0,United States,USA,Wind and solar,1,GW,131.75,1.07,5.32
5.0,2017.0,United States,USA,Wind and solar,1,GW,132.67,0.92,6.24
6.0,2017.0,United States,USA,Wind and solar,1,GW,133.38,0.71,6.95
7.0,2017.0,United States,USA,Wind and solar,1,GW,134.65,1.27,8.22
8.0,2017.0,United States,USA,Wind and solar,1,GW,135.4,0.75,8.97
9.0,2017.0,United States,USA,Wind and solar,1,GW,135.69,0.29,9.26
10.0,2017.0,United States,USA,Wind and solar,1,GW,136.77,1.08,10.34
11.0,2017.0,United States,USA,Wind and solar,1,GW,138.85,2.08,12.42
12.0,2017.0,United States,USA,Wind and solar,1,GW,143.28,4.43,16.85
1.0,2018.0,United States,USA,Wind and solar,1,GW,145.71,2.43,2.43
2.0,2018.0,United States,USA,Wind and solar,1,GW,146.57,0.86,3.29
3.0,2018.0,United States,USA,Wind and solar,1,GW,147.27,0.7,3.99
4.0,2018.0,United States,USA,Wind and solar,1,GW,148.04,0.77,4.76
5.0,2018.0,United States,USA,Wind and solar,1,GW,149.05,1.01,5.77
6.0,2018.0,United States,USA,Wind and solar,1,GW,149.92,0.87,6.64
7.0,2018.0,United States,USA,Wind and solar,1,GW,150.71,0.79,7.43
8.0,2018.0,United States,USA,Wind and solar,1,GW,151.06,0.35,7.78
9.0,2018.0,United States,USA,Wind and solar,1,GW,152.54,1.48,9.26
10.0,2018.0,United States,USA,Wind and solar,1,GW,153.23,0.69,9.95
11.0,2018.0,United States,USA,Wind and solar,1,GW,154.9,1.67,11.62
12.0,2018.0,United States,USA,Wind and solar,1,GW,161.18,6.28,17.9
1.0,2019.0,United States,USA,Wind and solar,1,GW,163.44,2.26,2.26
2.0,2019.0,United States,USA,Wind and solar,1,GW,163.06,-0.38,1.88
3.0,2019.0,United States,USA,Wind and solar,1,GW,165.94,2.88,4.76
4.0,2019.0,United States,USA,Wind and solar,1,GW,166.67,0.73,5.49
5.0,2019.0,United States,USA,Wind and solar,1,GW,167.08,0.41,5.9
6.0,2019.0,United States,USA,Wind and solar,1,GW,169.14,2.06,7.96
7.0,2019.0,United States,USA,Wind and solar,1,GW,170.24,1.1,9.06
8.0,2019.0,United States,USA,Wind and solar,1,GW,171.44,1.2,10.26
9.0,2019.0,United States,USA,Wind and solar,1,GW,172.7,1.26,11.52
10.0,2019.0,United States,USA,Wind and solar,1,GW,174.31,1.61,13.13
11.0,2019.0,United States,USA,Wind and solar,1,GW,176.35,2.04,15.17
12.0,2019.0,United States,USA,Wind and solar,1,GW,182.29,5.94,21.11
1.0,2020.0,United States,USA,Wind and solar,1,GW,184.83,2.54,2.54
2.0,2020.0,United States,USA,Wind and solar,1,GW,186.04,1.21,3.75
3.0,2020.0,United States,USA,Wind and solar,1,GW,188.42,2.38,6.13
4.0,2020.0,United States,USA,Wind and solar,1,GW,189.67,1.25,7.38
5.0,2020.0,United States,USA,Wind and solar,1,GW,191.42,1.75,9.13
6.0,2020.0,United States,USA,Wind and solar,1,GW,194.32,2.9,12.03
7.0,2020.0,United States,USA,Wind and solar,1,GW,195.56,1.24,13.27
8.0,2020.0,United States,USA,Wind and solar,1,GW,197.7,2.14,15.41
9.0,2020.0,United States,USA,Wind and solar,1,GW,199.79,2.09,17.5
10.0,2020.0,United States,USA,Wind and solar,1,GW,200.93,1.14,18.64
11.0,2020.0,United States,USA,Wind and solar,1,GW,204.01,3.08,21.72
12.0,2020.0,United States,USA,Wind and solar,1,GW,215.98,11.97,33.69
1.0,2021.0,United States,USA,Wind and solar,1,GW,218.85,2.87,2.87
2.0,2021.0,United States,USA,Wind and solar,1,GW,221.52,2.67,5.54
3.0,2021.0,United States,USA,Wind and solar,1,GW,224.96,3.44,8.98
4.0,2021.0,United States,USA,Wind and solar,1,GW,226.6,1.64,10.62
5.0,2021.0,United States,USA,Wind and solar,1,GW,229.23,2.63,13.25
6.0,2021.0,United States,USA,Wind and solar,1,GW,232.54,3.31,16.56
7.0,2021.0,United States,USA,Wind and solar,1,GW,235.25,2.71,19.27
8.0,2021.0,United States,USA,Wind and solar,1,GW,238.19,2.94,22.21
9.0,2021.0,United States,USA,Wind and solar,1,GW,240.21,2.02,24.23
10.0,2021.0,United States,USA,Wind and solar,1,GW,243.27,3.06,27.29
11.0,2021.0,United States,USA,Wind and solar,1,GW,246.32,3.05,30.34
12.0,2021.0,United States,USA,Wind and solar,1,GW,254.57,8.25,38.59
1.0,2022.0,United States,USA,Wind and solar,1,GW,257.75,3.18,3.18
2.0,2022.0,United States,USA,Wind and solar,1,GW,259.39,1.64,4.82
3.0,2022.0,United States,USA,Wind and solar,1,GW,262.94,3.55,8.37
4.0,2022.0,United States,USA,Wind and solar,1,GW,265.86,2.92,11.29
5.0,2022.0,United States,USA,Wind and solar,1,GW,267.84,1.98,13.27
6.0,2022.0,United States,USA,Wind and solar,1,GW,270.04,2.2,15.47
7.0,2022.0,United States,USA,Wind and solar,1,GW,271.27,1.23,16.7
8.0,2022.0,United States,USA,Wind and solar,1,GW,272.82,1.55,18.25
9.0,2022.0,United States,USA,Wind and solar,1,GW,275.74,2.92,21.17
10.0,2022.0,United States,USA,Wind and solar,1,GW,277.83,2.09,23.26
11.0,2022.0,United States,USA,Wind and solar,1,GW,280.88,3.05,26.31
12.0,2022.0,United States,USA,Wind and solar,1,GW,286.02,5.14,31.45
1.0,2023.0,United States,USA,Wind and solar,1,GW,290.33,4.31,4.31
2.0,2023.0,United States,USA,Wind and solar,1,GW,292.67,2.34,6.65
3.0,2023.0,United States,USA,Wind and solar,1,GW,295.11,2.44,9.09
4.0,2023.0,United States,USA,Wind and solar,1,GW,297.95,2.84,11.93
5.0,2023.0,United States,USA,Wind and solar,1,GW,300.85,2.9,14.83
6.0,2023.0,United States,USA,Wind and solar,1,GW,304.03,3.18,18.01
7.0,2023.0,United States,USA,Wind and solar,1,GW,307.72,3.69,21.7
8.0,2023.0,United States,USA,Wind and solar,1,GW,309.62,1.9,23.6
9.0,2023.0,United States,USA,Wind and solar,1,GW,311.76,2.14,25.74
10.0,2023.0,United States,USA,Wind and solar,1,GW,315.31,3.55,29.29
11.0,2023.0,United States,USA,Wind and solar,1,GW,317.08,1.77,31.06
12.0,2023.0,United States,USA,Wind and solar,1,GW,328.35,11.27,42.33
1.0,2024.0,United States,USA,Wind and solar,1,GW,334.06,5.71,5.71
2.0,2024.0,United States,USA,Wind and solar,1,GW,336.39,2.33,8.04
3.0,2024.0,United States,USA,Wind and solar,1,GW,340.7,4.31,12.35
4.0,2024.0,United States,USA,Wind and solar,1,GW,344.15,3.45,15.8
5.0,2024.0,United States,USA,Wind and solar,1,GW,347.33,3.18,18.98
6.0,2024.0,United States,USA,Wind and solar,1,GW,351.19,3.86,22.84
7.0,2024.0,United States,USA,Wind and solar,1,GW,353.26,2.07,24.91
8.0,2024.0,United States,USA,Wind and solar,1,GW,356.45,3.19,28.1
9.0,2024.0,United States,USA,Wind and solar,1,GW,360.17,3.72,31.82
10.0,2024.0,United States,USA,Wind and solar,1,GW,365.48,5.31,37.13
11.0,2024.0,United States,USA,Wind and solar,1,GW,373.07,7.59,44.72
12.0,2024.0,United States,USA,Wind and solar,1,GW,381.39,8.32,53.04
1.0,2025.0,United States,USA,Wind and solar,1,GW,386.45,5.06,5.06
2.0,2025.0,United States,USA,Wind and solar,1,GW,390.83,4.38,9.44
3.0,2025.0,United States,USA,Wind and solar,1,GW,395.19,4.36,13.8
4.0,2025.0,United States,USA,Wind and solar,1,GW,397.98,2.79,16.59
5.0,2025.0,United States,USA,Wind and solar,1,GW,400.67,2.69,19.28
6.0,2025.0,United States,USA,Wind and solar,1,GW,404.53,3.86,23.14
7.0,2022.0,South Africa,ZAF,Solar,0,GWAC,5.13,,
8.0,2022.0,South Africa,ZAF,Solar,0,GWAC,5.2,0.07,
9.0,2022.0,South Africa,ZAF,Solar,0,GWAC,5.2,0.0,
10.0,2022.0,South Africa,ZAF,Solar,0,GWAC,5.2,0.0,
11.0,2022.0,South Africa,ZAF,Solar,0,GWAC,5.27,0.07,
12.0,2022.0,South Africa,ZAF,Solar,0,GWAC,5.44,0.17,
1.0,2023.0,South Africa,ZAF,Solar,0,GWAC,5.94,0.5,0.5
2.0,2023.0,South Africa,ZAF,Solar,0,GWAC,6.0,0.06,0.56
3.0,2023.0,South Africa,ZAF,Solar,0,GWAC,6.1,0.1,0.66
4.0,2023.0,South Africa,ZAF,Solar,0,GWAC,6.23,0.13,0.79
5.0,2023.0,South Africa,ZAF,Solar,0,GWAC,6.9,0.67,1.46
6.0,2023.0,South Africa,ZAF,Solar,0,GWAC,7.27,0.37,1.83
7.0,2023.0,South Africa,ZAF,Solar,0,GWAC,7.6,0.33,2.16
8.0,2023.0,South Africa,ZAF,Solar,0,GWAC,7.67,0.07,2.23
9.0,2023.0,South Africa,ZAF,Solar,0,GWAC,7.75,0.08,2.31
10.0,2023.0,South Africa,ZAF,Solar,0,GWAC,7.87,0.12,2.43
11.0,2023.0,South Africa,ZAF,Solar,0,GWAC,7.9,0.03,2.46
12.0,2023.0,South Africa,ZAF,Solar,0,GWAC,8.07,0.17,2.63
1.0,2024.0,South Africa,ZAF,Solar,0,GWAC,8.27,0.2,0.2
2.0,2024.0,South Africa,ZAF,Solar,0,GWAC,8.3,0.03,0.23
3.0,2024.0,South Africa,ZAF,Solar,0,GWAC,8.3,0.0,0.23
4.0,2024.0,South Africa,ZAF,Solar,0,GWAC,8.35,0.05,0.28
5.0,2024.0,South Africa,ZAF,Solar,0,GWAC,8.43,0.08,0.36
6.0,2024.0,South Africa,ZAF,Solar,0,GWAC,8.65,0.22,0.58
7.0,2024.0,South Africa,ZAF,Solar,0,GWAC,8.81,0.16,0.74
8.0,2024.0,South Africa,ZAF,Solar,0,GWAC,8.81,0.0,0.74
9.0,2024.0,South Africa,ZAF,Solar,0,GWAC,9.0,0.19,0.93
10.0,2024.0,South Africa,ZAF,Solar,0,GWAC,9.03,0.03,0.96
11.0,2024.0,South Africa,ZAF,Solar,0,GWAC,9.03,0.0,0.96
12.0,2024.0,South Africa,ZAF,Solar,0,GWAC,9.03,0.0,0.96
1.0,2025.0,South Africa,ZAF,Solar,0,GWAC,9.11,0.08,0.08
2.0,2025.0,South Africa,ZAF,Solar,0,GWAC,9.11,0.0,0.08
3.0,2025.0,South Africa,ZAF,Solar,0,GWAC,9.04,-0.07,0.01
4.0,2025.0,South Africa,ZAF,Solar,0,GWAC,9.07,0.03,0.04
5.0,2025.0,South Africa,ZAF,Solar,0,GWAC,9.21,0.14,0.18
6.0,2025.0,South Africa,ZAF,Solar,0,GWAC,9.76,0.55,0.73
7.0,2025.0,South Africa,ZAF,Solar,0,GWAC,10.0,0.24,0.97
7.0,2022.0,South Africa,ZAF,Solar,0,GWDC,6.66,,
8.0,2022.0,South Africa,ZAF,Solar,0,GWDC,6.75,0.09,
9.0,2022.0,South Africa,ZAF,Solar,0,GWDC,6.75,0.0,
10.0,2022.0,South Africa,ZAF,Solar,0,GWDC,6.75,0.0,
11.0,2022.0,South Africa,ZAF,Solar,0,GWDC,6.85,0.1,
12.0,2022.0,South Africa,ZAF,Solar,0,GWDC,7.07,0.22,
1.0,2023.0,South Africa,ZAF,Solar,0,GWDC,7.72,0.65,0.65
2.0,2023.0,South Africa,ZAF,Solar,0,GWDC,7.8,0.08,0.73
3.0,2023.0,South Africa,ZAF,Solar,0,GWDC,7.94,0.14,0.87
4.0,2023.0,South Africa,ZAF,Solar,0,GWDC,8.1,0.16,1.03
5.0,2023.0,South Africa,ZAF,Solar,0,GWDC,8.97,0.87,1.9
6.0,2023.0,South Africa,ZAF,Solar,0,GWDC,9.46,0.49,2.39
7.0,2023.0,South Africa,ZAF,Solar,0,GWDC,9.88,0.42,2.81
8.0,2023.0,South Africa,ZAF,Solar,0,GWDC,9.98,0.1,2.91
9.0,2023.0,South Africa,ZAF,Solar,0,GWDC,10.07,0.09,3.0
10.0,2023.0,South Africa,ZAF,Solar,0,GWDC,10.23,0.16,3.16
11.0,2023.0,South Africa,ZAF,Solar,0,GWDC,10.27,0.04,3.2
12.0,2023.0,South Africa,ZAF,Solar,0,GWDC,10.49,0.22,3.42
1.0,2024.0,South Africa,ZAF,Solar,0,GWDC,10.76,0.27,0.27
2.0,2024.0,South Africa,ZAF,Solar,0,GWDC,10.79,0.03,0.3
3.0,2024.0,South Africa,ZAF,Solar,0,GWDC,10.79,0.0,0.3
4.0,2024.0,South Africa,ZAF,Solar,0,GWDC,10.86,0.07,0.37
5.0,2024.0,South Africa,ZAF,Solar,0,GWDC,10.96,0.1,0.47
6.0,2024.0,South Africa,ZAF,Solar,0,GWDC,11.25,0.29,0.76
7.0,2024.0,South Africa,ZAF,Solar,0,GWDC,11.46,0.21,0.97
8.0,2024.0,South Africa,ZAF,Solar,0,GWDC,11.46,0.0,0.97
9.0,2024.0,South Africa,ZAF,Solar,0,GWDC,11.7,0.24,1.21
10.0,2024.0,South Africa,ZAF,Solar,0,GWDC,11.74,0.04,1.25
11.0,2024.0,South Africa,ZAF,Solar,0,GWDC,11.74,0.0,1.25
12.0,2024.0,South Africa,ZAF,Solar,0,GWDC,11.74,0.0,1.25
1.0,2025.0,South Africa,ZAF,Solar,0,GWDC,11.85,0.11,0.11
2.0,2025.0,South Africa,ZAF,Solar,0,GWDC,11.85,0.0,0.11
3.0,2025.0,South Africa,ZAF,Solar,0,GWDC,11.75,-0.1,0.01
4.0,2025.0,South Africa,ZAF,Solar,0,GWDC,11.79,0.04,0.05
5.0,2025.0,South Africa,ZAF,Solar,0,GWDC,11.97,0.18,0.23
6.0,2025.0,South Africa,ZAF,Solar,0,GWDC,12.69,0.72,0.95
7.0,2025.0,South Africa,ZAF,Solar,0,GWDC,13.0,0.31,1.26
7.0,2022.0,South Africa,ZAF,Wind onshore,0,GW,3.52,,
8.0,2022.0,South Africa,ZAF,Wind onshore,0,GW,3.52,0.0,
9.0,2022.0,South Africa,ZAF,Wind onshore,0,GW,3.52,0.0,
10.0,2022.0,South Africa,ZAF,Wind onshore,0,GW,3.52,0.0,
11.0,2022.0,South Africa,ZAF,Wind onshore,0,GW,3.52,0.0,
12.0,2022.0,South Africa,ZAF,Wind onshore,0,GW,3.52,0.0,
1.0,2023.0,South Africa,ZAF,Wind onshore,0,GW,3.52,0.0,0.0
2.0,2023.0,South Africa,ZAF,Wind onshore,0,GW,3.52,0.0,0.0
3.0,2023.0,South Africa,ZAF,Wind onshore,0,GW,3.52,0.0,0.0
4.0,2023.0,South Africa,ZAF,Wind onshore,0,GW,3.52,0.0,0.0
5.0,2023.0,South Africa,ZAF,Wind onshore,0,GW,3.52,0.0,0.0
6.0,2023.0,South Africa,ZAF,Wind onshore,0,GW,3.52,0.0,0.0
7.0,2023.0,South Africa,ZAF,Wind onshore,0,GW,3.52,0.0,0.0
8.0,2023.0,South Africa,ZAF,Wind onshore,0,GW,3.52,0.0,0.0
9.0,2023.0,South Africa,ZAF,Wind onshore,0,GW,3.52,0.0,0.0
10.0,2023.0,South Africa,ZAF,Wind onshore,0,GW,3.52,0.0,0.0
11.0,2023.0,South Africa,ZAF,Wind onshore,0,GW,3.52,0.0,0.0
12.0,2023.0,South Africa,ZAF,Wind onshore,0,GW,3.52,0.0,0.0
1.0,2024.0,South Africa,ZAF,Wind onshore,0,GW,3.52,0.0,0.0
2.0,2024.0,South Africa,ZAF,Wind onshore,0,GW,3.52,0.0,0.0
3.0,2024.0,South Africa,ZAF,Wind onshore,0,GW,3.52,0.0,0.0
4.0,2024.0,South Africa,ZAF,Wind onshore,0,GW,3.52,0.0,0.0
5.0,2024.0,South Africa,ZAF,Wind onshore,0,GW,3.52,0.0,0.0
6.0,2024.0,South Africa,ZAF,Wind onshore,0,GW,3.52,0.0,0.0
7.0,2024.0,South Africa,ZAF,Wind onshore,0,GW,3.52,0.0,0.0
8.0,2024.0,South Africa,ZAF,Wind onshore,0,GW,3.52,0.0,0.0
9.0,2024.0,South Africa,ZAF,Wind onshore,0,GW,3.52,0.0,0.0
10.0,2024.0,South Africa,ZAF,Wind onshore,0,GW,3.52,0.0,0.0
11.0,2024.0,South Africa,ZAF,Wind onshore,0,GW,3.52,0.0,0.0
12.0,2024.0,South Africa,ZAF,Wind onshore,0,GW,3.52,0.0,0.0
1.0,2025.0,South Africa,ZAF,Wind onshore,0,GW,3.52,0.0,0.0
2.0,2025.0,South Africa,ZAF,Wind onshore,0,GW,3.66,0.14,0.14
3.0,2025.0,South Africa,ZAF,Wind onshore,0,GW,3.52,-0.14,0.0
4.0,2025.0,South Africa,ZAF,Wind onshore,0,GW,3.78,0.26,0.26
5.0,2025.0,South Africa,ZAF,Wind onshore,0,GW,3.78,0.0,0.26
6.0,2025.0,South Africa,ZAF,Wind onshore,0,GW,3.88,0.1,0.36
7.0,2025.0,South Africa,ZAF,Wind onshore,0,GW,4.16,0.28,0.64
7.0,2022.0,South Africa,ZAF,Wind,1,GW,3.52,,
8.0,2022.0,South Africa,ZAF,Wind,1,GW,3.52,0.0,
9.0,2022.0,South Africa,ZAF,Wind,1,GW,3.52,0.0,
10.0,2022.0,South Africa,ZAF,Wind,1,GW,3.52,0.0,
11.0,2022.0,South Africa,ZAF,Wind,1,GW,3.52,0.0,
12.0,2022.0,South Africa,ZAF,Wind,1,GW,3.52,0.0,
1.0,2023.0,South Africa,ZAF,Wind,1,GW,3.52,0.0,0.0
2.0,2023.0,South Africa,ZAF,Wind,1,GW,3.52,0.0,0.0
3.0,2023.0,South Africa,ZAF,Wind,1,GW,3.52,0.0,0.0
4.0,2023.0,South Africa,ZAF,Wind,1,GW,3.52,0.0,0.0
5.0,2023.0,South Africa,ZAF,Wind,1,GW,3.52,0.0,0.0
6.0,2023.0,South Africa,ZAF,Wind,1,GW,3.52,0.0,0.0
7.0,2023.0,South Africa,ZAF,Wind,1,GW,3.52,0.0,0.0
8.0,2023.0,South Africa,ZAF,Wind,1,GW,3.52,0.0,0.0
9.0,2023.0,South Africa,ZAF,Wind,1,GW,3.52,0.0,0.0
10.0,2023.0,South Africa,ZAF,Wind,1,GW,3.52,0.0,0.0
11.0,2023.0,South Africa,ZAF,Wind,1,GW,3.52,0.0,0.0
12.0,2023.0,South Africa,ZAF,Wind,1,GW,3.52,0.0,0.0
1.0,2024.0,South Africa,ZAF,Wind,1,GW,3.52,0.0,0.0
2.0,2024.0,South Africa,ZAF,Wind,1,GW,3.52,0.0,0.0
3.0,2024.0,South Africa,ZAF,Wind,1,GW,3.52,0.0,0.0
4.0,2024.0,South Africa,ZAF,Wind,1,GW,3.52,0.0,0.0
5.0,2024.0,South Africa,ZAF,Wind,1,GW,3.52,0.0,0.0
6.0,2024.0,South Africa,ZAF,Wind,1,GW,3.52,0.0,0.0
7.0,2024.0,South Africa,ZAF,Wind,1,GW,3.52,0.0,0.0
8.0,2024.0,South Africa,ZAF,Wind,1,GW,3.52,0.0,0.0
9.0,2024.0,South Africa,ZAF,Wind,1,GW,3.52,0.0,0.0
10.0,2024.0,South Africa,ZAF,Wind,1,GW,3.52,0.0,0.0
11.0,2024.0,South Africa,ZAF,Wind,1,GW,3.52,0.0,0.0
12.0,2024.0,South Africa,ZAF,Wind,1,GW,3.52,0.0,0.0
1.0,2025.0,South Africa,ZAF,Wind,1,GW,3.52,0.0,0.0
2.0,2025.0,South Africa,ZAF,Wind,1,GW,3.66,0.14,0.14
3.0,2025.0,South Africa,ZAF,Wind,1,GW,3.52,-0.14,0.0
4.0,2025.0,South Africa,ZAF,Wind,1,GW,3.78,0.26,0.26
5.0,2025.0,South Africa,ZAF,Wind,1,GW,3.78,0.0,0.26
6.0,2025.0,South Africa,ZAF,Wind,1,GW,3.88,0.1,0.36
7.0,2025.0,South Africa,ZAF,Wind,1,GW,4.16,0.28,0.64
7.0,2022.0,South Africa,ZAF,Wind and solar,1,GW,10.18,,
8.0,2022.0,South Africa,ZAF,Wind and solar,1,GW,10.27,0.09,
9.0,2022.0,South Africa,ZAF,Wind and solar,1,GW,10.27,0.0,
10.0,2022.0,South Africa,ZAF,Wind and solar,1,GW,10.27,0.0,
11.0,2022.0,South Africa,ZAF,Wind and solar,1,GW,10.36,0.09,
12.0,2022.0,South Africa,ZAF,Wind and solar,1,GW,10.58,0.22,
1.0,2023.0,South Africa,ZAF,Wind and solar,1,GW,11.24,0.66,0.66
2.0,2023.0,South Africa,ZAF,Wind and solar,1,GW,11.32,0.08,0.74
3.0,2023.0,South Africa,ZAF,Wind and solar,1,GW,11.45,0.13,0.87
4.0,2023.0,South Africa,ZAF,Wind and solar,1,GW,11.62,0.17,1.04
5.0,2023.0,South Africa,ZAF,Wind and solar,1,GW,12.49,0.87,1.91
6.0,2023.0,South Africa,ZAF,Wind and solar,1,GW,12.97,0.48,2.39
7.0,2023.0,South Africa,ZAF,Wind and solar,1,GW,13.4,0.43,2.82
8.0,2023.0,South Africa,ZAF,Wind and solar,1,GW,13.49,0.09,2.91
9.0,2023.0,South Africa,ZAF,Wind and solar,1,GW,13.59,0.1,3.01
10.0,2023.0,South Africa,ZAF,Wind and solar,1,GW,13.74,0.15,3.16
11.0,2023.0,South Africa,ZAF,Wind and solar,1,GW,13.79,0.05,3.21
12.0,2023.0,South Africa,ZAF,Wind and solar,1,GW,14.0,0.21,3.42
1.0,2024.0,South Africa,ZAF,Wind and solar,1,GW,14.27,0.27,0.27
2.0,2024.0,South Africa,ZAF,Wind and solar,1,GW,14.31,0.04,0.31
3.0,2024.0,South Africa,ZAF,Wind and solar,1,GW,14.31,0.0,0.31
4.0,2024.0,South Africa,ZAF,Wind and solar,1,GW,14.38,0.07,0.38
5.0,2024.0,South Africa,ZAF,Wind and solar,1,GW,14.47,0.09,0.47
6.0,2024.0,South Africa,ZAF,Wind and solar,1,GW,14.77,0.3,0.77
7.0,2024.0,South Africa,ZAF,Wind and solar,1,GW,14.98,0.21,0.98
8.0,2024.0,South Africa,ZAF,Wind and solar,1,GW,14.98,0.0,0.98
9.0,2024.0,South Africa,ZAF,Wind and solar,1,GW,15.22,0.24,1.22
10.0,2024.0,South Africa,ZAF,Wind and solar,1,GW,15.25,0.03,1.25
11.0,2024.0,South Africa,ZAF,Wind and solar,1,GW,15.25,0.0,1.25
12.0,2024.0,South Africa,ZAF,Wind and solar,1,GW,15.25,0.0,1.25
1.0,2025.0,South Africa,ZAF,Wind and solar,1,GW,15.37,0.12,0.12
2.0,2025.0,South Africa,ZAF,Wind and solar,1,GW,15.51,0.14,0.26
3.0,2025.0,South Africa,ZAF,Wind and solar,1,GW,15.27,-0.24,0.02
4.0,2025.0,South Africa,ZAF,Wind and solar,1,GW,15.57,0.3,0.32
5.0,2025.0,South Africa,ZAF,Wind and solar,1,GW,15.76,0.19,0.51
6.0,2025.0,South Africa,ZAF,Wind and solar,1,GW,16.57,0.81,1.32
7.0,2025.0,South Africa,ZAF,Wind and solar,1,GW,17.16,0.59,1.91
